#
# A fatal error has been detected by the Java Runtime Environment:
#
#  SIGSEGV (0xb) at pc=0x0000793f70b6d477, pid=1068445, tid=1073604
#
# JRE version: OpenJDK Runtime Environment Temurin-21.0.10+7 (21.0.10+7) (build 21.0.10+7-LTS)
# Java VM: OpenJDK 64-Bit Server VM Temurin-21.0.10+7 (21.0.10+7-LTS, mixed mode, sharing, tiered, compressed oops, compressed class ptrs, g1 gc, linux-amd64)
# Problematic frame:
# J 13673 c2 java.util.HashSet.iterator()Ljava/util/Iterator; java.base@21.0.10 (13 bytes) @ 0x0000793f70b6d477 [0x0000793f70b6d280+0x00000000000001f7]
#
# Core dump will be written. Default location: Core dumps may be processed with "/usr/share/apport/apport -p%p -s%s -c%c -d%d -P%P -u%u -g%g -F%F -- %E" (or dumping to /tank/var/user/dev/kigawa-net/kalender/core.1068445)
#
# If you would like to submit a bug report, please visit:
#   https://github.com/adoptium/adoptium-support/issues
#

---------------  S U M M A R Y ------------

Command Line: --add-opens=java.base/java.lang=ALL-UNNAMED --add-opens=java.base/java.lang.invoke=ALL-UNNAMED --add-opens=java.base/java.util=ALL-UNNAMED --add-opens=java.prefs/java.util.prefs=ALL-UNNAMED --add-exports=jdk.compiler/com.sun.tools.javac.api=ALL-UNNAMED --add-exports=jdk.compiler/com.sun.tools.javac.util=ALL-UNNAMED --add-opens=java.base/java.util=ALL-UNNAMED --add-opens=java.prefs/java.util.prefs=ALL-UNNAMED --add-opens=java.base/java.nio.charset=ALL-UNNAMED --add-opens=java.base/java.net=ALL-UNNAMED --add-opens=java.base/java.util.concurrent=ALL-UNNAMED --add-opens=java.base/java.util.concurrent.atomic=ALL-UNNAMED --add-opens=java.xml/javax.xml.namespace=ALL-UNNAMED --add-opens=java.base/java.time=ALL-UNNAMED -Xmx2048m -Dfile.encoding=UTF-8 -Duser.country=JP -Duser.language=ja -Duser.variant -javaagent:/home/kigawa/.gradle/wrapper/dists/gradle-9.2.1-bin/2t0n5ozlw9xmuyvbp7dnzaxug/gradle-9.2.1/lib/agents/gradle-instrumentation-agent-9.2.1.jar org.gradle.launcher.daemon.bootstrap.GradleDaemon 9.2.1

Host: 12th Gen Intel(R) Core(TM) i7-12700, 20 cores, 54G, Ubuntu 24.04.4 LTS
Time: Fri May 29 11:09:32 2026 JST elapsed time: 43.574652 seconds (0d 0h 0m 43s)

---------------  T H R E A D  ---------------

Current thread (0x0000793db800b940):  JavaThread "Execution worker Thread 4"        [_thread_in_Java, id=1073604, stack(0x0000793e27000000,0x0000793e27100000) (1024K)]

Stack: [0x0000793e27000000,0x0000793e27100000],  sp=0x0000793e270fabf0,  free space=1002k
Native frames: (J=compiled Java code, j=interpreted, Vv=VM code, C=native code)
J 13673 c2 java.util.HashSet.iterator()Ljava/util/Iterator; java.base@21.0.10 (13 bytes) @ 0x0000793f70b6d477 [0x0000793f70b6d280+0x00000000000001f7]
j  org.jetbrains.kotlin.gradle.internal.kapt.incremental.ClasspathSnapshot.findAllImpacted(Ljava/util/Set;)Ljava/util/Set;+126
j  org.jetbrains.kotlin.gradle.internal.kapt.incremental.ClasspathSnapshot.diff(Lorg/jetbrains/kotlin/gradle/internal/kapt/incremental/ClasspathSnapshot;Ljava/util/Set;)Lorg/jetbrains/kotlin/gradle/internal/kapt/incremental/KaptClasspathChanges;+859
j  com.google.devtools.ksp.gradle.KspSubpluginKt.findClasspathChanges(Lorg/jetbrains/kotlin/buildtools/api/SourcesChanges;Ljava/io/File;Ljava/util/Set;Ljava/util/List;Ljava/util/List;)Lorg/jetbrains/kotlin/gradle/internal/kapt/incremental/KaptClasspathChanges;+346
j  com.google.devtools.ksp.gradle.KspSubpluginKt.getCPChanges(Lorg/gradle/work/InputChanges;Ljava/util/List;Ljava/io/File;Lorg/gradle/api/file/FileCollection;Lorg/gradle/api/file/FileCollection;Lorg/gradle/api/file/FileCollection;)Ljava/util/List;+434
j  com.google.devtools.ksp.gradle.KspAATask.execute(Lorg/gradle/work/InputChanges;)V+484
J 13644 c1 java.lang.invoke.LambdaForm$DMH+0x0000793f0c18c000.invokeSpecial(Ljava/lang/Object;Ljava/lang/Object;Ljava/lang/Object;)V java.base@21.0.10 (15 bytes) @ 0x0000793f69029b44 [0x0000793f69029760+0x00000000000003e4]
J 13607 c1 java.lang.invoke.LambdaForm$MH+0x0000793f0c01cc00.invoke(Ljava/lang/Object;Ljava/lang/Object;Ljava/lang/Object;)Ljava/lang/Object; java.base@21.0.10 (57 bytes) @ 0x0000793f68fdb2ec [0x0000793f68fdab20+0x00000000000007cc]
J 13406 c2 jdk.internal.reflect.DirectMethodHandleAccessor.invoke(Ljava/lang/Object;[Ljava/lang/Object;)Ljava/lang/Object; java.base@21.0.10 (92 bytes) @ 0x0000793f706e4d3c [0x0000793f706e4a40+0x00000000000002fc]
J 3277 c1 org.gradle.internal.reflect.JavaMethod.invoke(Ljava/lang/Object;[Ljava/lang/Object;)Ljava/lang/Object; (87 bytes) @ 0x0000793f68e73a24 [0x0000793f68e734c0+0x0000000000000564]
j  org.gradle.api.internal.project.taskfactory.IncrementalTaskAction.doExecute(Lorg/gradle/api/Task;Ljava/lang/String;)V+28
j  org.gradle.api.internal.project.taskfactory.StandardTaskAction.execute(Lorg/gradle/api/Task;)V+32
j  org.gradle.api.internal.project.taskfactory.IncrementalTaskAction.execute(Lorg/gradle/api/Task;)V+2
j  org.gradle.api.internal.project.taskfactory.StandardTaskAction.execute(Ljava/lang/Object;)V+5
j  org.gradle.api.internal.tasks.execution.TaskExecution$3.run(Lorg/gradle/internal/operations/BuildOperationContext;)V+23
J 10780 c1 org.gradle.internal.operations.DefaultBuildOperationRunner$1.execute(Lorg/gradle/internal/operations/BuildOperation;Lorg/gradle/internal/operations/BuildOperationContext;)V (10 bytes) @ 0x0000793f69ab889c [0x0000793f69ab8640+0x000000000000025c]
J 30559 c2 org.gradle.internal.operations.DefaultBuildOperationRunner.execute(Lorg/gradle/internal/operations/BuildOperation;Lorg/gradle/internal/operations/BuildOperationWorker;)V (22 bytes) @ 0x0000793f710a5244 [0x0000793f710a4a20+0x0000000000000824]
J 10779 c1 org.gradle.internal.operations.DefaultBuildOperationRunner.run(Lorg/gradle/internal/operations/RunnableBuildOperation;)V (9 bytes) @ 0x0000793f69ab7c5c [0x0000793f69ab7bc0+0x000000000000009c]
j  org.gradle.api.internal.tasks.execution.TaskExecution.executeAction(Ljava/lang/String;Lorg/gradle/api/internal/TaskInternal;Lorg/gradle/api/internal/tasks/InputChangesAwareTaskAction;Lorg/gradle/internal/execution/history/changes/InputChangesInternal;Z)V+30
j  org.gradle.api.internal.tasks.execution.TaskExecution.executeActions(Lorg/gradle/api/internal/TaskInternal;Lorg/gradle/internal/execution/history/changes/InputChangesInternal;)V+131
j  org.gradle.api.internal.tasks.execution.TaskExecution.executeWithPreviousOutputFiles(Lorg/gradle/internal/execution/history/changes/InputChangesInternal;)Lorg/gradle/internal/execution/UnitOfWork$WorkResult;+46
j  org.gradle.api.internal.tasks.execution.TaskExecution.execute(Lorg/gradle/internal/execution/UnitOfWork$ExecutionRequest;)Lorg/gradle/internal/execution/UnitOfWork$WorkOutput;+61
j  org.gradle.internal.execution.steps.ExecuteStep.executeInternal(Lorg/gradle/internal/execution/UnitOfWork;Lorg/gradle/internal/execution/steps/InputChangesContext;)Lorg/gradle/internal/execution/steps/Result;+16
j  org.gradle.internal.execution.steps.ExecuteStep.access$000(Lorg/gradle/internal/execution/UnitOfWork;Lorg/gradle/internal/execution/steps/InputChangesContext;)Lorg/gradle/internal/execution/steps/Result;+2
j  org.gradle.internal.execution.steps.ExecuteStep$1.call(Lorg/gradle/internal/operations/BuildOperationContext;)Lorg/gradle/internal/execution/steps/Result;+8
j  org.gradle.internal.execution.steps.ExecuteStep$1.call(Lorg/gradle/internal/operations/BuildOperationContext;)Ljava/lang/Object;+2
J 8061 c1 org.gradle.internal.operations.DefaultBuildOperationRunner$CallableBuildOperationWorker.execute(Lorg/gradle/internal/operations/BuildOperation;Lorg/gradle/internal/operations/BuildOperationContext;)V (10 bytes) @ 0x0000793f695f38c4 [0x0000793f695f3660+0x0000000000000264]
J 30559 c2 org.gradle.internal.operations.DefaultBuildOperationRunner.execute(Lorg/gradle/internal/operations/BuildOperation;Lorg/gradle/internal/operations/BuildOperationWorker;)V (22 bytes) @ 0x0000793f710a5244 [0x0000793f710a4a20+0x0000000000000824]
J 8068 c1 org.gradle.internal.operations.DefaultBuildOperationRunner.call(Lorg/gradle/internal/operations/CallableBuildOperation;)Ljava/lang/Object; (20 bytes) @ 0x0000793f695f4284 [0x0000793f695f40e0+0x00000000000001a4]
j  org.gradle.internal.execution.steps.ExecuteStep.execute(Lorg/gradle/internal/execution/UnitOfWork;Lorg/gradle/internal/execution/steps/ChangingOutputsContext;)Lorg/gradle/internal/execution/steps/Result;+28
j  org.gradle.internal.execution.steps.ExecuteStep.execute(Lorg/gradle/internal/execution/UnitOfWork;Lorg/gradle/internal/execution/steps/Context;)Lorg/gradle/internal/execution/steps/Result;+6
j  org.gradle.internal.execution.steps.CancelExecutionStep.execute(Lorg/gradle/internal/execution/UnitOfWork;Lorg/gradle/internal/execution/steps/Context;)Lorg/gradle/internal/execution/steps/Result;+35
j  org.gradle.internal.execution.steps.TimeoutStep.executeWithoutTimeout(Lorg/gradle/internal/execution/UnitOfWork;Lorg/gradle/internal/execution/steps/Context;)Lorg/gradle/internal/execution/steps/Result;+6
j  org.gradle.internal.execution.steps.TimeoutStep.execute(Lorg/gradle/internal/execution/UnitOfWork;Lorg/gradle/internal/execution/steps/Context;)Lorg/gradle/internal/execution/steps/Result;+92
j  org.gradle.internal.execution.steps.PreCreateOutputParentsStep.execute(Lorg/gradle/internal/execution/UnitOfWork;Lorg/gradle/internal/execution/steps/ChangingOutputsContext;)Lorg/gradle/internal/execution/steps/Result;+24
j  org.gradle.internal.execution.steps.PreCreateOutputParentsStep.execute(Lorg/gradle/internal/execution/UnitOfWork;Lorg/gradle/internal/execution/steps/Context;)Lorg/gradle/internal/execution/steps/Result;+6
j  org.gradle.internal.execution.steps.RemovePreviousOutputsStep.execute(Lorg/gradle/internal/execution/UnitOfWork;Lorg/gradle/internal/execution/steps/ChangingOutputsContext;)Lorg/gradle/internal/execution/steps/Result;+57
j  org.gradle.internal.execution.steps.RemovePreviousOutputsStep.execute(Lorg/gradle/internal/execution/UnitOfWork;Lorg/gradle/internal/execution/steps/Context;)Lorg/gradle/internal/execution/steps/Result;+6
j  org.gradle.internal.execution.steps.BroadcastChangingOutputsStep.execute(Lorg/gradle/internal/execution/UnitOfWork;Lorg/gradle/internal/execution/steps/InputChangesContext;)Lorg/gradle/internal/execution/steps/Result;+53
j  org.gradle.internal.execution.steps.BroadcastChangingOutputsStep.execute(Lorg/gradle/internal/execution/UnitOfWork;Lorg/gradle/internal/execution/steps/Context;)Lorg/gradle/internal/execution/steps/Result;+6
j  org.gradle.internal.execution.steps.CaptureOutputsAfterExecutionStep.execute(Lorg/gradle/internal/execution/UnitOfWork;Lorg/gradle/internal/execution/steps/WorkspaceContext;)Lorg/gradle/internal/execution/steps/AfterExecutionResult;+6
j  org.gradle.internal.execution.steps.CaptureOutputsAfterExecutionStep.execute(Lorg/gradle/internal/execution/UnitOfWork;Lorg/gradle/internal/execution/steps/Context;)Lorg/gradle/internal/execution/steps/Result;+6
j  org.gradle.internal.execution.steps.ResolveInputChangesStep.execute(Lorg/gradle/internal/execution/UnitOfWork;Lorg/gradle/internal/execution/steps/IncrementalCachingContext;)Lorg/gradle/internal/execution/steps/Result;+22
j  org.gradle.internal.execution.steps.ResolveInputChangesStep.execute(Lorg/gradle/internal/execution/UnitOfWork;Lorg/gradle/internal/execution/steps/Context;)Lorg/gradle/internal/execution/steps/Result;+6
j  org.gradle.internal.execution.steps.BuildCacheStep.executeWithoutCache(Lorg/gradle/internal/execution/UnitOfWork;Lorg/gradle/internal/execution/steps/WorkspaceContext;)Lorg/gradle/internal/execution/steps/AfterExecutionResult;+6
j  org.gradle.internal.execution.steps.BuildCacheStep.lambda$execute$1(Lorg/gradle/internal/execution/UnitOfWork;Lorg/gradle/internal/execution/steps/WorkspaceContext;Lorg/gradle/internal/execution/caching/CachingState$Disabled;)Lorg/gradle/internal/execution/steps/AfterExecutionResult;+3
j  org.gradle.internal.execution.steps.BuildCacheStep$$Lambda+0x0000793f0ce7af38.apply(Ljava/lang/Object;)Ljava/lang/Object;+16
j  org.gradle.internal.Either$Right.fold(Ljava/util/function/Function;Ljava/util/function/Function;)Ljava/lang/Object;+5
j  org.gradle.internal.execution.caching.CachingState.fold(Ljava/util/function/Function;Ljava/util/function/Function;)Ljava/lang/Object;+6
j  org.gradle.internal.execution.steps.BuildCacheStep.execute(Lorg/gradle/internal/execution/UnitOfWork;Lorg/gradle/internal/execution/steps/WorkspaceContext;)Lorg/gradle/internal/execution/steps/AfterExecutionResult;+25
j  org.gradle.internal.execution.steps.BuildCacheStep.execute(Lorg/gradle/internal/execution/UnitOfWork;Lorg/gradle/internal/execution/steps/Context;)Lorg/gradle/internal/execution/steps/Result;+6
j  org.gradle.internal.execution.steps.StoreExecutionStateStep.execute(Lorg/gradle/internal/execution/UnitOfWork;Lorg/gradle/internal/execution/steps/PreviousExecutionContext;)Lorg/gradle/internal/execution/steps/AfterExecutionResult;+6
j  org.gradle.internal.execution.steps.StoreExecutionStateStep.execute(Lorg/gradle/internal/execution/UnitOfWork;Lorg/gradle/internal/execution/steps/Context;)Lorg/gradle/internal/execution/steps/Result;+6
j  org.gradle.internal.execution.steps.SkipUpToDateStep.executeBecause(Lorg/gradle/internal/execution/UnitOfWork;Lcom/google/common/collect/ImmutableList;Lorg/gradle/internal/execution/steps/IncrementalChangesContext;)Lorg/gradle/internal/execution/steps/UpToDateResult;+11
j  org.gradle.internal.execution.steps.SkipUpToDateStep.lambda$execute$2(Lorg/gradle/internal/execution/UnitOfWork;Lcom/google/common/collect/ImmutableList;Lorg/gradle/internal/execution/steps/IncrementalChangesContext;)Lorg/gradle/internal/execution/steps/UpToDateResult;+4
j  org.gradle.internal.execution.steps.SkipUpToDateStep$$Lambda+0x0000793f0ce66580.get()Ljava/lang/Object;+16
J 7833 c2 java.util.Optional.orElseGet(Ljava/util/function/Supplier;)Ljava/lang/Object; java.base@21.0.10 (21 bytes) @ 0x0000793f7079947c [0x0000793f70799420+0x000000000000005c]
j  org.gradle.internal.execution.steps.SkipUpToDateStep.execute(Lorg/gradle/internal/execution/UnitOfWork;Lorg/gradle/internal/execution/steps/IncrementalChangesContext;)Lorg/gradle/internal/execution/steps/UpToDateResult;+65
j  org.gradle.internal.execution.steps.SkipUpToDateStep.execute(Lorg/gradle/internal/execution/UnitOfWork;Lorg/gradle/internal/execution/steps/Context;)Lorg/gradle/internal/execution/steps/Result;+6
j  org.gradle.internal.execution.steps.legacy.MarkSnapshottingInputsFinishedStep.execute(Lorg/gradle/internal/execution/UnitOfWork;Lorg/gradle/internal/execution/steps/CachingContext;)Lorg/gradle/internal/execution/steps/Result;+18
j  org.gradle.internal.execution.steps.legacy.MarkSnapshottingInputsFinishedStep.execute(Lorg/gradle/internal/execution/UnitOfWork;Lorg/gradle/internal/execution/steps/Context;)Lorg/gradle/internal/execution/steps/Result;+6
j  org.gradle.internal.execution.steps.ResolveIncrementalCachingStateStep.executeDelegate(Lorg/gradle/internal/execution/UnitOfWork;Lorg/gradle/internal/execution/steps/IncrementalChangesContext;Lorg/gradle/internal/execution/caching/CachingState;)Lorg/gradle/internal/execution/steps/UpToDateResult;+14
j  org.gradle.internal.execution.steps.ResolveIncrementalCachingStateStep.executeDelegate(Lorg/gradle/internal/execution/UnitOfWork;Lorg/gradle/internal/execution/steps/ValidationFinishedContext;Lorg/gradle/internal/execution/caching/CachingState;)Lorg/gradle/internal/execution/steps/UpToDateResult;+7
j  org.gradle.internal.execution.steps.AbstractResolveCachingStateStep.execute(Lorg/gradle/internal/execution/UnitOfWork;Lorg/gradle/internal/execution/steps/ValidationFinishedContext;)Lorg/gradle/internal/execution/steps/CachingResult;+51
j  org.gradle.internal.execution.steps.AbstractResolveCachingStateStep.execute(Lorg/gradle/internal/execution/UnitOfWork;Lorg/gradle/internal/execution/steps/Context;)Lorg/gradle/internal/execution/steps/Result;+6
j  org.gradle.internal.execution.steps.ResolveChangesStep.execute(Lorg/gradle/internal/execution/UnitOfWork;Lorg/gradle/internal/execution/steps/ValidationFinishedContext;)Lorg/gradle/internal/execution/steps/Result;+43
j  org.gradle.internal.execution.steps.ResolveChangesStep.execute(Lorg/gradle/internal/execution/UnitOfWork;Lorg/gradle/internal/execution/steps/Context;)Lorg/gradle/internal/execution/steps/Result;+6
j  org.gradle.internal.execution.steps.ValidateStep.execute(Lorg/gradle/internal/execution/UnitOfWork;Lorg/gradle/internal/execution/steps/BeforeExecutionContext;)Lorg/gradle/internal/execution/steps/Result;+67
j  org.gradle.internal.execution.steps.ValidateStep.execute(Lorg/gradle/internal/execution/UnitOfWork;Lorg/gradle/internal/execution/steps/Context;)Lorg/gradle/internal/execution/steps/Result;+6
j  org.gradle.internal.execution.steps.AbstractCaptureStateBeforeExecutionStep.execute(Lorg/gradle/internal/execution/UnitOfWork;Lorg/gradle/internal/execution/steps/PreviousExecutionContext;)Lorg/gradle/internal/execution/steps/CachingResult;+49
j  org.gradle.internal.execution.steps.AbstractCaptureStateBeforeExecutionStep.execute(Lorg/gradle/internal/execution/UnitOfWork;Lorg/gradle/internal/execution/steps/Context;)Lorg/gradle/internal/execution/steps/Result;+6
j  org.gradle.internal.execution.steps.AbstractSkipEmptyWorkStep.executeWithNonEmptySources(Lorg/gradle/internal/execution/UnitOfWork;Lorg/gradle/internal/execution/steps/WorkspaceContext;)Lorg/gradle/internal/execution/steps/CachingResult;+12
j  org.gradle.internal.execution.steps.AbstractSkipEmptyWorkStep.execute(Lorg/gradle/internal/execution/UnitOfWork;Lorg/gradle/internal/execution/steps/WorkspaceContext;)Lorg/gradle/internal/execution/steps/CachingResult;+83
j  org.gradle.internal.execution.steps.AbstractSkipEmptyWorkStep.execute(Lorg/gradle/internal/execution/UnitOfWork;Lorg/gradle/internal/execution/steps/Context;)Lorg/gradle/internal/execution/steps/Result;+6
j  org.gradle.internal.execution.steps.legacy.MarkSnapshottingInputsStartedStep.execute(Lorg/gradle/internal/execution/UnitOfWork;Lorg/gradle/internal/execution/steps/Context;)Lorg/gradle/internal/execution/steps/Result;+12
j  org.gradle.internal.execution.steps.LoadPreviousExecutionStateStep.execute(Lorg/gradle/internal/execution/UnitOfWork;Lorg/gradle/internal/execution/steps/WorkspaceContext;)Lorg/gradle/internal/execution/steps/AfterExecutionResult;+42
j  org.gradle.internal.execution.steps.LoadPreviousExecutionStateStep.execute(Lorg/gradle/internal/execution/UnitOfWork;Lorg/gradle/internal/execution/steps/Context;)Lorg/gradle/internal/execution/steps/Result;+6
j  org.gradle.internal.execution.steps.HandleStaleOutputsStep.execute(Lorg/gradle/internal/execution/UnitOfWork;Lorg/gradle/internal/execution/steps/WorkspaceContext;)Lorg/gradle/internal/execution/steps/AfterExecutionResult;+21
j  org.gradle.internal.execution.steps.HandleStaleOutputsStep.execute(Lorg/gradle/internal/execution/UnitOfWork;Lorg/gradle/internal/execution/steps/Context;)Lorg/gradle/internal/execution/steps/Result;+6
j  org.gradle.internal.execution.steps.AssignMutableWorkspaceStep.lambda$execute$0(Lorg/gradle/internal/execution/steps/IdentityContext;Lorg/gradle/internal/execution/UnitOfWork;Ljava/io/File;Lorg/gradle/internal/execution/history/ExecutionHistoryStore;)Lorg/gradle/internal/execution/steps/WorkspaceResult;+30
j  org.gradle.internal.execution.steps.AssignMutableWorkspaceStep$$Lambda+0x0000793f0ce49970.executeInWorkspace(Ljava/io/File;Lorg/gradle/internal/execution/history/ExecutionHistoryStore;)Ljava/lang/Object;+14
j  org.gradle.api.internal.tasks.execution.TaskExecution$4.withWorkspace(Ljava/lang/String;Lorg/gradle/internal/execution/workspace/MutableWorkspaceProvider$WorkspaceAction;)Ljava/lang/Object;+33
j  org.gradle.internal.execution.steps.AssignMutableWorkspaceStep.execute(Lorg/gradle/internal/execution/UnitOfWork;Lorg/gradle/internal/execution/steps/IdentityContext;)Lorg/gradle/internal/execution/steps/WorkspaceResult;+26
j  org.gradle.internal.execution.steps.AssignMutableWorkspaceStep.execute(Lorg/gradle/internal/execution/UnitOfWork;Lorg/gradle/internal/execution/steps/Context;)Lorg/gradle/internal/execution/steps/Result;+6
J 8240 c1 org.gradle.internal.execution.steps.ChoosePipelineStep.execute(Lorg/gradle/internal/execution/UnitOfWork;Lorg/gradle/internal/execution/steps/IdentityContext;)Lorg/gradle/internal/execution/steps/Result; (71 bytes) @ 0x0000793f69664b4c [0x0000793f69664520+0x000000000000062c]
J 8247 c1 org.gradle.internal.execution.steps.ChoosePipelineStep.execute(Lorg/gradle/internal/execution/UnitOfWork;Lorg/gradle/internal/execution/steps/Context;)Lorg/gradle/internal/execution/steps/Result; (10 bytes) @ 0x0000793f69668b3c [0x0000793f696689c0+0x000000000000017c]
j  org.gradle.internal.execution.steps.ExecuteWorkBuildOperationFiringStep.lambda$execute$2(Lorg/gradle/internal/execution/UnitOfWork;Lorg/gradle/internal/execution/steps/IdentityContext;)Lorg/gradle/internal/execution/steps/CachingResult;+6
j  org.gradle.internal.execution.steps.ExecuteWorkBuildOperationFiringStep$$Lambda+0x0000793f0c5dedb8.get()Ljava/lang/Object;+12
J 8236 c1 org.gradle.internal.execution.steps.ExecuteWorkBuildOperationFiringStep.execute(Lorg/gradle/internal/execution/UnitOfWork;Lorg/gradle/internal/execution/steps/Context;)Lorg/gradle/internal/execution/steps/Result; (10 bytes) @ 0x0000793f6966237c [0x0000793f696613c0+0x0000000000000fbc]
J 8235 c1 org.gradle.internal.execution.steps.IdentityCacheStep.execute(Lorg/gradle/internal/execution/UnitOfWork;Lorg/gradle/internal/execution/steps/IdentityContext;)Lorg/gradle/internal/execution/steps/WorkspaceResult; (15 bytes) @ 0x0000793f6965abcc [0x0000793f6965aac0+0x000000000000010c]
j  org.gradle.internal.execution.steps.IdentityCacheStep.execute(Lorg/gradle/internal/execution/UnitOfWork;Lorg/gradle/internal/execution/steps/Context;)Lorg/gradle/internal/execution/steps/Result;+6
j  org.gradle.internal.execution.steps.IdentifyStep.execute(Lorg/gradle/internal/execution/UnitOfWork;Lorg/gradle/internal/execution/steps/ExecutionRequestContext;)Lorg/gradle/internal/execution/steps/Result;+11
j  org.gradle.internal.execution.steps.IdentifyStep.execute(Lorg/gradle/internal/execution/UnitOfWork;Lorg/gradle/internal/execution/steps/Context;)Lorg/gradle/internal/execution/steps/Result;+6
j  org.gradle.internal.execution.impl.DefaultExecutionEngine$1.execute()Lorg/gradle/internal/execution/ExecutionEngine$Result;+15
j  org.gradle.api.internal.tasks.execution.ExecuteActionsTaskExecuter.executeIfValid(Lorg/gradle/api/internal/TaskInternal;Lorg/gradle/api/internal/tasks/TaskStateInternal;Lorg/gradle/api/internal/tasks/TaskExecutionContext;Lorg/gradle/api/internal/tasks/execution/TaskExecution;)Lorg/gradle/api/internal/tasks/TaskExecuterResult;+54
j  org.gradle.api.internal.tasks.execution.ExecuteActionsTaskExecuter.execute(Lorg/gradle/api/internal/TaskInternal;Lorg/gradle/api/internal/tasks/TaskStateInternal;Lorg/gradle/api/internal/tasks/TaskExecutionContext;)Lorg/gradle/api/internal/tasks/TaskExecuterResult;+69
j  org.gradle.api.internal.tasks.execution.ProblemsTaskPathTrackingTaskExecuter.execute(Lorg/gradle/api/internal/TaskInternal;Lorg/gradle/api/internal/tasks/TaskStateInternal;Lorg/gradle/api/internal/tasks/TaskExecutionContext;)Lorg/gradle/api/internal/tasks/TaskExecuterResult;+29
j  org.gradle.api.internal.tasks.execution.FinalizePropertiesTaskExecuter.execute(Lorg/gradle/api/internal/TaskInternal;Lorg/gradle/api/internal/tasks/TaskStateInternal;Lorg/gradle/api/internal/tasks/TaskExecutionContext;)Lorg/gradle/api/internal/tasks/TaskExecuterResult;+61
j  org.gradle.api.internal.tasks.execution.ResolveTaskExecutionModeExecuter.execute(Lorg/gradle/api/internal/TaskInternal;Lorg/gradle/api/internal/tasks/TaskStateInternal;Lorg/gradle/api/internal/tasks/TaskExecutionContext;)Lorg/gradle/api/internal/tasks/TaskExecuterResult;+56
j  org.gradle.api.internal.tasks.execution.SkipTaskWithNoActionsExecuter.execute(Lorg/gradle/api/internal/TaskInternal;Lorg/gradle/api/internal/tasks/TaskStateInternal;Lorg/gradle/api/internal/tasks/TaskExecutionContext;)Lorg/gradle/api/internal/tasks/TaskExecuterResult;+120
...<more frames>...

siginfo: si_signo: 11 (SIGSEGV), si_code: 1 (SEGV_MAPERR), si_addr: 0x0000000008000008

Registers:
RAX=0x0000793f0b0dc058, RBX=0x0000793f0b0dc058, RCX=0x0000793f0b40f410, RDX=0x0000793d2c2a4240
RSP=0x0000793e270fabf0, RBP=0x0000000008000000, RSI=0x00000000fefaf518, RDI=0x0000793f0ce0f148
R8 =0x00000000fefaf528, R9 =0x00000000ffd05390, R10=0x0000000008000000, R11=0x000000000008b678
R12=0x0000000000000000, R13=0x0000793e270fac30, R14=0x0000793f0b0db508, R15=0x0000793db800b940
RIP=0x0000793f70b6d477, EFLAGS=0x0000000000010206, CSGSFS=0x002b000000000033, ERR=0x0000000000000004
  TRAPNO=0x000000000000000e

XMM[0]=0x0000000000000000 0x0000000000000000
XMM[1]=0x0000000000000000 0x0000000000000000
XMM[2]=0x0000000000000000 0x4000000000000000
XMM[3]=0x0000000000000000 0x41a5c8a600000000
XMM[4]=0x0000000000000000 0x4059000000000000
XMM[5]=0x0000000000000000 0x4059000000000000
XMM[6]=0x0000000000000000 0x000000009f6ffdc0
XMM[7]=0xc254027f2f5ae13c 0x36eb473835d213c6
XMM[8]=0x6628e059ed27e5db 0xdae32ef83463ef00
XMM[9]=0x9a02eadc9a02eadc 0x9a02eadc68aaa74f
XMM[10]=0x0000000000000000 0x00000000cea7bc73
XMM[11]=0xb8284e74b8284e74 0xb8284e7420d2f5c3
XMM[12]=0x0000000000000000 0x0000000068aaa74f
XMM[13]=0x0000000000000000 0x00000000ba609dbd
XMM[14]=0x0000000000000000 0xf7b900ffff7684cb
XMM[15]=0x0000000000000000 0x0000000000000000
  MXCSR=0x00001fa7


Register to memory mapping:

RAX={method} {0x0000793f0b0dc058} 'iterator' '()Ljava/util/Iterator;' in 'java/util/HashSet'
RBX={method} {0x0000793f0b0dc058} 'iterator' '()Ljava/util/Iterator;' in 'java/util/HashSet'
RCX={method} {0x0000793f0b40f410} 'iterator' '()Ljava/util/Iterator;' in 'java/util/Collection'
RDX=0x0000793d2c2a4240 is pointing into metadata
RSP=0x0000793e270fabf0 is pointing into the stack for thread: 0x0000793db800b940
RBP=0x0000000008000000 is an unknown value
RSI=0x00000000fefaf518 is an oop: java.util.HashSet 
{0x00000000fefaf518} - klass: 'java/util/HashSet'
 - ---- fields (total size 2 words):
 - transient 'map' 'Ljava/util/HashMap;' @12  a 'java/util/HashMap'{0x00000000fefaf528} (0xfefaf528)
RDI=0x0000793f0ce0f148 is a pointer to class: 
org.jetbrains.kotlin.gradle.internal.kapt.incremental.ClassDependencies {0x0000793f0ce0f148}
 - instance size:     3
 - klass size:        66
 - access:            public final synchronized 
 - flags:             rewritten has_nonstatic_fields should_verify_class has_localvariable_table has_final_method 
 - state:             fully_initialized
 - name:              'org/jetbrains/kotlin/gradle/internal/kapt/incremental/ClassDependencies'
 - super:             'java/lang/Object'
 - sub:               
 - arrays:            null
 - methods:           Array<T>(0x0000793d2c24b8d0)
 - method ordering:   Array<T>(0x0000793f0bb356b0)
 - local interfaces:  Array<T>(0x0000793f0b619900)
 - trans. interfaces: Array<T>(0x0000793f0b619900)
 - secondary supers: Array<T>(0x0000793f0b619450)
 - hash_slot:         59
 - bitmap:            0x0000000000000000
 - constants:         constant pool [56] {0x0000793d2c2a3ae0} for 'org/jetbrains/kotlin/gradle/internal/kapt/incremental/ClassDependencies' cache=0x0000793d2c2127e0
 - class loader data:  loader data: 0x0000793e6ddda3d0 for instance a 'org/gradle/internal/classloader/VisitableURLClassLoader$InstrumentingVisitableURLClassLoader'{0x00000000823de038}
 - source file:       'ClasspathAnalyzer.kt'
 - class annotations:       Array<T>(0x0000793d2c528eb8)
 - inner classes:     Array<T>(0x0000793f0b619888)
 - nest members:     Array<T>(0x0000793f0b619888)
 - permitted subclasses:     Array<T>(0x0000793f0b619888)
 - java mirror:       a 'java/lang/Class'{0x00000000871edd70} = 'org/jetbrains/kotlin/gradle/internal/kapt/incremental/ClassDependencies'
 - vtable length      5  (start addr: 0x0000793f0ce0f318)
 - itable length      2 (start addr: 0x0000793f0ce0f340)
 - ---- static fields (0 words):
 - ---- non-static fields (2 words):
 - private final 'abiTypes' 'Ljava/util/Collection;' @12 
 - private final 'privateTypes' 'Ljava/util/Collection;' @16 
 - non-static oop maps: 12-16 
R8 =0x00000000fefaf528 is an oop: java.util.HashMap 
{0x00000000fefaf528} - klass: 'java/util/HashMap'
 - ---- fields (total size 6 words):
 - transient 'keySet' 'Ljava/util/Set;' @12  
[error occurred during error reporting (printing register info), id 0xb, SIGSEGV (0xb) at pc=0x0000793f88a6ebac]
R9 =0x00000000ffd05390 is an oop: java.util.LinkedList 
{0x00000000ffd05390} - klass: 'java/util/LinkedList'
 - ---- fields (total size 4 words):
 - protected transient 'modCount' 'I' @12  2495 (0x000009bf)
 - transient 'size' 'I' @16  2495 (0x000009bf)
 - transient 'first' 'Ljava/util/LinkedList$Node;' @20  a 'java/util/LinkedList$Node'{0x00000000ffd053b0} (0xffd053b0)
 - transient 'last' 'Ljava/util/LinkedList$Node;' @24  a 'java/util/LinkedList$Node'{0x000000009f6f8080} (0x9f6f8080)
R10=0x0000000008000000 is an unknown value
R11=571000 is a compressed pointer to class: 0x0000793f0b08b678
java.util.HashMap {0x0000793f0b08b678}
 - instance size:     6
 - klass size:        128
 - access:            public synchronized 
 - flags:             rewritten has_nonstatic_fields has_nonstatic_concrete_methods is_shared_boot_class has_localvariable_table has_miranda_methods has_final_method has_resolved_methods 
 - state:             fully_initialized
 - name:              'java/util/HashMap'
 - super:             'java/util/AbstractMap'
 - sub:               'com/sun/xml/bind/v2/model/impl/ClassInfoImpl$PropertySorter'   'org/antlr/v4/runtime/atn/Transition$1'   'groovy/lang/SpreadMap'   'java/util/LinkedHashMap'   (0 more klasses...)
 - arrays:            null
 - methods:           Array<T>(0x0000793f0b6efa18)
 - method ordering:   Array<T>(0x0000793f0b6efc20)
 - local interfaces:  Array<T>(0x0000793f0b6efbe0)
 - trans. interfaces: Array<T>(0x0000793f0b6efc00)
 - secondary supers: Array<T>(0x0000793f0b6ee578)
 - hash_slot:         58
 - bitmap:            0x0000002100000001
 - constants:         constant pool [629] {0x0000793f0b6ee598} for 'java/util/HashMap' cache=0x0000793f0b400b60
 - class loader data:  loader data: 0x0000793f80400f90 of 'bootstrap'
 - source file:       'HashMap.java'
 - generic signature: '<K:Ljava/lang/Object;V:Ljava/lang/Object;>Ljava/util/AbstractMap<TK;TV;>;Ljava/util/Map<TK;TV;>;Ljava/lang/Cloneable;Ljava/io/Serializable;'
 - inner classes:     Array<T>(0x0000793f0b6ef988)
 - nest members:     Array<T>(0x0000793f0b6efd70)
 - permitted subclasses:     Array<T>(0x0000793f0b619888)
 - java mirror:       a 'java/lang/Class'{0x00000000ffe8b430} = 'java/util/HashMap'
 - vtable length      39  (start addr: 0x0000793f0b08b848)
 - itable length      29 (start addr: 0x0000793f0b08b980)
 - ---- static fields (4 words):
 - private static final 'serialVersionUID' 'J' @112 
 - static final 'DEFAULT_INITIAL_CAPACITY' 'I' @120 
 - static final 'MAXIMUM_CAPACITY' 'I' @124 
 - static final 'DEFAULT_LOAD_FACTOR' 'F' @128 
 - static final 'TREEIFY_THRESHOLD' 'I' @132 
 - static final 'UNTREEIFY_THRESHOLD' 'I' @136 
 - static final 'MIN_TREEIFY_CAPACITY' 'I' @140 
 - ---- non-static fields (8 words):
 - transient 'keySet' 'Ljava/util/Set;' @12 
 - transient 'values' 'Ljava/util/Collection;' @16 
 - transient 'size' 'I' @20 
 - transient 'modCount' 'I' @24 
 - 'threshold' 'I' @28 
 - final 'loadFactor' 'F' @32 
 - transient 'table' '[Ljava/util/HashMap$Node;' @36 
 - transient 'entrySet' 'Ljava/util/Set;' @40 
 - non-static oop maps: 12-16 36-40 
R12=0x0 is null
R13=0x0000793e270fac30 is pointing into the stack for thread: 0x0000793db800b940
R14=0x0000793f0b0db508 is pointing into metadata
R15=0x0000793db800b940 is a thread

Top of Stack: (sp=0x0000793e270fabf0)
0x0000793e270fabf0:   00000000fefaf528 00000000ffff0050
0x0000793e270fac00:   000000008be90b40 0000793d00000000
0x0000793e270fac10:   0000793e270fac80 0000793f6fc67798
0x0000793e270fac20:   0000793e270fac80 0000793f6fc67798
0x0000793e270fac30:   00000000fefaf518 0000793e270fac38
0x0000793e270fac40:   0000793d2c12b776 0000000000000010
0x0000793e270fac50:   0000793d2c274bd0 0000793d2c2a4240
0x0000793e270fac60:   00000000871eddf8 0000793d2c60e480
0x0000793e270fac70:   0000793e270fac30 0000793e270facf8
0x0000793e270fac80:   0000793e270fad50 0000793f6fc672f2
0x0000793e270fac90:   0000000000000000 00000000ffd05390
0x0000793e270faca0:   0000000000000000 00000000ff2b69f8
0x0000793e270facb0:   000000009f6f80a8 00000000fefaf500
0x0000793e270facc0:   00000000ff24b2c0 00000000fefaf4e0
0x0000793e270facd0:   000000009f6a6318 00000000ff5c1008
0x0000793e270face0:   00000000ffff00c0 00000000ffff0080
0x0000793e270facf0:   00000000ffff0050 00000000fffefef8
0x0000793e270fad00:   00000000fffede40 0000793e270fad08
0x0000793e270fad10:   0000793d2ca9d1ab 0000000000000010
0x0000793e270fad20:   0000793d2c274bd0 0000000000000000
0x0000793e270fad30:   00000000871eddf8 0000793d2cabc628
0x0000793e270fad40:   0000793e270facf8 0000793e270fadc0
0x0000793e270fad50:   0000793e270fae20 0000793f6fc672f2
0x0000793e270fad60:   0000000000000000 00000000fffe85b8
0x0000793e270fad70:   00000000fffe85b8 00000000fffefdf8
0x0000793e270fad80:   0000000086ee8ab0 00000000ffff0030
0x0000793e270fad90:   00000000fffefef8 00000000fffefea8
0x0000793e270fada0:   00000000fffefe38 00000000fffefde0
0x0000793e270fadb0:   00000000fffefd88 00000000fffef550
0x0000793e270fadc0:   000000008deefb58 00000000fffebd30
0x0000793e270fadd0:   00000000fffede40 0000793e270fadd8
0x0000793e270fade0:   0000793d2c44f282 0000000000000011 

Instructions: (pc=0x0000793f70b6d477)
0x0000793f70b6d377:   c1 ea 09 48 bf 00 00 e0 85 3f 79 00 00 49 03 fa
0x0000793f70b6d387:   80 3f 02 0f 84 e7 00 00 00 4d 8b 57 58 4d 8b 5f
0x0000793f70b6d397:   48 f0 83 44 24 c0 00 80 3f 00 0f 84 d0 00 00 00
0x0000793f70b6d3a7:   44 88 27 4d 85 db 75 1d 49 8b f7 49 ba 30 ef 53
0x0000793f70b6d3b7:   88 3f 79 00 00 41 ff d2 0f 1f 84 00 00 00 00 00
0x0000793f70b6d3c7:   e9 ab 00 00 00 4b 89 7c 1a f8 49 83 c3 f8 4d 89
0x0000793f70b6d3d7:   5f 48 e9 99 00 00 00 4c 89 14 24 45 8b 52 0c 45
0x0000793f70b6d3e7:   85 d2 0f 85 85 00 00 00 49 8b af b8 01 00 00 4c
0x0000793f70b6d3f7:   8b d5 49 83 c2 10 4d 3b 97 c8 01 00 00 0f 83 82
0x0000793f70b6d407:   04 00 00 4d 89 97 b8 01 00 00 41 0f 0d 8a c0 00
0x0000793f70b6d417:   00 00 48 c7 45 00 01 00 00 00 c7 45 08 c0 9a 1a
0x0000793f70b6d427:   00 4c 8b 14 24 44 89 55 0c 41 80 7f 40 00 0f 85
0x0000793f70b6d437:   57 03 00 00 4c 8b d5 4c 8b 1c 24 45 89 53 0c 4d
0x0000793f70b6d447:   8b d3 4c 8b dd 4d 33 da 49 c1 eb 14 4d 85 db 74
0x0000793f70b6d457:   1f 49 c1 ea 09 48 bf 00 00 e0 85 3f 79 00 00 49
0x0000793f70b6d467:   03 fa 80 3f 02 0f 85 57 03 00 00 eb 03 49 8b ea
0x0000793f70b6d477:   44 8b 5d 08 41 81 fb c0 9a 1a 00 0f 84 bf 00 00
0x0000793f70b6d487:   00 41 81 fb 60 81 04 01 0f 85 8f 04 00 00 49 8b
0x0000793f70b6d497:   9f b8 01 00 00 4c 8b d3 49 83 c2 20 4d 3b 97 c8
0x0000793f70b6d4a7:   01 00 00 0f 83 bc 03 00 00 4d 89 97 b8 01 00 00
0x0000793f70b6d4b7:   41 0f 0d 8a c0 00 00 00 48 c7 03 01 00 00 00 c7
0x0000793f70b6d4c7:   43 08 a8 86 04 01 44 89 63 0c 4c 89 63 10 4c 89
0x0000793f70b6d4d7:   63 18 44 8b 6d 10 44 89 6b 1c 0f b6 6d 0c 40 88
0x0000793f70b6d4e7:   6b 10 85 ed 0f 85 9d 04 00 00 45 8b 5d 34 44 89
0x0000793f70b6d4f7:   5b 14 4d 8b d3 4c 8b c3 4d 33 d0 49 c1 ea 14 4d
0x0000793f70b6d507:   85 d2 74 20 45 85 db 74 1b 49 c1 e8 09 49 b9 00
0x0000793f70b6d517:   00 e0 85 3f 79 00 00 4d 03 c8 41 80 39 02 0f 85
0x0000793f70b6d527:   15 02 00 00 41 80 7f 40 00 0f 85 d7 01 00 00 44
0x0000793f70b6d537:   89 63 18 45 8b 55 18 44 89 53 0c e9 05 01 00 00
0x0000793f70b6d547:   49 8b 9f b8 01 00 00 4c 8b d3 49 83 c2 20 4d 3b
0x0000793f70b6d557:   97 c8 01 00 00 0f 83 e8 02 00 00 4d 89 97 b8 01
0x0000793f70b6d567:   00 00 41 0f 0d 8a c0 00 00 00 48 c7 03 01 00 00 


Stack slot to memory mapping:

stack at sp + 0 slots: 0x00000000fefaf528 is an oop: java.util.HashMap 
{0x00000000fefaf528} - klass: 'java/util/HashMap'
 - ---- fields (total size 6 words):
 - transient 'keySet' 'Ljava/util/Set;' @12  
[error occurred during error reporting (inspecting top of stack), id 0xb, SIGSEGV (0xb) at pc=0x0000793f88a6ebac]
stack at sp + 1 slots: 0x00000000ffff0050 is an oop: java.util.HashMap 
{0x00000000ffff0050} - klass: 'java/util/HashMap'
 - ---- fields (total size 6 words):
 - transient 'keySet' 'Ljava/util/Set;' @12  null (0x00000000)
 - transient 'values' 'Ljava/util/Collection;' @16  null (0x00000000)
 - transient 'size' 'I' @20  9888 (0x000026a0)
 - transient 'modCount' 'I' @24  9888 (0x000026a0)
 - 'threshold' 'I' @28  12288 (0x00003000)
 - final 'loadFactor' 'F' @32  0.750000 (0x3f400000)
 - transient 'table' '[Ljava/util/HashMap$Node;' @36  a 'java/util/HashMap$Node'[16384] {0x000000009f82fac8} (0x9f82fac8)
 - transient 'entrySet' 'Ljava/util/Set;' @40  null (0x00000000)
stack at sp + 2 slots: 0x000000008be90b40 is an oop: java.lang.Class 
{0x000000008be90b40} - klass: 'java/lang/Class'
 - ---- fields (total size 14 words):
 - private volatile transient 'classRedefinedCount' 'I' @12  0 (0x00000000)
 - injected 'klass' 'J' @16  133311705968440 (0x0000793f0ce0ef38)
 - injected 'array_klass' 'J' @24  0 (0x0000000000000000)
 - injected 'oop_size' 'I' @32  14 (0x0000000e)
 - injected 'static_oop_field_count' 'I' @36  0 (0x00000000)
 - private volatile transient 'cachedConstructor' 'Ljava/lang/reflect/Constructor;' @40  null (0x00000000)
 - private transient 'name' 'Ljava/lang/String;' @44  "org.jetbrains.kotlin.gradle.internal.kapt.incremental.ClasspathEntryData"{0x000000008be90bb0} (0x8be90bb0)
 - private transient 'module' 'Ljava/lang/Module;' @48  a 'java/lang/Module'{0x0000000080c10bc8} (0x80c10bc8)
 - private final 'classLoader' 'Ljava/lang/ClassLoader;' @52  a 'org/gradle/internal/classloader/VisitableURLClassLoader$InstrumentingVisitableURLClassLoader'{0x00000000823de038} (0x823de038)
 - private transient 'classData' 'Ljava/lang/Object;' @56  null (0x00000000)
 - private transient 'packageName' 'Ljava/lang/String;' @60  "org.jetbrains.kotlin.gradle.internal.kapt.incremental"{0x00000000852ece80} (0x852ece80)
 - private final 'componentType' 'Ljava/lang/Class;' @64  null (0x00000000)
 - private volatile transient 'reflectionData' 'Ljava/lang/ref/SoftReference;' @68  a 'java/lang/ref/SoftReference'{0x000000008be90c20} (0x8be90c20)
 - private volatile transient 'genericInfo' 'Lsun/reflect/generics/repository/ClassRepository;' @72  null (0x00000000)
 - private volatile transient 'enumConstants' '[Ljava/lang/Object;' @76  null (0x00000000)
 - private volatile transient 'enumConstantDirectory' 'Ljava/util/Map;' @80  null (0x00000000)
 - private volatile transient 'annotationData' 'Ljava/lang/Class$AnnotationData;' @84  null (0x00000000)
 - private volatile transient 'annotationType' 'Lsun/reflect/annotation/AnnotationType;' @88  null (0x00000000)
 - transient 'classValueMap' 'Ljava/lang/ClassValue$ClassValueMap;' @92  a 'java/lang/ClassValue$ClassValueMap'{0x000000008be917a8} (0x8be917a8)
 - injected 'protection_domain' 'Ljava/lang/Object;' @96  a 'java/security/ProtectionDomain'{0x000000008418ab10} (0x8418ab10)
 - injected 'signers_name' 'Ljava/lang/Object;' @100  null (0x00000000)
 - injected 'source_file' 'Ljava/lang/Object;' @104  null (0x00000000)
 - injected '<init_lock>' 'Ljava/lang/Object;' @108  null (0x00000000)
 - signature: Lorg/jetbrains/kotlin/gradle/internal/kapt/incremental/ClasspathEntryData;
 - ---- static fields (0):
stack at sp + 3 slots: 0x0000793d00000000 points into unknown readable memory: 0x0000793d00000030 | 30 00 00 00 3d 79 00 00
stack at sp + 4 slots: 0x0000793e270fac80 is pointing into the stack for thread: 0x0000793db800b940
stack at sp + 5 slots: 0x0000793f6fc67798 is at code_begin+2744 in an Interpreter codelet
return entry points  [0x0000793f6fc66ce0, 0x0000793f6fc67880]  2976 bytes
stack at sp + 6 slots: 0x0000793e270fac80 is pointing into the stack for thread: 0x0000793db800b940
stack at sp + 7 slots: 0x0000793f6fc67798 is at code_begin+2744 in an Interpreter codelet
return entry points  [0x0000793f6fc66ce0, 0x0000793f6fc67880]  2976 bytes


Compiled method (c2) 43581 13673       4       java.util.HashSet::iterator (13 bytes)
 total in heap  [0x0000793f70b6d090,0x0000793f70b6ddc8] = 3384
 relocation     [0x0000793f70b6d1e8,0x0000793f70b6d278] = 144
 main code      [0x0000793f70b6d280,0x0000793f70b6da58] = 2008
 stub code      [0x0000793f70b6da58,0x0000793f70b6da70] = 24
 metadata       [0x0000793f70b6da70,0x0000793f70b6daf0] = 128
 scopes data    [0x0000793f70b6daf0,0x0000793f70b6dc30] = 320
 scopes pcs     [0x0000793f70b6dc30,0x0000793f70b6dd40] = 272
 dependencies   [0x0000793f70b6dd40,0x0000793f70b6dd48] = 8
 handler table  [0x0000793f70b6dd48,0x0000793f70b6dda8] = 96
 nul chk table  [0x0000793f70b6dda8,0x0000793f70b6ddc8] = 32

[Constant Pool (empty)]

[MachCode]
[Entry Point]
  # {method} {0x0000793f0b0dc058} 'iterator' '()Ljava/util/Iterator;' in 'java/util/HashSet'
  #           [sp+0x40]  (sp of caller)
  0x0000793f70b6d280: 448b 5608 | 49bb 0000 | 000b 3f79 | 0000 4d03 | d349 3bc2 

  0x0000793f70b6d294: ;   {runtime_call ic_miss_stub}
  0x0000793f70b6d294: 0f85 e6fd | 13ff 6690 | 0f1f 4000 
[Verified Entry Point]
  0x0000793f70b6d2a0: 8984 2400 | c0fe ff55 | 4883 ec30 | 4181 7f20 | 1700 0000 | 0f85 9407 | 0000 448b | 460c 458b 
  0x0000793f70b6d2c0: 5808 4d8b 

  0x0000793f70b6d2c4: ;   {metadata('java/util/HashMap')}
  0x0000793f70b6d2c4: d041 81fb | 78b6 0800 | 0f84 0c01 

  0x0000793f70b6d2d0: ;   {metadata('java/util/LinkedHashMap')}
  0x0000793f70b6d2d0: 0000 4181 | fb18 990f | 000f 852e | 0600 004c | 8914 2441 | 8b6a 0c85 | ed74 1644 

  0x0000793f70b6d2ec: ;   {metadata('java/util/LinkedHashMap$LinkedKeySet')}
  0x0000793f70b6d2ec: 8b55 0841 | 81fa 6081 | 0401 0f85 | d106 0000 | e976 0100 | 0049 8baf | b801 0000 | 4c8b d549 
  0x0000793f70b6d30c: 83c2 184d | 3b97 c801 | 0000 0f83 | 9405 0000 | 4d89 97b8 | 0100 0041 | 0f0d 8ac0 | 0000 0048 
  0x0000793f70b6d32c: c745 0001 

  0x0000793f70b6d330: ;   {metadata('java/util/LinkedHashMap$LinkedKeySet')}
  0x0000793f70b6d330: 0000 00c7 | 4508 6081 | 0401 4489 | 650c 4489 | 6514 4c8b | 1424 4d8b | da44 895d | 1041 807f 
  0x0000793f70b6d350: 4000 0f85 | bf04 0000 | 4c8b dd4c | 8b14 2445 | 895a 0c4c | 8bdd 4d33 | da49 c1eb | 144d 85db 
  0x0000793f70b6d370: 0f84 0101 | 0000 49c1 | ea09 48bf | 0000 e085 | 3f79 0000 | 4903 fa80 | 3f02 0f84 | e700 0000 
  0x0000793f70b6d390: 4d8b 5758 | 4d8b 5f48 | f083 4424 | c000 803f | 000f 84d0 | 0000 0044 | 8827 4d85 | db75 1d49 
  0x0000793f70b6d3b0: 8bf7 49ba | 30ef 5388 | 3f79 0000 

  0x0000793f70b6d3bc: ;   {other}
  0x0000793f70b6d3bc: 41ff d20f | 1f84 0000 | 0000 00e9 | ab00 0000 | 4b89 7c1a | f849 83c3 | f84d 895f | 48e9 9900 
  0x0000793f70b6d3dc: 0000 4c89 | 1424 458b | 520c 4585 | d20f 8585 | 0000 0049 | 8baf b801 | 0000 4c8b | d549 83c2 
  0x0000793f70b6d3fc: 104d 3b97 | c801 0000 | 0f83 8204 | 0000 4d89 | 97b8 0100 | 0041 0f0d | 8ac0 0000 | 0048 c745 
  0x0000793f70b6d41c: 0001 0000 

  0x0000793f70b6d420: ;   {metadata('java/util/HashMap$KeySet')}
  0x0000793f70b6d420: 00c7 4508 | c09a 1a00 | 4c8b 1424 | 4489 550c | 4180 7f40 | 000f 8557 | 0300 004c | 8bd5 4c8b 
  0x0000793f70b6d440: 1c24 4589 | 530c 4d8b | d34c 8bdd | 4d33 da49 | c1eb 144d | 85db 741f | 49c1 ea09 | 48bf 0000 
  0x0000793f70b6d460: e085 3f79 | 0000 4903 | fa80 3f02 | 0f85 5703 | 0000 eb03 | 498b ea44 

  0x0000793f70b6d478: ;   {metadata('java/util/HashMap$KeySet')}
  0x0000793f70b6d478: 8b5d 0841 | 81fb c09a | 1a00 0f84 | bf00 0000 

  0x0000793f70b6d488: ;   {metadata('java/util/LinkedHashMap$LinkedKeySet')}
  0x0000793f70b6d488: 4181 fb60 | 8104 010f | 858f 0400 | 0049 8b9f | b801 0000 | 4c8b d349 | 83c2 204d | 3b97 c801 
  0x0000793f70b6d4a8: 0000 0f83 | bc03 0000 | 4d89 97b8 | 0100 0041 | 0f0d 8ac0 | 0000 0048 | c703 0100 

  0x0000793f70b6d4c4: ;   {metadata('java/util/LinkedHashMap$LinkedKeyIterator')}
  0x0000793f70b6d4c4: 0000 c743 | 08a8 8604 | 0144 8963 | 0c4c 8963 | 104c 8963 | 1844 8b6d | 1044 896b | 1c0f b66d 
  0x0000793f70b6d4e4: 0c40 886b | 1085 ed0f | 859d 0400 | 0045 8b5d | 3444 895b | 144d 8bd3 | 4c8b c34d | 33d0 49c1 
  0x0000793f70b6d504: ea14 4d85 | d274 2045 | 85db 741b | 49c1 e809 | 49b9 0000 | e085 3f79 | 0000 4d03 | c841 8039 
  0x0000793f70b6d524: 020f 8515 | 0200 0041 | 807f 4000 | 0f85 d701 | 0000 4489 | 6318 458b | 5518 4489 | 530c e905 
  0x0000793f70b6d544: 0100 0049 | 8b9f b801 | 0000 4c8b | d349 83c2 | 204d 3b97 | c801 0000 | 0f83 e802 | 0000 4d89 
  0x0000793f70b6d564: 97b8 0100 | 0041 0f0d | 8ac0 0000 | 0048 c703 | 0100 0000 

  0x0000793f70b6d578: ;   {metadata('java/util/HashMap$KeyIterator')}
  0x0000793f70b6d578: c743 08c0 | dd1a 0044 | 8963 0c4c | 8963 104c | 8963 1844 | 8b5d 0c44 | 895b 1c45 | 8b53 2444 
  0x0000793f70b6d598: 8954 2418 | 458b 5318 | 4489 530c | 448b 5424 | 1845 85d2 | 0f84 9a00 | 0000 458b | 5314 4585 
  0x0000793f70b6d5b8: d20f 8e8d | 0000 0044 | 8b5c 2418 | 458b 6b0c | 4585 ed0f | 8667 0300 | 0045 8bd3 | 4c89 1424 
  0x0000793f70b6d5d8: 33ed 41bb | 0100 0000 | eb04 448d | 5d01 4489 | 5b10 413b | ed0f 83e1 | 0200 0041 | 807f 4000 
  0x0000793f70b6d5f8: 0f85 8e00 | 0000 448b | 5c24 1841 | 8b6c ab10 | 896b 144c | 8bd3 4c8b | f54d 8bde | 4d33 da49 
  0x0000793f70b6d618: c1eb 144d | 85db 741e | 85ed 741a | 49c1 ea09 | 48bf 0000 | e085 3f79 | 0000 4903 | fa80 3f02 
  0x0000793f70b6d638: 0f85 8100 | 0000 4d8b | 9f58 0400 

  0x0000793f70b6d644: ; ImmutableOopMap {rbx=Oop rbp=NarrowOop r14=Oop [0]=Oop [24]=NarrowOop }
                      ;*ifnull {reexecute=1 rethrow=0 return_oop=0}
                      ; - (reexecute) java.util.HashMap$HashIterator::<init>@75 (line 1593)
                      ; - java.util.HashMap$KeyIterator::<init>@2 (line 1626)
                      ; - java.util.HashMap$KeySet::iterator@8 (line 991)
                      ; - java.util.HashSet::iterator@7 (line 182)
                      ;   {poll}
  0x0000793f70b6d644: 0041 8503 | 85ed 7416 | 488b c348 | 83c4 305d 

  0x0000793f70b6d654: ;   {poll_return}
  0x0000793f70b6d654: 493b a750 | 0400 000f | 87d7 0300 | 00c3 8b6b | 1041 3bed | 0f8c 74ff | ffff be45 | ffff ff48 
  0x0000793f70b6d674: 891c 2444 | 896c 2408 

  0x0000793f70b6d67c: ;   {runtime_call UncommonTrapBlob}
  0x0000793f70b6d67c: 6666 90e8 

  0x0000793f70b6d680: ; ImmutableOopMap {[0]=Oop }
                      ;*if_icmpge {reexecute=1 rethrow=0 return_oop=0}
                      ; - (reexecute) java.util.HashMap$HashIterator::<init>@54 (line 1593)
                      ; - java.util.HashMap$KeyIterator::<init>@2 (line 1626)
                      ; - java.util.HashMap$KeySet::iterator@8 (line 991)
                      ; - java.util.HashSet::iterator@7 (line 182)
  0x0000793f70b6d680: 7c58 14ff 

  0x0000793f70b6d684: ;   {other}
  0x0000793f70b6d684: 0f1f 8400 | f405 0001 | 448b 5314 | 4585 d20f | 8465 ffff | ff4d 8b5f | 2849 8bfa | 4d85 db0f 
  0x0000793f70b6d6a4: 8447 0200 | 004d 8b57 | 384b 897c | 1af8 4983 | c3f8 4d89 | 5f28 e93f | ffff ff4d | 8b57 484d 
  0x0000793f70b6d6c4: 8b5f 58f0 | 8344 24c0 | 0080 3f00 | 0f84 68ff | ffff 4488 | 274d 85d2 | 751d 498b | f749 ba30 
  0x0000793f70b6d6e4: ef53 883f | 7900 0041 

  0x0000793f70b6d6ec: ;   {other}
  0x0000793f70b6d6ec: ffd2 0f1f | 8400 0000 | 0000 e943 | ffff ff4b | 897c 13f8 | 4983 c2f8 | 4d89 5748 | e931 ffff 
  0x0000793f70b6d70c: ff44 8b5b | 1845 85db | 0f84 1cfe | ffff 4d8b | 5728 498b | fb4d 85d2 | 0f84 2a02 | 0000 4d8b 
  0x0000793f70b6d72c: 5f38 4b89 | 7c13 f849 | 83c2 f84d | 8957 28e9 | f6fd ffff | 4d8b 5758 | 4d8b 5f48 | f083 4424 
  0x0000793f70b6d74c: c000 4180 | 3900 0f84 | d3fd ffff | 4588 214d | 85db 7520 | 498b f949 | 8bf7 49ba | 30ef 5388 
  0x0000793f70b6d76c: 3f79 0000 

  0x0000793f70b6d770: ;   {other}
  0x0000793f70b6d770: 41ff d20f | 1f84 0000 | 0000 00e9 | abfd ffff | 4f89 4c1a | f849 83c3 | f84d 895f | 48e9 99fd 
  0x0000793f70b6d790: ffff 4c8b | 1424 458b | 5a0c 4585 | db0f 8498 | fcff ff4d | 8b57 2849 | 8bfb 4d85 | d20f 84be 
  0x0000793f70b6d7b0: 0100 004d | 8b5f 384b | 897c 13f8 | 4983 c2f8 | 4d89 5728 | e972 fcff | ff4d 8b57 | 584d 8b5f 
  0x0000793f70b6d7d0: 48f0 8344 | 24c0 0080 | 3f00 0f84 | 97fc ffff | 4488 274d | 85db 751d | 498b f749 | ba30 ef53 
  0x0000793f70b6d7f0: 883f 7900 | 0041 ffd2 

  0x0000793f70b6d7f8: ;   {other}
  0x0000793f70b6d7f8: 0f1f 8400 | 0000 0000 | e972 fcff | ff4b 897c | 1af8 4983 | c3f8 4d89 | 5f48 e960 | fcff ff45 
  0x0000793f70b6d818: 8b52 0c45 | 85d2 0f84 | 34fb ffff | 4d8b 5f28 | 498b fa4d | 85db 0f84 | 7c01 0000 | 4d8b 5738 
  0x0000793f70b6d838: 4b89 7c1a | f849 83c3 | f84d 895f | 28e9 0efb 

  0x0000793f70b6d848: ;   {metadata('java/util/HashMap$KeyIterator')}
  0x0000793f70b6d848: ffff 48be | c0dd 1a0b | 3f79 0000 

  0x0000793f70b6d854: ;   {runtime_call _new_instance_Java}
  0x0000793f70b6d854: 6666 90e8 

  0x0000793f70b6d858: ; ImmutableOopMap {rbp=Oop }
                      ;*new {reexecute=0 rethrow=0 return_oop=1}
                      ; - java.util.HashMap$KeySet::iterator@0 (line 991)
                      ; - java.util.HashSet::iterator@7 (line 182)
  0x0000793f70b6d858: a4d0 20ff 

  0x0000793f70b6d85c: ;   {other}
  0x0000793f70b6d85c: 0f1f 8400 | cc07 0002 | 488b d8e9 | 1ffd ffff 

  0x0000793f70b6d86c: ;   {metadata('java/util/LinkedHashMap$LinkedKeyIterator')}
  0x0000793f70b6d86c: 48be a886 | 040c 3f79 

  0x0000793f70b6d874: ;   {runtime_call _new_instance_Java}
  0x0000793f70b6d874: 0000 90e8 

  0x0000793f70b6d878: ; ImmutableOopMap {rbp=Oop }
                      ;*new {reexecute=0 rethrow=0 return_oop=1}
                      ; - java.util.LinkedHashMap$LinkedKeySet::iterator@0 (line 700)
                      ; - java.util.HashSet::iterator@7 (line 182)
  0x0000793f70b6d878: 84d0 20ff 

  0x0000793f70b6d87c: ;   {other}
  0x0000793f70b6d87c: 0f1f 8400 | ec07 0003 | 488b d8e9 | 4dfc ffff 

  0x0000793f70b6d88c: ;   {metadata('java/util/HashMap$KeySet')}
  0x0000793f70b6d88c: 48be c09a | 1a0b 3f79 | 0000 488b 

  0x0000793f70b6d898: ;   {runtime_call _new_instance_Java}
  0x0000793f70b6d898: 2c24 90e8 

  0x0000793f70b6d89c: ; ImmutableOopMap {rbp=Oop [0]=Oop }
                      ;*new {reexecute=0 rethrow=0 return_oop=1}
                      ; - java.util.HashMap::keySet@9 (line 914)
                      ; - java.util.HashSet::iterator@4 (line 182)
  0x0000793f70b6d89c: 60d0 20ff 

  0x0000793f70b6d8a0: ;   {other}
  0x0000793f70b6d8a0: 0f1f 8400 | 1008 0004 | 488b e8e9 | 78fb ffff 

  0x0000793f70b6d8b0: ;   {metadata('java/util/LinkedHashMap$LinkedKeySet')}
  0x0000793f70b6d8b0: 48be 6081 | 040c 3f79 | 0000 488b 

  0x0000793f70b6d8bc: ;   {runtime_call _new_instance_Java}
  0x0000793f70b6d8bc: 2c24 90e8 

  0x0000793f70b6d8c0: ; ImmutableOopMap {rbp=Oop [0]=Oop }
                      ;*new {reexecute=0 rethrow=0 return_oop=1}
                      ; - java.util.LinkedHashMap::sequencedKeySet@9 (line 643)
                      ; - java.util.LinkedHashMap::keySet@1 (line 628)
                      ; - java.util.HashSet::iterator@4 (line 182)
  0x0000793f70b6d8c0: 3cd0 20ff 

  0x0000793f70b6d8c4: ;   {other}
  0x0000793f70b6d8c4: 0f1f 8400 | 3408 0005 | 488b e8e9 | 6efa ffff | bee4 ffff | ff48 895c | 2408 4889 

  0x0000793f70b6d8e0: ;   {runtime_call UncommonTrapBlob}
  0x0000793f70b6d8e0: 5c24 10e8 

  0x0000793f70b6d8e4: ; ImmutableOopMap {[8]=Oop [16]=Oop [24]=NarrowOop }
                      ;*aaload {reexecute=0 rethrow=0 return_oop=0}
                      ; - java.util.HashMap$HashIterator::<init>@70 (line 1593)
                      ; - java.util.HashMap$KeyIterator::<init>@2 (line 1626)
                      ; - java.util.HashMap$KeySet::iterator@8 (line 991)
                      ; - java.util.HashSet::iterator@7 (line 182)
  0x0000793f70b6d8e4: 1856 14ff 

  0x0000793f70b6d8e8: ;   {other}
  0x0000793f70b6d8e8: 0f1f 8400 | 5808 0006 | 498b f749 | ba10 ef53 | 883f 7900 | 0041 ffd2 

  0x0000793f70b6d900: ;   {other}
  0x0000793f70b6d900: 0f1f 8400 | 0000 0000 | e9f1 fcff | ffbe c6ff | ffff 418b 

  0x0000793f70b6d914: ;   {runtime_call UncommonTrapBlob}
  0x0000793f70b6d914: e866 90e8 

  0x0000793f70b6d918: ; ImmutableOopMap {rbp=NarrowOop }
                      ;*invokevirtual keySet {reexecute=0 rethrow=0 return_oop=0}
                      ; - java.util.HashSet::iterator@4 (line 182)
  0x0000793f70b6d918: e455 14ff 

  0x0000793f70b6d91c: ;   {other}
  0x0000793f70b6d91c: 0f1f 8400 | 8c08 0007 | bec6 ffff 

  0x0000793f70b6d928: ;   {runtime_call UncommonTrapBlob}
  0x0000793f70b6d928: ff66 90e8 

  0x0000793f70b6d92c: ; ImmutableOopMap {rbp=Oop }
                      ;*invokeinterface iterator {reexecute=0 rethrow=0 return_oop=0}
                      ; - java.util.HashSet::iterator@7 (line 182)
  0x0000793f70b6d92c: d055 14ff 

  0x0000793f70b6d930: ;   {other}
  0x0000793f70b6d930: 0f1f 8400 | a008 0008 | be45 ffff | ff48 8beb | 4489 2c24 

  0x0000793f70b6d944: ;   {runtime_call UncommonTrapBlob}
  0x0000793f70b6d944: 6666 90e8 

  0x0000793f70b6d948: ; ImmutableOopMap {rbp=Oop }
                      ;*if_icmpge {reexecute=1 rethrow=0 return_oop=0}
                      ; - (reexecute) java.util.HashMap$HashIterator::<init>@54 (line 1593)
                      ; - java.util.HashMap$KeyIterator::<init>@2 (line 1626)
                      ; - java.util.HashMap$KeySet::iterator@8 (line 991)
                      ; - java.util.HashSet::iterator@7 (line 182)
  0x0000793f70b6d948: b455 14ff 

  0x0000793f70b6d94c: ;   {other}
  0x0000793f70b6d94c: 0f1f 8400 | bc08 0009 | 498b f749 | ba10 ef53 | 883f 7900 | 0041 ffd2 

  0x0000793f70b6d964: ;   {other}
  0x0000793f70b6d964: 0f1f 8400 | 0000 0000 | e9c5 fbff | ff49 8bf7 | 49ba 10ef | 5388 3f79 | 0000 41ff 

  0x0000793f70b6d980: ;   {other}
  0x0000793f70b6d980: d20f 1f84 | 0000 0000 | 00e9 adfa | ffff be45 | ffff ff48 | 895c 2408 | 4889 5c24 | 1044 896c 
  0x0000793f70b6d9a0: ;   {runtime_call UncommonTrapBlob}
  0x0000793f70b6d9a0: 2418 90e8 

  0x0000793f70b6d9a4: ; ImmutableOopMap {[8]=Oop [16]=Oop [24]=NarrowOop }
                      ;*ifeq {reexecute=1 rethrow=0 return_oop=0}
                      ; - (reexecute) java.util.LinkedHashMap$LinkedHashIterator::<init>@16 (line 1011)
                      ; - java.util.LinkedHashMap$LinkedKeyIterator::<init>@3 (line 1045)
                      ; - java.util.LinkedHashMap$LinkedKeySet::iterator@12 (line 700)
                      ; - java.util.HashSet::iterator@7 (line 182)
  0x0000793f70b6d9a4: 5855 14ff 

  0x0000793f70b6d9a8: ;   {other}
  0x0000793f70b6d9a8: 0f1f 8400 | 1809 000a | 498b f749 | ba10 ef53 | 883f 7900 | 0041 ffd2 

  0x0000793f70b6d9c0: ;   {other}
  0x0000793f70b6d9c0: 0f1f 8400 | 0000 0000 | e98b f9ff | ffbe deff 

  0x0000793f70b6d9d0: ;   {runtime_call UncommonTrapBlob}
  0x0000793f70b6d9d0: ffff 90e8 

  0x0000793f70b6d9d4: ; ImmutableOopMap {rbp=NarrowOop }
                      ;*checkcast {reexecute=0 rethrow=0 return_oop=0}
                      ; - java.util.LinkedHashMap::sequencedKeySet@27 (line 649)
                      ; - java.util.LinkedHashMap::keySet@1 (line 628)
                      ; - java.util.HashSet::iterator@4 (line 182)
  0x0000793f70b6d9d4: 2855 14ff 

  0x0000793f70b6d9d8: ;   {other}
  0x0000793f70b6d9d8: 0f1f 8400 | 4809 000b | bef6 ffff 

  0x0000793f70b6d9e4: ;   {runtime_call UncommonTrapBlob}
  0x0000793f70b6d9e4: ff66 90e8 

  0x0000793f70b6d9e8: ; ImmutableOopMap {}
                      ;*invokevirtual keySet {reexecute=0 rethrow=0 return_oop=0}
                      ; - java.util.HashSet::iterator@4 (line 182)
  0x0000793f70b6d9e8: 1455 14ff 

  0x0000793f70b6d9ec: ;   {other}
  0x0000793f70b6d9ec: 0f1f 8400 | 5c09 000c | bef6 ffff 

  0x0000793f70b6d9f8: ;   {runtime_call UncommonTrapBlob}
  0x0000793f70b6d9f8: ff66 90e8 

  0x0000793f70b6d9fc: ; ImmutableOopMap {}
                      ;*getfield modCount {reexecute=1 rethrow=0 return_oop=0}
                      ; - (reexecute) java.util.HashMap$HashIterator::<init>@11 (line 1588)
                      ; - java.util.HashMap$KeyIterator::<init>@2 (line 1626)
                      ; - java.util.HashMap$KeySet::iterator@8 (line 991)
                      ; - java.util.HashSet::iterator@7 (line 182)
  0x0000793f70b6d9fc: 0055 14ff 

  0x0000793f70b6da00: ;   {other}
  0x0000793f70b6da00: 0f1f 8400 | 7009 000d | bef6 ffff 

  0x0000793f70b6da0c: ;   {runtime_call UncommonTrapBlob}
  0x0000793f70b6da0c: ff66 90e8 

  0x0000793f70b6da10: ; ImmutableOopMap {}
                      ;*getfield head {reexecute=1 rethrow=0 return_oop=0}
                      ; - (reexecute) java.util.LinkedHashMap$LinkedHashIterator::<init>@27 (line 1011)
                      ; - java.util.LinkedHashMap$LinkedKeyIterator::<init>@3 (line 1045)
                      ; - java.util.LinkedHashMap$LinkedKeySet::iterator@12 (line 700)
                      ; - java.util.HashSet::iterator@7 (line 182)
  0x0000793f70b6da10: ec54 14ff 

  0x0000793f70b6da14: ;   {other}
  0x0000793f70b6da14: 0f1f 8400 | 8409 000e | 488b f0eb | 0d48 8bf0 | eb08 488b | f0eb 0348 | 8bf0 4883 

  0x0000793f70b6da30: ;   {runtime_call _rethrow_Java}
  0x0000793f70b6da30: c430 5de9 | 4830 21ff 

  0x0000793f70b6da38: ;   {internal_word}
  0x0000793f70b6da38: 49ba 54d6 | b670 3f79 | 0000 4d89 | 9768 0400 

  0x0000793f70b6da48: ;   {runtime_call SafepointBlob}
  0x0000793f70b6da48: 00e9 b265 

  0x0000793f70b6da4c: ;   {runtime_call StubRoutines (final stubs)}
  0x0000793f70b6da4c: 14ff e82d | 5a12 ffe9 | 62f8 ffff 
[Exception Handler]
  0x0000793f70b6da58: ;   {no_reloc}
  0x0000793f70b6da58: e923 8720 | ffe8 0000 | 0000 4883 

  0x0000793f70b6da64: ;   {runtime_call DeoptimizationBlob}
  0x0000793f70b6da64: 2c24 05e9 | 3458 14ff | f4f4 f4f4 
[/MachCode]


Compiled method (c1) 43591 13644       3       java.lang.invoke.LambdaForm$DMH/0x0000793f0c18c000::invokeSpecial (15 bytes)
 total in heap  [0x0000793f69029590,0x0000793f69029d28] = 1944
 relocation     [0x0000793f690296e8,0x0000793f69029748] = 96
 main code      [0x0000793f69029760,0x0000793f69029bf0] = 1168
 stub code      [0x0000793f69029bf0,0x0000793f69029c40] = 80
 oops           [0x0000793f69029c40,0x0000793f69029c48] = 8
 metadata       [0x0000793f69029c48,0x0000793f69029c58] = 16
 scopes data    [0x0000793f69029c58,0x0000793f69029ca0] = 72
 scopes pcs     [0x0000793f69029ca0,0x0000793f69029d10] = 112
 dependencies   [0x0000793f69029d10,0x0000793f69029d18] = 8
 nul chk table  [0x0000793f69029d18,0x0000793f69029d28] = 16

[Constant Pool (empty)]

[MachCode]
[Verified Entry Point]
  # {method} {0x0000793f078ace80} 'invokeSpecial' '(Ljava/lang/Object;Ljava/lang/Object;Ljava/lang/Object;)V' in 'java/lang/invoke/LambdaForm$DMH+0x0000793f0c18c000'
  # parm0:    rsi:rsi   = 'java/lang/Object'
  # parm1:    rdx:rdx   = 'java/lang/Object'
  # parm2:    rcx:rcx   = 'java/lang/Object'
  #           [sp+0x50]  (sp of caller)
  0x0000793f69029760: 8984 2400 | c0fe ff55 | 4883 ec40 | 4181 7f20 | 1700 0000 

  0x0000793f69029774: ;   {runtime_call StubRoutines (final stubs)}
  0x0000793f69029774: 7405 e805 

  0x0000793f69029778: ;   {metadata(method data for {method} {0x0000793f078ace80} 'invokeSpecial' '(Ljava/lang/Object;Ljava/lang/Object;Ljava/lang/Object;)V' in 'java/lang/invoke/LambdaForm$DMH+0x0000793f0c18c000')}
  0x0000793f69029778: 9dc6 0648 | bfe8 008b | 073f 7900 | 0048 8dbf | 4002 0000 | 4885 f675 | 0cf6 0701 | 754c f048 
  0x0000793f69029798: 830f 01eb | 458b 5e08 | 49ba 0000 | 000b 3f79 | 0000 4903 | da4c 8bd3 | 4833 1f48 | f7c3 fcff 
  0x0000793f690297b8: ffff 7426 | f6c3 0275 | 2148 f707 | feff ffff | 7415 498b | da48 331f | 48f7 c3fc | ffff ff74 
  0x0000793f690297d8: 0948 830f | 02eb 0348 | 891f 4885 | d275 0ef6 | 4710 0175 | 52f0 4883 | 4f10 01eb | 4a8b 5a08 
  0x0000793f690297f8: 49ba 0000 | 000b 3f79 | 0000 4903 | da4c 8bd3 | 4833 5f10 | 48f7 c3fc | ffff ff74 | 2af6 c302 
  0x0000793f69029818: 7525 48f7 | 4710 feff | ffff 7417 | 498b da48 | 335f 1048 | f7c3 fcff | ffff 740b | 4883 4f10 
  0x0000793f69029838: 02eb 0448 

  0x0000793f6902983c: ;   {metadata(method data for {method} {0x0000793f078ace80} 'invokeSpecial' '(Ljava/lang/Object;Ljava/lang/Object;Ljava/lang/Object;)V' in 'java/lang/invoke/LambdaForm$DMH+0x0000793f0c18c000')}
  0x0000793f6902983c: 895f 1048 | bfe8 008b | 073f 7900 | 008b 9ff4 | 0000 0083 | c302 899f | f400 0000 | 81e3 fe07 
  0x0000793f6902985c: 0000 85db | 0f84 f902 

  0x0000793f69029864: ;   {metadata(method data for {method} {0x0000793f078ace80} 'invokeSpecial' '(Ljava/lang/Object;Ljava/lang/Object;Ljava/lang/Object;)V' in 'java/lang/invoke/LambdaForm$DMH+0x0000793f0c18c000')}
  0x0000793f69029864: 0000 48bf | e800 8b07 | 3f79 0000 | 488d bf48 | 0100 0048 | 85f6 750e | f647 0801 | 7552 f048 
  0x0000793f69029884: 834f 0801 | eb4a 8b5e | 0849 ba00 | 0000 0b3f | 7900 0049 | 03da 4c8b | d348 335f | 0848 f7c3 
  0x0000793f690298a4: fcff ffff | 742a f6c3 | 0275 2548 | f747 08fe | ffff ff74 | 1749 8bda | 4833 5f08 | 48f7 c3fc 
  0x0000793f690298c4: ffff ff74 | 0b48 834f | 0802 eb04 | 4889 5f08 

  0x0000793f690298d4: ;   {metadata(method data for {method} {0x0000793f078ace80} 'invokeSpecial' '(Ljava/lang/Object;Ljava/lang/Object;Ljava/lang/Object;)V' in 'java/lang/invoke/LambdaForm$DMH+0x0000793f0c18c000')}
  0x0000793f690298d4: 48bf e800 | 8b07 3f79 | 0000 4883 | 8738 0100 

  0x0000793f690298e4: ;   {metadata(method data for {method} {0x0000793f0b0a1a00} 'internalMemberName' '(Ljava/lang/Object;)Ljava/lang/Object;' in 'java/lang/invoke/DirectMethodHandle')}
  0x0000793f690298e4: 0001 48bf | 68e7 1c07 | 3f79 0000 | 8b9f f400 | 0000 83c3 | 0289 9ff4 | 0000 0081 | e3fe ff1f 
  0x0000793f69029904: 0085 db0f | 8473 0200 | 0048 85f6 

  0x0000793f69029910: ;   {metadata(method data for {method} {0x0000793f0b0a1a00} 'internalMemberName' '(Ljava/lang/Object;)Ljava/lang/Object;' in 'java/lang/invoke/DirectMethodHandle')}
  0x0000793f69029910: 7516 48bb | 68e7 1c07 | 3f79 0000 | 808b 3101 | 0000 01e9 | cd00 0000 

  0x0000793f69029928: ;   {metadata('java/lang/invoke/DirectMethodHandle')}
  0x0000793f69029928: 48b8 78f1 | 090b 3f79 | 0000 8b5e | 0849 ba00 | 0000 0b3f | 7900 0049 | 03da 483b | 4340 0f85 
  0x0000793f69029948: 8d00 0000 

  0x0000793f6902994c: ;   {metadata(method data for {method} {0x0000793f0b0a1a00} 'internalMemberName' '(Ljava/lang/Object;)Ljava/lang/Object;' in 'java/lang/invoke/DirectMethodHandle')}
  0x0000793f6902994c: 48bb 68e7 | 1c07 3f79 | 0000 8b46 | 0849 ba00 | 0000 0b3f | 7900 0049 | 03c2 483b | 8348 0100 
  0x0000793f6902996c: 0075 0d48 | 8383 5001 | 0000 01e9 | 7900 0000 | 483b 8358 | 0100 0075 | 0d48 8383 | 6001 0000 
  0x0000793f6902998c: 01e9 6300 | 0000 4883 | bb48 0100 | 0000 7517 | 4889 8348 | 0100 0048 | c783 5001 | 0000 0100 
  0x0000793f690299ac: 0000 e942 | 0000 0048 | 83bb 5801 | 0000 0075 | 1748 8983 | 5801 0000 | 48c7 8360 | 0100 0001 
  0x0000793f690299cc: 0000 00e9 | 2100 0000 | e91c 0000 

  0x0000793f690299d8: ;   {metadata(method data for {method} {0x0000793f0b0a1a00} 'internalMemberName' '(Ljava/lang/Object;)Ljava/lang/Object;' in 'java/lang/invoke/DirectMethodHandle')}
  0x0000793f690299d8: 0048 bb68 | e71c 073f | 7900 0048 | 83ab 3801 | 0000 01e9 | b101 0000 | e900 0000 | 008b 7e20 
  0x0000793f690299f8: ;   {metadata(method data for {method} {0x0000793f078ace80} 'invokeSpecial' '(Ljava/lang/Object;Ljava/lang/Object;Ljava/lang/Object;)V' in 'java/lang/invoke/LambdaForm$DMH+0x0000793f0c18c000')}
  0x0000793f690299f8: 48be e800 | 8b07 3f79 | 0000 488d | b658 0100 | 0048 85ff | 750c f606 | 0175 46f0 | 4883 0e01 
  0x0000793f69029a18: ;   {metadata('java/lang/invoke/MemberName')}
  0x0000793f69029a18: eb3f 48bb | 981c 090b | 3f79 0000 | 4c8b d348 | 331e 48f7 | c3fc ffff | ff74 26f6 | c302 7521 
  0x0000793f69029a38: 48f7 06fe | ffff ff74 | 1549 8bda | 4833 1e48 | f7c3 fcff | ffff 7409 | 4883 0e02 | eb03 4889 
  0x0000793f69029a58: ;   {metadata(method data for {method} {0x0000793f078ace80} 'invokeSpecial' '(Ljava/lang/Object;Ljava/lang/Object;Ljava/lang/Object;)V' in 'java/lang/invoke/LambdaForm$DMH+0x0000793f0c18c000')}
  0x0000793f69029a58: 1e48 bee8 | 008b 073f | 7900 0048 | 8db6 b001 | 0000 4885 | d275 0ef6 | 4608 0175 | 52f0 4883 
  0x0000793f69029a78: 4e08 01eb | 4a8b 5a08 | 49ba 0000 | 000b 3f79 | 0000 4903 | da4c 8bd3 | 4833 5e08 | 48f7 c3fc 
  0x0000793f69029a98: ffff ff74 | 2af6 c302 | 7525 48f7 | 4608 feff | ffff 7417 | 498b da48 | 335e 0848 | f7c3 fcff 
  0x0000793f69029ab8: ffff 740b | 4883 4e08 | 02eb 0448 | 895e 0848 | 85c9 750e | f646 1801 | 7552 f048 | 834e 1801 
  0x0000793f69029ad8: eb4a 8b59 | 0849 ba00 | 0000 0b3f | 7900 0049 | 03da 4c8b | d348 335e | 1848 f7c3 | fcff ffff 
  0x0000793f69029af8: 742a f6c3 | 0275 2548 | f746 18fe | ffff ff74 | 1749 8bda | 4833 5e18 | 48f7 c3fc | ffff ff74 
  0x0000793f69029b18: 0b48 834e | 1802 eb04 | 4889 5e18 

  0x0000793f69029b24: ;   {metadata(method data for {method} {0x0000793f078ace80} 'invokeSpecial' '(Ljava/lang/Object;Ljava/lang/Object;Ljava/lang/Object;)V' in 'java/lang/invoke/LambdaForm$DMH+0x0000793f0c18c000')}
  0x0000793f69029b24: 48be e800 | 8b07 3f79 | 0000 4883 | 86a0 0100 | 0001 488b | f248 8bd1 

  0x0000793f69029b3c: ;   {static_call}
  0x0000793f69029b3c: 488b cfe8 

  0x0000793f69029b40: ; ImmutableOopMap {}
                      ;*invokestatic linkToSpecial {reexecute=0 rethrow=0 return_oop=0}
                      ; - java.lang.invoke.LambdaForm$DMH/0x0000793f0c18c000::invokeSpecial@11
  0x0000793f69029b40: bcc6 3707 

  0x0000793f69029b44: ;   {other}
  0x0000793f69029b44: 0f1f 8400 | b405 0000 | 4883 c440 

  0x0000793f69029b50: ;   {poll_return}
  0x0000793f69029b50: 5d49 3ba7 | 5004 0000 | 0f87 5100 

  0x0000793f69029b5c: ;   {metadata({method} {0x0000793f078ace80} 'invokeSpecial' '(Ljava/lang/Object;Ljava/lang/Object;Ljava/lang/Object;)V' in 'java/lang/invoke/LambdaForm$DMH+0x0000793f0c18c000')}
  0x0000793f69029b5c: 0000 c349 | ba80 ce8a | 073f 7900 | 004c 8954 | 2408 48c7 | 0424 ffff 

  0x0000793f69029b74: ;   {runtime_call counter_overflow Runtime1 stub}
  0x0000793f69029b74: ffff e885 

  0x0000793f69029b78: ; ImmutableOopMap {rsi=Oop rdx=Oop rcx=Oop }
                      ;*synchronization entry
                      ; - java.lang.invoke.LambdaForm$DMH/0x0000793f0c18c000::invokeSpecial@-1
  0x0000793f69029b78: a6d4 06e9 | e6fc ffff 

  0x0000793f69029b80: ;   {metadata({method} {0x0000793f0b0a1a00} 'internalMemberName' '(Ljava/lang/Object;)Ljava/lang/Object;' in 'java/lang/invoke/DirectMethodHandle')}
  0x0000793f69029b80: 49ba 001a | 0a0b 3f79 | 0000 4c89 | 5424 0848 | c704 24ff 

  0x0000793f69029b94: ;   {runtime_call counter_overflow Runtime1 stub}
  0x0000793f69029b94: ffff ffe8 

  0x0000793f69029b98: ; ImmutableOopMap {rsi=Oop rdx=Oop rcx=Oop }
                      ;*synchronization entry
                      ; - java.lang.invoke.DirectMethodHandle::internalMemberName@-1 (line 327)
                      ; - java.lang.invoke.LambdaForm$DMH/0x0000793f0c18c000::invokeSpecial@1
  0x0000793f69029b98: 64a6 d406 | e96c fdff | ff48 8934 

  0x0000793f69029ba4: ;   {runtime_call throw_class_cast_exception Runtime1 stub}
  0x0000793f69029ba4: 24e8 d676 

  0x0000793f69029ba8: ; ImmutableOopMap {rdx=Oop rcx=Oop }
                      ;*checkcast {reexecute=0 rethrow=0 return_oop=0}
                      ; - java.lang.invoke.DirectMethodHandle::internalMemberName@1 (line 327)
                      ; - java.lang.invoke.LambdaForm$DMH/0x0000793f0c18c000::invokeSpecial@1
                      ;   {runtime_call throw_null_pointer_exception Runtime1 stub}
  0x0000793f69029ba8: d406 e851 

  0x0000793f69029bac: ; ImmutableOopMap {rdx=Oop rcx=Oop }
                      ;*getfield member {reexecute=1 rethrow=0 return_oop=0}
                      ; - (reexecute) java.lang.invoke.DirectMethodHandle::internalMemberName@4 (line 327)
                      ; - java.lang.invoke.LambdaForm$DMH/0x0000793f0c18c000::invokeSpecial@1
                      ;   {internal_word}
  0x0000793f69029bac: 4ed4 0649 | ba51 9b02 | 693f 7900 | 004d 8997 | 6804 0000 

  0x0000793f69029bc0: ;   {runtime_call SafepointBlob}
  0x0000793f69029bc0: e93b a4c8 | 0649 8b87 | 0005 0000 | 49c7 8700 | 0500 0000 | 0000 0049 | c787 0805 | 0000 0000 
  0x0000793f69029be0: 0000 4883 

  0x0000793f69029be4: ;   {runtime_call unwind_exception Runtime1 stub}
  0x0000793f69029be4: c440 5de9 | 143f d406 | f4f4 f4f4 
[Stub Code]
  0x0000793f69029bf0: ;   {no_reloc}
  0x0000793f69029bf0: 48bb 0000 | 0000 0000 

  0x0000793f69029bf8: ;   {runtime_call nmethod}
  0x0000793f69029bf8: 0000 e9fb 

  0x0000793f69029bfc: ;   {runtime_call handle_exception_from_callee Runtime1 stub}
  0x0000793f69029bfc: ffff ffe8 | 7c70 d406 

  0x0000793f69029c04: ;   {external_word}
  0x0000793f69029c04: 48bf 04da | e988 3f79 | 0000 4883 

  0x0000793f69029c10: ;   {runtime_call MacroAssembler::debug64(char*, long, long*)}
  0x0000793f69029c10: e4f0 e809 | 2695 1ff4 
[Deopt Handler Code]
  0x0000793f69029c18: ;   {section_word}
  0x0000793f69029c18: 49ba 189c | 0269 3f79 | 0000 4152 

  0x0000793f69029c24: ;   {runtime_call DeoptimizationBlob}
  0x0000793f69029c24: e977 96c8 

  0x0000793f69029c28: ;   {section_word}
  0x0000793f69029c28: 0649 ba29 | 9c02 693f | 7900 0041 

  0x0000793f69029c34: ;   {runtime_call DeoptimizationBlob}
  0x0000793f69029c34: 52e9 6696 | c806 f4f4 | f4f4 f4f4 
[/MachCode]


Compiled method (c1) 43691 13607       3       java.lang.invoke.LambdaForm$MH/0x0000793f0c01cc00::invoke (57 bytes)
 total in heap  [0x0000793f68fda910,0x0000793f68fdb5b8] = 3240
 relocation     [0x0000793f68fdaa68,0x0000793f68fdab08] = 160
 main code      [0x0000793f68fdab20,0x0000793f68fdb3a8] = 2184
 stub code      [0x0000793f68fdb3a8,0x0000793f68fdb408] = 96
 oops           [0x0000793f68fdb408,0x0000793f68fdb410] = 8
 metadata       [0x0000793f68fdb410,0x0000793f68fdb418] = 8
 scopes data    [0x0000793f68fdb418,0x0000793f68fdb4a8] = 144
 scopes pcs     [0x0000793f68fdb4a8,0x0000793f68fdb588] = 224
 dependencies   [0x0000793f68fdb588,0x0000793f68fdb590] = 8
 nul chk table  [0x0000793f68fdb590,0x0000793f68fdb5b8] = 40

[Constant Pool (empty)]

[MachCode]
[Verified Entry Point]
  # {method} {0x0000793f0748d2e8} 'invoke' '(Ljava/lang/Object;Ljava/lang/Object;Ljava/lang/Object;)Ljava/lang/Object;' in 'java/lang/invoke/LambdaForm$MH+0x0000793f0c01cc00'
  # parm0:    rsi:rsi   = 'java/lang/Object'
  # parm1:    rdx:rdx   = 'java/lang/Object'
  # parm2:    rcx:rcx   = 'java/lang/Object'
  #           [sp+0x50]  (sp of caller)
  0x0000793f68fdab20: 8984 2400 | c0fe ff55 | 4883 ec40 | 4181 7f20 | 1700 0000 

  0x0000793f68fdab34: ;   {runtime_call StubRoutines (final stubs)}
  0x0000793f68fdab34: 7405 e845 

  0x0000793f68fdab38: ;   {metadata(method data for {method} {0x0000793f0748d2e8} 'invoke' '(Ljava/lang/Object;Ljava/lang/Object;Ljava/lang/Object;)Ljava/lang/Object;' in 'java/lang/invoke/LambdaForm$MH+0x0000793f0c01cc00')}
  0x0000793f68fdab38: 89cb 0648 | bf00 cc22 | 2d3d 7900 | 0048 8dbf | 9003 0000 | 4885 f675 | 0cf6 0701 | 754c f048 
  0x0000793f68fdab58: 830f 01eb | 458b 5e08 | 49ba 0000 | 000b 3f79 | 0000 4903 | da4c 8bd3 | 4833 1f48 | f7c3 fcff 
  0x0000793f68fdab78: ffff 7426 | f6c3 0275 | 2148 f707 | feff ffff | 7415 498b | da48 331f | 48f7 c3fc | ffff ff74 
  0x0000793f68fdab98: 0948 830f | 02eb 0348 | 891f 4885 | d275 0ef6 | 4710 0175 | 52f0 4883 | 4f10 01eb | 4a8b 5a08 
  0x0000793f68fdabb8: 49ba 0000 | 000b 3f79 | 0000 4903 | da4c 8bd3 | 4833 5f10 | 48f7 c3fc | ffff ff74 | 2af6 c302 
  0x0000793f68fdabd8: 7525 48f7 | 4710 feff | ffff 7417 | 498b da48 | 335f 1048 | f7c3 fcff | ffff 740b | 4883 4f10 
  0x0000793f68fdabf8: 02eb 0448 

  0x0000793f68fdabfc: ;   {metadata(method data for {method} {0x0000793f0748d2e8} 'invoke' '(Ljava/lang/Object;Ljava/lang/Object;Ljava/lang/Object;)Ljava/lang/Object;' in 'java/lang/invoke/LambdaForm$MH+0x0000793f0c01cc00')}
  0x0000793f68fdabfc: 895f 1048 | bf00 cc22 | 2d3d 7900 | 008b 9ff4 | 0000 0083 | c302 899f | f400 0000 | 81e3 fe07 
  0x0000793f68fdac1c: 0000 85db | 0f84 eb06 | 0000 4889 | 5424 2848 | 85f6 7516 

  0x0000793f68fdac30: ;   {metadata(method data for {method} {0x0000793f0748d2e8} 'invoke' '(Ljava/lang/Object;Ljava/lang/Object;Ljava/lang/Object;)Ljava/lang/Object;' in 'java/lang/invoke/LambdaForm$MH+0x0000793f0c01cc00')}
  0x0000793f68fdac30: 48bb 00cc | 222d 3d79 | 0000 808b | 3101 0000 | 01e9 cc00 

  0x0000793f68fdac44: ;   {metadata('java/lang/invoke/BoundMethodHandle$Species_LLL')}
  0x0000793f68fdac44: 0000 48b8 | 98f9 220b | 3f79 0000 | 8b7e 0849 | ba00 0000 | 0b3f 7900 | 0049 03fa | 483b c70f 
  0x0000793f68fdac64: 858d 0000 

  0x0000793f68fdac68: ;   {metadata(method data for {method} {0x0000793f0748d2e8} 'invoke' '(Ljava/lang/Object;Ljava/lang/Object;Ljava/lang/Object;)Ljava/lang/Object;' in 'java/lang/invoke/LambdaForm$MH+0x0000793f0c01cc00')}
  0x0000793f68fdac68: 0048 bb00 | cc22 2d3d | 7900 008b | 4608 49ba | 0000 000b | 3f79 0000 | 4903 c248 | 3b83 4801 
  0x0000793f68fdac88: 0000 750d | 4883 8350 | 0100 0001 | e979 0000 | 0048 3b83 | 5801 0000 | 750d 4883 | 8360 0100 
  0x0000793f68fdaca8: 0001 e963 | 0000 0048 | 83bb 4801 | 0000 0075 | 1748 8983 | 4801 0000 | 48c7 8350 | 0100 0001 
  0x0000793f68fdacc8: 0000 00e9 | 4200 0000 | 4883 bb58 | 0100 0000 | 7517 4889 | 8358 0100 | 0048 c783 | 6001 0000 
  0x0000793f68fdace8: 0100 0000 | e921 0000 | 00e9 1c00 

  0x0000793f68fdacf4: ;   {metadata(method data for {method} {0x0000793f0748d2e8} 'invoke' '(Ljava/lang/Object;Ljava/lang/Object;Ljava/lang/Object;)Ljava/lang/Object;' in 'java/lang/invoke/LambdaForm$MH+0x0000793f0c01cc00')}
  0x0000793f68fdacf4: 0000 48bb | 00cc 222d | 3d79 0000 | 4883 ab38 | 0100 0001 | e925 0600 | 00e9 0000 | 0000 488b 
  0x0000793f68fdad14: fe48 897c | 2420 8b77 | 2848 85f6 

  0x0000793f68fdad20: ;   {metadata(method data for {method} {0x0000793f0748d2e8} 'invoke' '(Ljava/lang/Object;Ljava/lang/Object;Ljava/lang/Object;)Ljava/lang/Object;' in 'java/lang/invoke/LambdaForm$MH+0x0000793f0c01cc00')}
  0x0000793f68fdad20: 7516 48b8 | 00cc 222d | 3d79 0000 | 8088 6901 | 0000 01e9 | ce00 0000 

  0x0000793f68fdad38: ;   {metadata('java/lang/invoke/MethodHandle')}
  0x0000793f68fdad38: 49b8 18f1 | 050b 3f79 | 0000 8b46 | 0849 ba00 | 0000 0b3f | 7900 0049 | 03c2 4c3b | 4038 0f85 
  0x0000793f68fdad58: 8e00 0000 

  0x0000793f68fdad5c: ;   {metadata(method data for {method} {0x0000793f0748d2e8} 'invoke' '(Ljava/lang/Object;Ljava/lang/Object;Ljava/lang/Object;)Ljava/lang/Object;' in 'java/lang/invoke/LambdaForm$MH+0x0000793f0c01cc00')}
  0x0000793f68fdad5c: 48b8 00cc | 222d 3d79 | 0000 448b | 4608 49ba | 0000 000b | 3f79 0000 | 4d03 c24c | 3b80 8001 
  0x0000793f68fdad7c: 0000 750d | 4883 8088 | 0100 0001 | e979 0000 | 004c 3b80 | 9001 0000 | 750d 4883 | 8098 0100 
  0x0000793f68fdad9c: 0001 e963 | 0000 0048 | 83b8 8001 | 0000 0075 | 174c 8980 | 8001 0000 | 48c7 8088 | 0100 0001 
  0x0000793f68fdadbc: 0000 00e9 | 4200 0000 | 4883 b890 | 0100 0000 | 7517 4c89 | 8090 0100 | 0048 c780 | 9801 0000 
  0x0000793f68fdaddc: 0100 0000 | e921 0000 | 00e9 1c00 

  0x0000793f68fdade8: ;   {metadata(method data for {method} {0x0000793f0748d2e8} 'invoke' '(Ljava/lang/Object;Ljava/lang/Object;Ljava/lang/Object;)Ljava/lang/Object;' in 'java/lang/invoke/LambdaForm$MH+0x0000793f0c01cc00')}
  0x0000793f68fdade8: 0000 48b8 | 00cc 222d | 3d79 0000 | 4883 a870 | 0100 0001 | e93f 0500 | 00e9 0000 | 0000 483b 
  0x0000793f68fdae08: ;   {metadata(method data for {method} {0x0000793f0748d2e8} 'invoke' '(Ljava/lang/Object;Ljava/lang/Object;Ljava/lang/Object;)Ljava/lang/Object;' in 'java/lang/invoke/LambdaForm$MH+0x0000793f0c01cc00')}
  0x0000793f68fdae08: 0648 bb00 | cc22 2d3d | 7900 0048 | 8d9b e001 | 0000 4885 | c975 0ef6 | 4308 0175 | 4ff0 4883 
  0x0000793f68fdae28: 4b08 01eb | 478b 4108 | 49ba 0000 | 000b 3f79 | 0000 4903 | c24c 8bd0 | 4833 4308 | 48a9 fcff 
  0x0000793f68fdae48: ffff 7428 | a802 7524 | 48f7 4308 | feff ffff | 7416 498b | c248 3343 | 0848 a9fc | ffff ff74 
  0x0000793f68fdae68: 0b48 834b | 0802 eb04 | 4889 4308 

  0x0000793f68fdae74: ;   {metadata(method data for {method} {0x0000793f0748d2e8} 'invoke' '(Ljava/lang/Object;Ljava/lang/Object;Ljava/lang/Object;)Ljava/lang/Object;' in 'java/lang/invoke/LambdaForm$MH+0x0000793f0c01cc00')}
  0x0000793f68fdae74: 488b de48 | b800 cc22 | 2d3d 7900 | 0048 8380 | a801 0000 | 0148 8bd1 

  0x0000793f68fdae8c: ;   {optimized virtual_call}
  0x0000793f68fdae8c: 6666 90e8 

  0x0000793f68fdae90: ; ImmutableOopMap {[32]=Oop [40]=Oop }
                      ;*invokevirtual invokeBasic {reexecute=0 rethrow=0 return_oop=0}
                      ; - java.lang.invoke.LambdaForm$MH/0x0000793f0c01cc00::invoke@15
  0x0000793f68fdae90: ec86 3c07 

  0x0000793f68fdae94: ;   {other}
  0x0000793f68fdae94: 0f1f 8400 | 8405 0000 

  0x0000793f68fdae9c: ;   {metadata(method data for {method} {0x0000793f0748d2e8} 'invoke' '(Ljava/lang/Object;Ljava/lang/Object;Ljava/lang/Object;)Ljava/lang/Object;' in 'java/lang/invoke/LambdaForm$MH+0x0000793f0c01cc00')}
  0x0000793f68fdae9c: 48ba 00cc | 222d 3d79 | 0000 488d | 92f0 0100 | 0048 85c0 | 750c f602 | 0175 4df0 | 4883 0a01 
  0x0000793f68fdaebc: eb46 8b70 | 0849 ba00 | 0000 0b3f | 7900 0049 | 03f2 4c8b | d648 3332 | 48f7 c6fc | ffff ff74 
  0x0000793f68fdaedc: 2740 f6c6 | 0275 2148 | f702 feff | ffff 7415 | 498b f248 | 3332 48f7 | c6fc ffff | ff74 0948 
  0x0000793f68fdaefc: 830a 02eb | 0348 8932 | 488b 7c24 | 208b 5724 | 4885 d275 

  0x0000793f68fdaf10: ;   {metadata(method data for {method} {0x0000793f0748d2e8} 'invoke' '(Ljava/lang/Object;Ljava/lang/Object;Ljava/lang/Object;)Ljava/lang/Object;' in 'java/lang/invoke/LambdaForm$MH+0x0000793f0c01cc00')}
  0x0000793f68fdaf10: 1648 bb00 | cc22 2d3d | 7900 0080 | 8bf9 0100 | 0001 e9cd 

  0x0000793f68fdaf24: ;   {metadata('java/lang/invoke/MethodHandle')}
  0x0000793f68fdaf24: 0000 0048 | b918 f105 | 0b3f 7900 | 008b 5a08 | 49ba 0000 | 000b 3f79 | 0000 4903 | da48 3b4b 
  0x0000793f68fdaf44: 380f 858d 

  0x0000793f68fdaf48: ;   {metadata(method data for {method} {0x0000793f0748d2e8} 'invoke' '(Ljava/lang/Object;Ljava/lang/Object;Ljava/lang/Object;)Ljava/lang/Object;' in 'java/lang/invoke/LambdaForm$MH+0x0000793f0c01cc00')}
  0x0000793f68fdaf48: 0000 0048 | bb00 cc22 | 2d3d 7900 | 008b 4a08 | 49ba 0000 | 000b 3f79 | 0000 4903 | ca48 3b8b 
  0x0000793f68fdaf68: 1002 0000 | 750d 4883 | 8318 0200 | 0001 e979 | 0000 0048 | 3b8b 2002 | 0000 750d | 4883 8328 
  0x0000793f68fdaf88: 0200 0001 | e963 0000 | 0048 83bb | 1002 0000 | 0075 1748 | 898b 1002 | 0000 48c7 | 8318 0200 
  0x0000793f68fdafa8: 0001 0000 | 00e9 4200 | 0000 4883 | bb20 0200 | 0000 7517 | 4889 8b20 | 0200 0048 | c783 2802 
  0x0000793f68fdafc8: 0000 0100 | 0000 e921 | 0000 00e9 | 1c00 0000 

  0x0000793f68fdafd8: ;   {metadata(method data for {method} {0x0000793f0748d2e8} 'invoke' '(Ljava/lang/Object;Ljava/lang/Object;Ljava/lang/Object;)Ljava/lang/Object;' in 'java/lang/invoke/LambdaForm$MH+0x0000793f0c01cc00')}
  0x0000793f68fdafd8: 48bb 00cc | 222d 3d79 | 0000 4883 | ab00 0200 | 0001 e95f | 0300 00e9 | 0000 0000 | 488b f248 
  0x0000793f68fdaff8: ;   {metadata(method data for {method} {0x0000793f0748d2e8} 'invoke' '(Ljava/lang/Object;Ljava/lang/Object;Ljava/lang/Object;)Ljava/lang/Object;' in 'java/lang/invoke/LambdaForm$MH+0x0000793f0c01cc00')}
  0x0000793f68fdaff8: 3b06 48ba | 00cc 222d | 3d79 0000 | 488d 9270 | 0200 0048 | 8b5c 2428 | 4885 db75 | 0ef6 4208 
  0x0000793f68fdb018: 0175 52f0 | 4883 4a08 | 01eb 4a8b | 4b08 49ba | 0000 000b | 3f79 0000 | 4903 ca4c | 8bd1 4833 
  0x0000793f68fdb038: 4a08 48f7 | c1fc ffff | ff74 2af6 | c102 7525 | 48f7 4208 | feff ffff | 7417 498b | ca48 334a 
  0x0000793f68fdb058: 0848 f7c1 | fcff ffff | 740b 4883 | 4a08 02eb | 0448 894a | 0848 8bd6 

  0x0000793f68fdb070: ;   {metadata(method data for {method} {0x0000793f0748d2e8} 'invoke' '(Ljava/lang/Object;Ljava/lang/Object;Ljava/lang/Object;)Ljava/lang/Object;' in 'java/lang/invoke/LambdaForm$MH+0x0000793f0c01cc00')}
  0x0000793f68fdb070: 48b9 00cc | 222d 3d79 | 0000 4883 | 8138 0200 | 0001 488b | d348 8944 | 2430 0f1f 

  0x0000793f68fdb08c: ;   {optimized virtual_call}
  0x0000793f68fdb08c: 4400 00e8 

  0x0000793f68fdb090: ; ImmutableOopMap {[32]=Oop [48]=Oop }
                      ;*invokevirtual invokeBasic {reexecute=0 rethrow=0 return_oop=0}
                      ; - java.lang.invoke.LambdaForm$MH/0x0000793f0c01cc00::invoke@32
  0x0000793f68fdb090: ec84 3c07 

  0x0000793f68fdb094: ;   {other}
  0x0000793f68fdb094: 0f1f 8400 | 8407 0001 

  0x0000793f68fdb09c: ;   {metadata(method data for {method} {0x0000793f0748d2e8} 'invoke' '(Ljava/lang/Object;Ljava/lang/Object;Ljava/lang/Object;)Ljava/lang/Object;' in 'java/lang/invoke/LambdaForm$MH+0x0000793f0c01cc00')}
  0x0000793f68fdb09c: 48ba 00cc | 222d 3d79 | 0000 488d | 9280 0200 | 0048 85c0 | 750c f602 | 0175 4cf0 | 4883 0a01 
  0x0000793f68fdb0bc: eb45 8b48 | 0849 ba00 | 0000 0b3f | 7900 0049 | 03ca 4c8b | d148 330a | 48f7 c1fc | ffff ff74 
  0x0000793f68fdb0dc: 26f6 c102 | 7521 48f7 | 02fe ffff | ff74 1549 | 8bca 4833 | 0a48 f7c1 | fcff ffff | 7409 4883 
  0x0000793f68fdb0fc: 0a02 eb03 | 4889 0a48 | 8b7c 2420 | 8b57 2048 | 85d2 7516 

  0x0000793f68fdb110: ;   {metadata(method data for {method} {0x0000793f0748d2e8} 'invoke' '(Ljava/lang/Object;Ljava/lang/Object;Ljava/lang/Object;)Ljava/lang/Object;' in 'java/lang/invoke/LambdaForm$MH+0x0000793f0c01cc00')}
  0x0000793f68fdb110: 48b9 00cc | 222d 3d79 | 0000 8089 | 8902 0000 | 01e9 cd00 

  0x0000793f68fdb124: ;   {metadata('java/lang/invoke/MethodHandle')}
  0x0000793f68fdb124: 0000 48bf | 18f1 050b | 3f79 0000 | 8b4a 0849 | ba00 0000 | 0b3f 7900 | 0049 03ca | 483b 7938 
  0x0000793f68fdb144: 0f85 8d00 

  0x0000793f68fdb148: ;   {metadata(method data for {method} {0x0000793f0748d2e8} 'invoke' '(Ljava/lang/Object;Ljava/lang/Object;Ljava/lang/Object;)Ljava/lang/Object;' in 'java/lang/invoke/LambdaForm$MH+0x0000793f0c01cc00')}
  0x0000793f68fdb148: 0000 48b9 | 00cc 222d | 3d79 0000 | 8b7a 0849 | ba00 0000 | 0b3f 7900 | 0049 03fa | 483b b9a0 
  0x0000793f68fdb168: 0200 0075 | 0d48 8381 | a802 0000 | 01e9 7900 | 0000 483b | b9b0 0200 | 0075 0d48 | 8381 b802 
  0x0000793f68fdb188: 0000 01e9 | 6300 0000 | 4883 b9a0 | 0200 0000 | 7517 4889 | b9a0 0200 | 0048 c781 | a802 0000 
  0x0000793f68fdb1a8: 0100 0000 | e942 0000 | 0048 83b9 | b002 0000 | 0075 1748 | 89b9 b002 | 0000 48c7 | 81b8 0200 
  0x0000793f68fdb1c8: 0001 0000 | 00e9 2100 | 0000 e91c 

  0x0000793f68fdb1d4: ;   {metadata(method data for {method} {0x0000793f0748d2e8} 'invoke' '(Ljava/lang/Object;Ljava/lang/Object;Ljava/lang/Object;)Ljava/lang/Object;' in 'java/lang/invoke/LambdaForm$MH+0x0000793f0c01cc00')}
  0x0000793f68fdb1d4: 0000 0048 | b900 cc22 | 2d3d 7900 | 0048 83a9 | 9002 0000 | 01e9 6e01 | 0000 e900 | 0000 0048 
  0x0000793f68fdb1f4: 8bf2 483b 

  0x0000793f68fdb1f8: ;   {metadata(method data for {method} {0x0000793f0748d2e8} 'invoke' '(Ljava/lang/Object;Ljava/lang/Object;Ljava/lang/Object;)Ljava/lang/Object;' in 'java/lang/invoke/LambdaForm$MH+0x0000793f0c01cc00')}
  0x0000793f68fdb1f8: 0648 ba00 | cc22 2d3d | 7900 0048 | 8d92 0003 | 0000 4885 | c075 0ef6 | 4208 0175 | 52f0 4883 
  0x0000793f68fdb218: 4a08 01eb | 4a8b 4808 | 49ba 0000 | 000b 3f79 | 0000 4903 | ca4c 8bd1 | 4833 4a08 | 48f7 c1fc 
  0x0000793f68fdb238: ffff ff74 | 2af6 c102 | 7525 48f7 | 4208 feff | ffff 7417 | 498b ca48 | 334a 0848 | f7c1 fcff 
  0x0000793f68fdb258: ffff 740b | 4883 4a08 | 02eb 0448 | 894a 0848 | 8b4c 2430 | 4885 c975 | 0ef6 4218 | 0175 53f0 
  0x0000793f68fdb278: 4883 4a18 | 01eb 4b8b | 7908 49ba | 0000 000b | 3f79 0000 | 4903 fa4c | 8bd7 4833 | 7a18 48f7 
  0x0000793f68fdb298: c7fc ffff | ff74 2b40 | f6c7 0275 | 2548 f742 | 18fe ffff | ff74 1749 | 8bfa 4833 | 7a18 48f7 
  0x0000793f68fdb2b8: c7fc ffff | ff74 0b48 | 834a 1802 | eb04 4889 | 7a18 488b 

  0x0000793f68fdb2cc: ;   {metadata(method data for {method} {0x0000793f0748d2e8} 'invoke' '(Ljava/lang/Object;Ljava/lang/Object;Ljava/lang/Object;)Ljava/lang/Object;' in 'java/lang/invoke/LambdaForm$MH+0x0000793f0c01cc00')}
  0x0000793f68fdb2cc: d648 bf00 | cc22 2d3d | 7900 0048 | 8387 c802 | 0000 0148 | 8bd0 0f1f 

  0x0000793f68fdb2e4: ;   {optimized virtual_call}
  0x0000793f68fdb2e4: 4400 00e8 

  0x0000793f68fdb2e8: ; ImmutableOopMap {}
                      ;*invokevirtual invokeBasic {reexecute=0 rethrow=0 return_oop=0}
                      ; - java.lang.invoke.LambdaForm$MH/0x0000793f0c01cc00::invoke@52
  0x0000793f68fdb2e8: 945b 3d07 

  0x0000793f68fdb2ec: ;   {other}
  0x0000793f68fdb2ec: 0f1f 8400 | dc09 0002 

  0x0000793f68fdb2f4: ;   {oop(nullptr)}
  0x0000793f68fdb2f4: 48b8 0000 | 0000 0000 | 0000 4883 

  0x0000793f68fdb300: ;   {poll_return}
  0x0000793f68fdb300: c440 5d49 | 3ba7 5004 | 0000 0f87 | 5a00 0000 

  0x0000793f68fdb310: ;   {metadata({method} {0x0000793f0748d2e8} 'invoke' '(Ljava/lang/Object;Ljava/lang/Object;Ljava/lang/Object;)Ljava/lang/Object;' in 'java/lang/invoke/LambdaForm$MH+0x0000793f0c01cc00')}
  0x0000793f68fdb310: c349 bae8 | d248 073f | 7900 004c | 8954 2408 | 48c7 0424 | ffff ffff 

  0x0000793f68fdb328: ;   {runtime_call counter_overflow Runtime1 stub}
  0x0000793f68fdb328: e8d3 8ed9 

  0x0000793f68fdb32c: ; ImmutableOopMap {rsi=Oop rdx=Oop rcx=Oop }
                      ;*synchronization entry
                      ; - java.lang.invoke.LambdaForm$MH/0x0000793f0c01cc00::invoke@-1
  0x0000793f68fdb32c: 06e9 f4f8 | ffff 4889 

  0x0000793f68fdb334: ;   {runtime_call throw_class_cast_exception Runtime1 stub}
  0x0000793f68fdb334: 3424 e845 

  0x0000793f68fdb338: ; ImmutableOopMap {rcx=Oop [40]=Oop }
                      ;*checkcast {reexecute=0 rethrow=0 return_oop=0}
                      ; - java.lang.invoke.LambdaForm$MH/0x0000793f0c01cc00::invoke@1
                      ;   {runtime_call throw_null_pointer_exception Runtime1 stub}
  0x0000793f68fdb338: 5fd9 06e8 

  0x0000793f68fdb33c: ; ImmutableOopMap {rcx=Oop rdi=Oop [32]=Oop [40]=Oop }
                      ;*getfield argL2 {reexecute=1 rethrow=0 return_oop=0}
                      ; - (reexecute) java.lang.invoke.LambdaForm$MH/0x0000793f0c01cc00::invoke@6
  0x0000793f68fdb33c: c036 d906 | 4889 3424 

  0x0000793f68fdb344: ;   {runtime_call throw_class_cast_exception Runtime1 stub}
  0x0000793f68fdb344: e837 5fd9 

  0x0000793f68fdb348: ; ImmutableOopMap {rcx=Oop rdi=Oop [32]=Oop [40]=Oop }
                      ;*checkcast {reexecute=0 rethrow=0 return_oop=0}
                      ; - java.lang.invoke.LambdaForm$MH/0x0000793f0c01cc00::invoke@11
                      ;   {runtime_call throw_null_pointer_exception Runtime1 stub}
  0x0000793f68fdb348: 06e8 b236 

  0x0000793f68fdb34c: ; ImmutableOopMap {rcx=Oop rdi=Oop rsi=Oop [32]=Oop [40]=Oop }
                      ;*invokevirtual invokeBasic {reexecute=0 rethrow=0 return_oop=0}
                      ; - java.lang.invoke.LambdaForm$MH/0x0000793f0c01cc00::invoke@15
  0x0000793f68fdb34c: d906 4889 

  0x0000793f68fdb350: ;   {runtime_call throw_class_cast_exception Runtime1 stub}
  0x0000793f68fdb350: 1424 e829 

  0x0000793f68fdb354: ; ImmutableOopMap {rax=Oop rdi=Oop [32]=Oop [40]=Oop }
                      ;*checkcast {reexecute=0 rethrow=0 return_oop=0}
                      ; - java.lang.invoke.LambdaForm$MH/0x0000793f0c01cc00::invoke@28
                      ;   {runtime_call throw_null_pointer_exception Runtime1 stub}
  0x0000793f68fdb354: 5fd9 06e8 

  0x0000793f68fdb358: ; ImmutableOopMap {rax=Oop rdi=Oop rsi=Oop [32]=Oop [40]=Oop }
                      ;*invokevirtual invokeBasic {reexecute=0 rethrow=0 return_oop=0}
                      ; - java.lang.invoke.LambdaForm$MH/0x0000793f0c01cc00::invoke@32
  0x0000793f68fdb358: a436 d906 | 4889 1424 

  0x0000793f68fdb360: ;   {runtime_call throw_class_cast_exception Runtime1 stub}
  0x0000793f68fdb360: e81b 5fd9 

  0x0000793f68fdb364: ; ImmutableOopMap {rax=Oop [48]=Oop }
                      ;*checkcast {reexecute=0 rethrow=0 return_oop=0}
                      ; - java.lang.invoke.LambdaForm$MH/0x0000793f0c01cc00::invoke@45
                      ;   {runtime_call throw_null_pointer_exception Runtime1 stub}
  0x0000793f68fdb364: 06e8 9636 

  0x0000793f68fdb368: ; ImmutableOopMap {rax=Oop rsi=Oop [48]=Oop }
                      ;*invokevirtual invokeBasic {reexecute=0 rethrow=0 return_oop=0}
                      ; - java.lang.invoke.LambdaForm$MH/0x0000793f0c01cc00::invoke@52
                      ;   {internal_word}
  0x0000793f68fdb368: d906 49ba | 03b3 fd68 | 3f79 0000 | 4d89 9768 

  0x0000793f68fdb378: ;   {runtime_call SafepointBlob}
  0x0000793f68fdb378: 0400 00e9 | 808c cd06 | 498b 8700 | 0500 0049 | c787 0005 | 0000 0000 | 0000 49c7 | 8708 0500 
  0x0000793f68fdb398: 0000 0000 | 0048 83c4 

  0x0000793f68fdb3a0: ;   {runtime_call unwind_exception Runtime1 stub}
  0x0000793f68fdb3a0: 405d e959 | 27d9 06f4 
[Stub Code]
  0x0000793f68fdb3a8: ;   {no_reloc}
  0x0000793f68fdb3a8: 48bb 0000 | 0000 0000 

  0x0000793f68fdb3b0: ;   {runtime_call nmethod}
  0x0000793f68fdb3b0: 0000 e9fb 

  0x0000793f68fdb3b4: ;   {static_stub}
  0x0000793f68fdb3b4: ffff ff48 | bb00 0000 | 0000 0000 

  0x0000793f68fdb3c0: ;   {runtime_call nmethod}
  0x0000793f68fdb3c0: 00e9 fbff 

  0x0000793f68fdb3c4: ;   {runtime_call handle_exception_from_callee Runtime1 stub}
  0x0000793f68fdb3c4: ffff e8b5 

  0x0000793f68fdb3c8: ;   {external_word}
  0x0000793f68fdb3c8: 58d9 0648 | bf04 dae9 | 883f 7900 | 0048 83e4 

  0x0000793f68fdb3d8: ;   {runtime_call MacroAssembler::debug64(char*, long, long*)}
  0x0000793f68fdb3d8: f0e8 420e 

  0x0000793f68fdb3dc: ;   {section_word}
  0x0000793f68fdb3dc: 9a1f f449 | badf b3fd | 683f 7900 

  0x0000793f68fdb3e8: ;   {runtime_call DeoptimizationBlob}
  0x0000793f68fdb3e8: 0041 52e9 | b07e cd06 
[Deopt MH Handler Code]
  0x0000793f68fdb3f0: ;   {section_word}
  0x0000793f68fdb3f0: 49ba f0b3 | fd68 3f79 | 0000 4152 

  0x0000793f68fdb3fc: ;   {runtime_call DeoptimizationBlob}
  0x0000793f68fdb3fc: e99f 7ecd | 06f4 f4f4 | f4f4 f4f4 
[/MachCode]


---------------  P R O C E S S  ---------------

Threads class SMR info:
_java_thread_list=0x0000793ca0049060, length=188, elements={
0x0000793f80030270, 0x0000793f80422ef0, 0x0000793f80424460, 0x0000793f80425bf0,
0x0000793f80427230, 0x0000793f804287d0, 0x0000793f8042a390, 0x0000793f8042ba50,
0x0000793f80481130, 0x0000793f804ddff0, 0x0000793f81645c00, 0x0000793f816dd8b0,
0x0000793f8171b5a0, 0x0000793e780194f0, 0x0000793e7000fdf0, 0x0000793e6c2249d0,
0x0000793e6c22a230, 0x0000793e6c289330, 0x0000793e6ce74e10, 0x0000793e6ce77490,
0x0000793e6cfcfa50, 0x0000793e6e58a030, 0x0000793e6c485670, 0x0000793ea4060080,
0x0000793d98c35a90, 0x0000793d98c3cf80, 0x0000793d9909d500, 0x0000793ec4b325f0,
0x0000793d994d27b0, 0x0000793d99c0ea50, 0x0000793d99c22580, 0x0000793ea0066d00,
0x0000793ea0070250, 0x0000793ea0083cd0, 0x0000793ea0070ed0, 0x0000793ee0310ed0,
0x0000793ec459bfa0, 0x0000793cb800e600, 0x0000793cb400b450, 0x0000793cc000cb50,
0x0000793cbc009c90, 0x0000793cc800dd70, 0x0000793cc400cc90, 0x0000793cd0008c60,
0x0000793ccc00b400, 0x0000793ec4b31d60, 0x0000793cd400a8d0, 0x0000793ce0004c30,
0x0000793cdc022eb0, 0x0000793ce8004a20, 0x0000793ce4004a20, 0x0000793cf0004be0,
0x0000793e700139a0, 0x0000793e70001440, 0x0000793e70009be0, 0x0000793e6c01b220,
0x0000793e6c006540, 0x0000793e6dd46350, 0x0000793ee002d940, 0x0000793ee0669840,
0x0000793ee066aa60, 0x0000793e6c00dbf0, 0x0000793e6dd86470, 0x0000793e6cd52270,
0x0000793e6dd8ac30, 0x0000793e6dd45310, 0x0000793db4001d30, 0x0000793ee066b1b0,
0x0000793e6dda6220, 0x0000793e6dd9a090, 0x0000793e6dd8f910, 0x0000793e6dd9d8c0,
0x0000793e6ddb8bc0, 0x0000793e6dd8e600, 0x0000793e6dd8c050, 0x0000793e6dd876b0,
0x0000793e6dd97920, 0x0000793e6dd962c0, 0x0000793e6ddb2d90, 0x0000793e6dd69b20,
0x0000793e6ddae180, 0x0000793e6dd61700, 0x0000793e6dd64fd0, 0x0000793e6dd9c5f0,
0x0000793e6dd5cae0, 0x0000793e6ddaf310, 0x0000793e6ddbc3e0, 0x0000793e6ddb9d60,
0x0000793e6dd5dde0, 0x0000793e6ddb79e0, 0x0000793e6dd62860, 0x0000793e6ddb0750,
0x0000793e6dd90fc0, 0x0000793e6dda83d0, 0x0000793e6ddab900, 0x0000793e6ddb6280,
0x0000793e6dd6cb00, 0x0000793e6ddaca40, 0x0000793e6dd6dc90, 0x0000793e6ddbac10,
0x0000793e6ddb1630, 0x0000793e6dd67180, 0x0000793e6dd63710, 0x0000793e6dda7150,
0x0000793e6dd98780, 0x0000793e6dd6bb30, 0x0000793e6c4a1100, 0x0000793e6c4a1810,
0x0000793db800a060, 0x0000793db800a770, 0x0000793db800ae80, 0x0000793db800b940,
0x0000793db8001cd0, 0x0000793db8002b80, 0x0000793db8003cd0, 0x0000793db800d310,
0x0000793db800e8c0, 0x0000793db800fe80, 0x0000793dc000ded0, 0x0000793db8011440,
0x0000793db8012a10, 0x0000793db8013ff0, 0x0000793db80151e0, 0x0000793db80167d0,
0x0000793db8017dc0, 0x0000793db8018fd0, 0x0000793db801a1e0, 0x0000793db801b7f0,
0x0000793ca0008e60, 0x0000793ca0009990, 0x0000793ca0006d10, 0x0000793ca0007a60,
0x0000793ca000d9f0, 0x0000793ca000e540, 0x0000793ca000f210, 0x0000793ca00103d0,
0x0000793ca0011590, 0x0000793ca0012770, 0x0000793ca0015110, 0x0000793ca0015f40,
0x0000793ca0017160, 0x0000793ca0018370, 0x0000793ca0019190, 0x0000793ca0019fc0,
0x0000793ca001b1e0, 0x0000793ca001c670, 0x0000793ca001d880, 0x0000793ca0021580,
0x0000793ca0022500, 0x0000793ca0023320, 0x0000793ca0024140, 0x0000793ca0024f60,
0x0000793ca0025d80, 0x0000793ca0026ba0, 0x0000793ca00279c0, 0x0000793ca00287f0,
0x0000793ca0029a10, 0x0000793ca002a830, 0x0000793ca002ba40, 0x0000793ca002cc50,
0x0000793ca002da80, 0x0000793ca002ecd0, 0x0000793ca002fd40, 0x0000793ca0030f50,
0x0000793ca0032150, 0x0000793ca00333d0, 0x0000793ca0034710, 0x0000793ca0035690,
0x0000793ca00364b0, 0x0000793ca000a2a0, 0x0000793ca000b5a0, 0x0000793ca000c3c0,
0x0000793ca000d1e0, 0x0000793ca003be10, 0x0000793ca003cbf0, 0x0000793ca003d9e0,
0x0000793ca003e7d0, 0x0000793ca003f9e0, 0x0000793ca0040c00, 0x0000793ca0041e10,
0x0000793ca0042c40, 0x0000793ca0043a60, 0x0000793ca0044c60, 0x0000793ca0045e70,
0x0000793ca0047080, 0x0000793ca00482a0, 0x0000793ca00490e0, 0x0000793ca004a2e0
}

Java Threads: ( => current thread )
  0x0000793f80030270 JavaThread "main"                              [_thread_blocked, id=1068448, stack(0x0000793f87b8d000,0x0000793f87c8d000) (1024K)]
  0x0000793f80422ef0 JavaThread "Reference Handler"          daemon [_thread_blocked, id=1068456, stack(0x0000793f58975000,0x0000793f58a75000) (1024K)]
  0x0000793f80424460 JavaThread "Finalizer"                  daemon [_thread_blocked, id=1068457, stack(0x0000793f58875000,0x0000793f58975000) (1024K)]
  0x0000793f80425bf0 JavaThread "Signal Dispatcher"          daemon [_thread_blocked, id=1068458, stack(0x0000793f58775000,0x0000793f58875000) (1024K)]
  0x0000793f80427230 JavaThread "Service Thread"             daemon [_thread_blocked, id=1068459, stack(0x0000793f58675000,0x0000793f58775000) (1024K)]
  0x0000793f804287d0 JavaThread "Monitor Deflation Thread"   daemon [_thread_blocked, id=1068460, stack(0x0000793f58575000,0x0000793f58675000) (1024K)]
  0x0000793f8042a390 JavaThread "C2 CompilerThread0"         daemon [_thread_blocked, id=1068461, stack(0x0000793f58475000,0x0000793f58575000) (1024K)]
  0x0000793f8042ba50 JavaThread "C1 CompilerThread0"         daemon [_thread_blocked, id=1068462, stack(0x0000793f58375000,0x0000793f58475000) (1024K)]
  0x0000793f80481130 JavaThread "Common-Cleaner"             daemon [_thread_blocked, id=1068466, stack(0x0000793f06f00000,0x0000793f07000000) (1024K)]
  0x0000793f804ddff0 JavaThread "Notification Thread"        daemon [_thread_blocked, id=1068467, stack(0x0000793f06e00000,0x0000793f06f00000) (1024K)]
  0x0000793f81645c00 JavaThread "Daemon health stats"               [_thread_blocked, id=1068487, stack(0x0000793f056f2000,0x0000793f057f2000) (1024K)]
  0x0000793f816dd8b0 JavaThread "Incoming local TCP Connector on port 43021"        [_thread_in_native, id=1068488, stack(0x0000793f055f2000,0x0000793f056f2000) (1024K)]
  0x0000793f8171b5a0 JavaThread "Daemon periodic checks"            [_thread_blocked, id=1068489, stack(0x0000793f054f2000,0x0000793f055f2000) (1024K)]
  0x0000793e780194f0 JavaThread "Daemon"                            [_thread_blocked, id=1068490, stack(0x0000793f053f2000,0x0000793f054f2000) (1024K)]
  0x0000793e7000fdf0 JavaThread "Daemon worker"                     [_thread_blocked, id=1068493, stack(0x0000793f050f2000,0x0000793f051f2000) (1024K)]
  0x0000793e6c2249d0 JavaThread "Cache worker for journal cache (/home/kigawa/.gradle/caches/journal-1)"        [_thread_blocked, id=1068499, stack(0x0000793f04cf2000,0x0000793f04df2000) (1024K)]
  0x0000793e6c22a230 JavaThread "File lock request listener"        [_thread_in_native, id=1068500, stack(0x0000793f04bf2000,0x0000793f04cf2000) (1024K)]
  0x0000793e6c289330 JavaThread "Cache worker for file hash cache (/home/kigawa/.gradle/caches/9.2.1/fileHashes)"        [_thread_blocked, id=1068502, stack(0x0000793f04af2000,0x0000793f04bf2000) (1024K)]
  0x0000793e6ce74e10 JavaThread "File watcher server"        daemon [_thread_in_native, id=1068515, stack(0x0000793f044ef000,0x0000793f045ef000) (1024K)]
  0x0000793e6ce77490 JavaThread "File watcher consumer"      daemon [_thread_blocked, id=1068516, stack(0x0000793f043ef000,0x0000793f044ef000) (1024K)]
  0x0000793e6cfcfa50 JavaThread "Cache worker for file content cache (/home/kigawa/.gradle/caches/9.2.1/fileContent)"        [_thread_blocked, id=1068520, stack(0x0000793f041ef000,0x0000793f042ef000) (1024K)]
  0x0000793e6e58a030 JavaThread "Memory manager"                    [_thread_blocked, id=1068598, stack(0x0000793e244ff000,0x0000793e245ff000) (1024K)]
  0x0000793e6c485670 JavaThread "included builds"                   [_thread_blocked, id=1068983, stack(0x0000793e242ff000,0x0000793e243ff000) (1024K)]
  0x0000793ea4060080 JavaThread "process reaper"             daemon [_thread_blocked, id=1069169, stack(0x0000793f68007000,0x0000793f68029000) (136K)]
  0x0000793d98c35a90 JavaThread "Periodic tasks thread"      daemon [_thread_blocked, id=1069180, stack(0x0000793c8906b000,0x0000793c8916b000) (1024K)]
  0x0000793d98c3cf80 JavaThread "ApplicationImpl pooled thread 1" daemon [_thread_blocked, id=1069181, stack(0x0000793c88f6b000,0x0000793c8906b000) (1024K)]
  0x0000793d9909d500 JavaThread "ForkJoinPool.commonPool-worker-1" daemon [_thread_blocked, id=1069183, stack(0x0000793c88e6b000,0x0000793c88f6b000) (1024K)]
  0x0000793ec4b325f0 JavaThread "ForkJoinPool.commonPool-worker-2" daemon [_thread_blocked, id=1069184, stack(0x0000793f06a00000,0x0000793f06b00000) (1024K)]
  0x0000793d994d27b0 JavaThread "DirectBufferWrapper allocation thread" daemon [_thread_blocked, id=1069185, stack(0x0000793f06b00000,0x0000793f06c00000) (1024K)]
  0x0000793d99c0ea50 JavaThread "ForkJoinPool.commonPool-worker-3" daemon [_thread_blocked, id=1069193, stack(0x0000793c88d6b000,0x0000793c88e6b000) (1024K)]
  0x0000793d99c22580 JavaThread "process reaper (pid 1069197)" daemon [_thread_in_native, id=1069195, stack(0x0000793f58053000,0x0000793f58075000) (136K)]
  0x0000793ea0066d00 JavaThread "RMI Scheduler(0)"           daemon [_thread_blocked, id=1069224, stack(0x0000793f58075000,0x0000793f58175000) (1024K)]
  0x0000793ea0070250 JavaThread "RMI GC Daemon"              daemon [_thread_blocked, id=1069226, stack(0x0000793f06c00000,0x0000793f06d00000) (1024K)]
  0x0000793ea0083cd0 JavaThread "RMI TCP Accept-0"           daemon [_thread_in_native, id=1069228, stack(0x0000793c88800000,0x0000793c88900000) (1024K)]
  0x0000793ea0070ed0 JavaThread "RMI Reaper"                        [_thread_blocked, id=1069229, stack(0x0000793c88700000,0x0000793c88800000) (1024K)]
  0x0000793ee0310ed0 JavaThread "RMI TCP Connection(idle)"   daemon [_thread_blocked, id=1069231, stack(0x0000793c88600000,0x0000793c88700000) (1024K)]
  0x0000793ec459bfa0 JavaThread "ForkJoinPool.commonPool-worker-4" daemon [_thread_blocked, id=1069421, stack(0x0000793c83600000,0x0000793c83700000) (1024K)]
  0x0000793cb800e600 JavaThread "ForkJoinPool.commonPool-worker-5" daemon [_thread_blocked, id=1069422, stack(0x0000793c83500000,0x0000793c83600000) (1024K)]
  0x0000793cb400b450 JavaThread "ForkJoinPool.commonPool-worker-6" daemon [_thread_blocked, id=1069423, stack(0x0000793c83400000,0x0000793c83500000) (1024K)]
  0x0000793cc000cb50 JavaThread "ForkJoinPool.commonPool-worker-7" daemon [_thread_blocked, id=1069424, stack(0x0000793c83300000,0x0000793c83400000) (1024K)]
  0x0000793cbc009c90 JavaThread "ForkJoinPool.commonPool-worker-8" daemon [_thread_blocked, id=1069425, stack(0x0000793c82121000,0x0000793c82221000) (1024K)]
  0x0000793cc800dd70 JavaThread "ForkJoinPool.commonPool-worker-9" daemon [_thread_blocked, id=1069426, stack(0x0000793c82021000,0x0000793c82121000) (1024K)]
  0x0000793cc400cc90 JavaThread "ForkJoinPool.commonPool-worker-10" daemon [_thread_blocked, id=1069427, stack(0x0000793c81f21000,0x0000793c82021000) (1024K)]
  0x0000793cd0008c60 JavaThread "ForkJoinPool.commonPool-worker-11" daemon [_thread_blocked, id=1069428, stack(0x0000793c81e21000,0x0000793c81f21000) (1024K)]
  0x0000793ccc00b400 JavaThread "ForkJoinPool.commonPool-worker-12" daemon [_thread_blocked, id=1069429, stack(0x0000793c81271000,0x0000793c81371000) (1024K)]
  0x0000793ec4b31d60 JavaThread "ForkJoinPool.commonPool-worker-13" daemon [_thread_blocked, id=1069451, stack(0x0000793c83c00000,0x0000793c83d00000) (1024K)]
  0x0000793cd400a8d0 JavaThread "ForkJoinPool.commonPool-worker-14" daemon [_thread_blocked, id=1069452, stack(0x0000793c802fb000,0x0000793c803fb000) (1024K)]
  0x0000793ce0004c30 JavaThread "ForkJoinPool.commonPool-worker-15" daemon [_thread_blocked, id=1069453, stack(0x0000793c801fb000,0x0000793c802fb000) (1024K)]
  0x0000793cdc022eb0 JavaThread "ForkJoinPool.commonPool-worker-16" daemon [_thread_blocked, id=1069454, stack(0x0000793c800fb000,0x0000793c801fb000) (1024K)]
  0x0000793ce8004a20 JavaThread "ForkJoinPool.commonPool-worker-17" daemon [_thread_blocked, id=1069455, stack(0x0000793c7fffb000,0x0000793c800fb000) (1024K)]
  0x0000793ce4004a20 JavaThread "ForkJoinPool.commonPool-worker-18" daemon [_thread_blocked, id=1069456, stack(0x0000793c7fefb000,0x0000793c7fffb000) (1024K)]
  0x0000793cf0004be0 JavaThread "ForkJoinPool.commonPool-worker-19" daemon [_thread_blocked, id=1069457, stack(0x0000793c7fdfb000,0x0000793c7fefb000) (1024K)]
  0x0000793e700139a0 JavaThread "VFS cleanup"                       [_thread_blocked, id=1069458, stack(0x0000793f04ff2000,0x0000793f050f2000) (1024K)]
  0x0000793e70001440 JavaThread "Handler for socket connection from /127.0.0.1:43021 to /127.0.0.1:34238"        [_thread_in_native, id=1073539, stack(0x0000793f58275000,0x0000793f58375000) (1024K)]
  0x0000793e70009be0 JavaThread "Cancel handler"                    [_thread_blocked, id=1073540, stack(0x0000793c83800000,0x0000793c83900000) (1024K)]
  0x0000793e6c01b220 JavaThread "Asynchronous log dispatcher for DefaultDaemonConnection: socket connection from /127.0.0.1:43021 to /127.0.0.1:34238"        [_thread_blocked, id=1073541, stack(0x0000793f58175000,0x0000793f58275000) (1024K)]
  0x0000793e6c006540 JavaThread "Stdin handler"                     [_thread_blocked, id=1073542, stack(0x0000793f06870000,0x0000793f06970000) (1024K)]
  0x0000793e6dd46350 JavaThread "Daemon client event forwarder"        [_thread_blocked, id=1073543, stack(0x0000793c83700000,0x0000793c83800000) (1024K)]
  0x0000793ee002d940 JavaThread "C1 CompilerThread1"         daemon [_thread_blocked, id=1073544, stack(0x0000793f052f2000,0x0000793f053f2000) (1024K)]
  0x0000793ee0669840 JavaThread "C1 CompilerThread2"         daemon [_thread_blocked, id=1073545, stack(0x0000793f051f2000,0x0000793f052f2000) (1024K)]
  0x0000793ee066aa60 JavaThread "C2 CompilerThread1"         daemon [_thread_blocked, id=1073546, stack(0x0000793f04ef2000,0x0000793f04ff2000) (1024K)]
  0x0000793e6c00dbf0 JavaThread "Cache worker for file hash cache (/tank/var/user/dev/kigawa-net/kalender/.gradle/9.2.1/fileHashes)"        [_thread_blocked, id=1073547, stack(0x0000793f04df2000,0x0000793f04ef2000) (1024K)]
  0x0000793e6dd86470 JavaThread "Cache worker for Build Output Cleanup Cache (/tank/var/user/dev/kigawa-net/kalender/.gradle/buildOutputCleanup)"        [_thread_blocked, id=1073548, stack(0x0000793c93000000,0x0000793c93100000) (1024K)]
  0x0000793e6cd52270 JavaThread "Cache worker for checksums cache (/tank/var/user/dev/kigawa-net/kalender/.gradle/9.2.1/checksums)"        [_thread_blocked, id=1073549, stack(0x0000793d22d00000,0x0000793d22e00000) (1024K)]
  0x0000793e6dd8ac30 JavaThread "Cache worker for cache directory md-supplier (/home/kigawa/.gradle/caches/9.2.1/md-supplier)"        [_thread_blocked, id=1073550, stack(0x0000793c98300000,0x0000793c98400000) (1024K)]
  0x0000793e6dd45310 JavaThread "Cache worker for cache directory md-rule (/home/kigawa/.gradle/caches/9.2.1/md-rule)"        [_thread_blocked, id=1073551, stack(0x0000793c98700000,0x0000793c98800000) (1024K)]
  0x0000793db4001d30 JavaThread "C2 CompilerThread2"         daemon [_thread_blocked, id=1073552, stack(0x0000793d21800000,0x0000793d21900000) (1024K)]
  0x0000793ee066b1b0 JavaThread "C1 CompilerThread3"         daemon [_thread_blocked, id=1073553, stack(0x0000793c9ac00000,0x0000793c9ad00000) (1024K)]
  0x0000793e6dda6220 JavaThread "Unconstrained build operations"        [_thread_blocked, id=1073561, stack(0x0000793e24aff000,0x0000793e24bff000) (1024K)]
  0x0000793e6dd9a090 JavaThread "Unconstrained build operations Thread 2"        [_thread_blocked, id=1073562, stack(0x0000793d21600000,0x0000793d21700000) (1024K)]
  0x0000793e6dd8f910 JavaThread "Unconstrained build operations Thread 3"        [_thread_blocked, id=1073563, stack(0x0000793c93300000,0x0000793c93400000) (1024K)]
  0x0000793e6dd9d8c0 JavaThread "Unconstrained build operations Thread 4"        [_thread_blocked, id=1073564, stack(0x0000793c92c00000,0x0000793c92d00000) (1024K)]
  0x0000793e6ddb8bc0 JavaThread "Unconstrained build operations Thread 5"        [_thread_blocked, id=1073565, stack(0x0000793c9a200000,0x0000793c9a300000) (1024K)]
  0x0000793e6dd8e600 JavaThread "Unconstrained build operations Thread 6"        [_thread_blocked, id=1073566, stack(0x0000793e24dff000,0x0000793e24eff000) (1024K)]
  0x0000793e6dd8c050 JavaThread "Unconstrained build operations Thread 7"        [_thread_blocked, id=1073567, stack(0x0000793e24eff000,0x0000793e24fff000) (1024K)]
  0x0000793e6dd876b0 JavaThread "Unconstrained build operations Thread 8"        [_thread_blocked, id=1073568, stack(0x0000793d21400000,0x0000793d21500000) (1024K)]
  0x0000793e6dd97920 JavaThread "Unconstrained build operations Thread 9"        [_thread_blocked, id=1073569, stack(0x0000793d20800000,0x0000793d20900000) (1024K)]
  0x0000793e6dd962c0 JavaThread "Unconstrained build operations Thread 10"        [_thread_blocked, id=1073570, stack(0x0000793e26300000,0x0000793e26400000) (1024K)]
  0x0000793e6ddb2d90 JavaThread "Unconstrained build operations Thread 11"        [_thread_blocked, id=1073571, stack(0x0000793d20700000,0x0000793d20800000) (1024K)]
  0x0000793e6dd69b20 JavaThread "Unconstrained build operations Thread 12"        [_thread_blocked, id=1073572, stack(0x0000793c9a900000,0x0000793c9aa00000) (1024K)]
  0x0000793e6ddae180 JavaThread "Unconstrained build operations Thread 13"        [_thread_blocked, id=1073573, stack(0x0000793e26000000,0x0000793e26100000) (1024K)]
  0x0000793e6dd61700 JavaThread "Unconstrained build operations Thread 14"        [_thread_blocked, id=1073574, stack(0x0000793c99800000,0x0000793c99900000) (1024K)]
  0x0000793e6dd64fd0 JavaThread "Unconstrained build operations Thread 15"        [_thread_blocked, id=1073575, stack(0x0000793e25aff000,0x0000793e25bff000) (1024K)]
  0x0000793e6dd9c5f0 JavaThread "Unconstrained build operations Thread 16"        [_thread_blocked, id=1073576, stack(0x0000793c92100000,0x0000793c92200000) (1024K)]
  0x0000793e6dd5cae0 JavaThread "Unconstrained build operations Thread 17"        [_thread_blocked, id=1073577, stack(0x0000793c9b600000,0x0000793c9b700000) (1024K)]
  0x0000793e6ddaf310 JavaThread "Unconstrained build operations Thread 18"        [_thread_blocked, id=1073578, stack(0x0000793c92800000,0x0000793c92900000) (1024K)]
  0x0000793e6ddbc3e0 JavaThread "Unconstrained build operations Thread 19"        [_thread_blocked, id=1073579, stack(0x0000793d22900000,0x0000793d22a00000) (1024K)]
  0x0000793e6ddb9d60 JavaThread "Unconstrained build operations Thread 20"        [_thread_blocked, id=1073580, stack(0x0000793c98600000,0x0000793c98700000) (1024K)]
  0x0000793e6dd5dde0 JavaThread "Unconstrained build operations Thread 21"        [_thread_blocked, id=1073581, stack(0x0000793e27900000,0x0000793e27a00000) (1024K)]
  0x0000793e6ddb79e0 JavaThread "Unconstrained build operations Thread 22"        [_thread_blocked, id=1073582, stack(0x0000793c9ba00000,0x0000793c9bb00000) (1024K)]
  0x0000793e6dd62860 JavaThread "Unconstrained build operations Thread 23"        [_thread_blocked, id=1073583, stack(0x0000793c92400000,0x0000793c92500000) (1024K)]
  0x0000793e6ddb0750 JavaThread "Unconstrained build operations Thread 24"        [_thread_blocked, id=1073584, stack(0x0000793d20200000,0x0000793d20300000) (1024K)]
  0x0000793e6dd90fc0 JavaThread "Unconstrained build operations Thread 25"        [_thread_blocked, id=1073585, stack(0x0000793e27700000,0x0000793e27800000) (1024K)]
  0x0000793e6dda83d0 JavaThread "Unconstrained build operations Thread 26"        [_thread_blocked, id=1073586, stack(0x0000793f06d00000,0x0000793f06e00000) (1024K)]
  0x0000793e6ddab900 JavaThread "Unconstrained build operations Thread 27"        [_thread_blocked, id=1073587, stack(0x0000793f046ef000,0x0000793f047ef000) (1024K)]
  0x0000793e6ddb6280 JavaThread "Unconstrained build operations Thread 28"        [_thread_blocked, id=1073588, stack(0x0000793f045ef000,0x0000793f046ef000) (1024K)]
  0x0000793e6dd6cb00 JavaThread "Unconstrained build operations Thread 29"        [_thread_blocked, id=1073589, stack(0x0000793f042ef000,0x0000793f043ef000) (1024K)]
  0x0000793e6ddaca40 JavaThread "Unconstrained build operations Thread 30"        [_thread_blocked, id=1073590, stack(0x0000793f040ef000,0x0000793f041ef000) (1024K)]
  0x0000793e6dd6dc90 JavaThread "Unconstrained build operations Thread 31"        [_thread_blocked, id=1073591, stack(0x0000793e27f00000,0x0000793e28000000) (1024K)]
  0x0000793e6ddbac10 JavaThread "Unconstrained build operations Thread 32"        [_thread_blocked, id=1073592, stack(0x0000793e27e00000,0x0000793e27f00000) (1024K)]
  0x0000793e6ddb1630 JavaThread "Unconstrained build operations Thread 33"        [_thread_blocked, id=1073593, stack(0x0000793e27d00000,0x0000793e27e00000) (1024K)]
  0x0000793e6dd67180 JavaThread "Unconstrained build operations Thread 34"        [_thread_blocked, id=1073594, stack(0x0000793e27c00000,0x0000793e27d00000) (1024K)]
  0x0000793e6dd63710 JavaThread "Unconstrained build operations Thread 35"        [_thread_blocked, id=1073595, stack(0x0000793e27b00000,0x0000793e27c00000) (1024K)]
  0x0000793e6dda7150 JavaThread "Unconstrained build operations Thread 36"        [_thread_blocked, id=1073596, stack(0x0000793e27a00000,0x0000793e27b00000) (1024K)]
  0x0000793e6dd98780 JavaThread "Unconstrained build operations Thread 37"        [_thread_blocked, id=1073597, stack(0x0000793e27800000,0x0000793e27900000) (1024K)]
  0x0000793e6dd6bb30 JavaThread "Unconstrained build operations Thread 38"        [_thread_blocked, id=1073598, stack(0x0000793e27600000,0x0000793e27700000) (1024K)]
  0x0000793e6c4a1100 JavaThread "build event listener"              [_thread_blocked, id=1073599, stack(0x0000793e27500000,0x0000793e27600000) (1024K)]
  0x0000793e6c4a1810 JavaThread "included builds"                   [_thread_blocked, id=1073600, stack(0x0000793e27400000,0x0000793e27500000) (1024K)]
  0x0000793db800a060 JavaThread "Execution worker"                  [_thread_blocked, id=1073601, stack(0x0000793e27300000,0x0000793e27400000) (1024K)]
  0x0000793db800a770 JavaThread "Execution worker Thread 2"         [_thread_blocked, id=1073602, stack(0x0000793e27200000,0x0000793e27300000) (1024K)]
  0x0000793db800ae80 JavaThread "Execution worker Thread 3"         [_thread_blocked, id=1073603, stack(0x0000793e27100000,0x0000793e27200000) (1024K)]
=>0x0000793db800b940 JavaThread "Execution worker Thread 4"         [_thread_in_Java, id=1073604, stack(0x0000793e27000000,0x0000793e27100000) (1024K)]
  0x0000793db8001cd0 JavaThread "Execution worker Thread 5"         [_thread_blocked, id=1073605, stack(0x0000793e26f00000,0x0000793e27000000) (1024K)]
  0x0000793db8002b80 JavaThread "Execution worker Thread 6"         [_thread_blocked, id=1073606, stack(0x0000793e26e00000,0x0000793e26f00000) (1024K)]
  0x0000793db8003cd0 JavaThread "Execution worker Thread 7"         [_thread_blocked, id=1073607, stack(0x0000793e26d00000,0x0000793e26e00000) (1024K)]
  0x0000793db800d310 JavaThread "Execution worker Thread 8"         [_thread_blocked, id=1073608, stack(0x0000793e26c00000,0x0000793e26d00000) (1024K)]
  0x0000793db800e8c0 JavaThread "Execution worker Thread 9"         [_thread_blocked, id=1073609, stack(0x0000793e26b00000,0x0000793e26c00000) (1024K)]
  0x0000793db800fe80 JavaThread "Execution worker Thread 10"        [_thread_blocked, id=1073610, stack(0x0000793e26a00000,0x0000793e26b00000) (1024K)]
  0x0000793dc000ded0 JavaThread "Cache worker for execution history cache (/tank/var/user/dev/kigawa-net/kalender/.gradle/9.2.1/executionHistory)"        [_thread_blocked, id=1073611, stack(0x0000793e26900000,0x0000793e26a00000) (1024K)]
  0x0000793db8011440 JavaThread "Execution worker Thread 11"        [_thread_blocked, id=1073612, stack(0x0000793e26800000,0x0000793e26900000) (1024K)]
  0x0000793db8012a10 JavaThread "Execution worker Thread 12"        [_thread_blocked, id=1073613, stack(0x0000793e26700000,0x0000793e26800000) (1024K)]
  0x0000793db8013ff0 JavaThread "Execution worker Thread 13"        [_thread_blocked, id=1073614, stack(0x0000793e26600000,0x0000793e26700000) (1024K)]
  0x0000793db80151e0 JavaThread "Execution worker Thread 14"        [_thread_blocked, id=1073615, stack(0x0000793e26500000,0x0000793e26600000) (1024K)]
  0x0000793db80167d0 JavaThread "Execution worker Thread 15"        [_thread_blocked, id=1073616, stack(0x0000793e26400000,0x0000793e26500000) (1024K)]
  0x0000793db8017dc0 JavaThread "Execution worker Thread 16"        [_thread_blocked, id=1073617, stack(0x0000793e26200000,0x0000793e26300000) (1024K)]
  0x0000793db8018fd0 JavaThread "Execution worker Thread 17"        [_thread_blocked, id=1073618, stack(0x0000793e26100000,0x0000793e26200000) (1024K)]
  0x0000793db801a1e0 JavaThread "Execution worker Thread 18"        [_thread_blocked, id=1073619, stack(0x0000793e25f00000,0x0000793e26000000) (1024K)]
  0x0000793db801b7f0 JavaThread "Execution worker Thread 19"        [_thread_blocked, id=1073620, stack(0x0000793e25e00000,0x0000793e25f00000) (1024K)]
  0x0000793ca0008e60 JavaThread "Unconstrained build operations Thread 39"        [_thread_blocked, id=1073621, stack(0x0000793e25d00000,0x0000793e25e00000) (1024K)]
  0x0000793ca0009990 JavaThread "Unconstrained build operations Thread 40"        [_thread_blocked, id=1073622, stack(0x0000793e25c00000,0x0000793e25d00000) (1024K)]
  0x0000793ca0006d10 JavaThread "Unconstrained build operations Thread 41"        [_thread_blocked, id=1073623, stack(0x0000793e259ff000,0x0000793e25aff000) (1024K)]
  0x0000793ca0007a60 JavaThread "Unconstrained build operations Thread 42"        [_thread_blocked, id=1073624, stack(0x0000793e258ff000,0x0000793e259ff000) (1024K)]
  0x0000793ca000d9f0 JavaThread "Unconstrained build operations Thread 43"        [_thread_blocked, id=1073625, stack(0x0000793e257ff000,0x0000793e258ff000) (1024K)]
  0x0000793ca000e540 JavaThread "Unconstrained build operations Thread 44"        [_thread_blocked, id=1073626, stack(0x0000793e256ff000,0x0000793e257ff000) (1024K)]
  0x0000793ca000f210 JavaThread "Unconstrained build operations Thread 45"        [_thread_blocked, id=1073627, stack(0x0000793e255ff000,0x0000793e256ff000) (1024K)]
  0x0000793ca00103d0 JavaThread "Unconstrained build operations Thread 46"        [_thread_blocked, id=1073628, stack(0x0000793e254ff000,0x0000793e255ff000) (1024K)]
  0x0000793ca0011590 JavaThread "Unconstrained build operations Thread 47"        [_thread_blocked, id=1073629, stack(0x0000793e253ff000,0x0000793e254ff000) (1024K)]
  0x0000793ca0012770 JavaThread "Unconstrained build operations Thread 48"        [_thread_blocked, id=1073630, stack(0x0000793e252ff000,0x0000793e253ff000) (1024K)]
  0x0000793ca0015110 JavaThread "Unconstrained build operations Thread 49"        [_thread_blocked, id=1073631, stack(0x0000793e251ff000,0x0000793e252ff000) (1024K)]
  0x0000793ca0015f40 JavaThread "Unconstrained build operations Thread 50"        [_thread_blocked, id=1073632, stack(0x0000793e250ff000,0x0000793e251ff000) (1024K)]
  0x0000793ca0017160 JavaThread "Unconstrained build operations Thread 51"        [_thread_blocked, id=1073633, stack(0x0000793e24fff000,0x0000793e250ff000) (1024K)]
  0x0000793ca0018370 JavaThread "Unconstrained build operations Thread 52"        [_thread_blocked, id=1073634, stack(0x0000793e24cff000,0x0000793e24dff000) (1024K)]
  0x0000793ca0019190 JavaThread "Unconstrained build operations Thread 53"        [_thread_blocked, id=1073635, stack(0x0000793e24bff000,0x0000793e24cff000) (1024K)]
  0x0000793ca0019fc0 JavaThread "Unconstrained build operations Thread 54"        [_thread_blocked, id=1073636, stack(0x0000793e249ff000,0x0000793e24aff000) (1024K)]
  0x0000793ca001b1e0 JavaThread "Unconstrained build operations Thread 55"        [_thread_blocked, id=1073637, stack(0x0000793e248ff000,0x0000793e249ff000) (1024K)]
  0x0000793ca001c670 JavaThread "Unconstrained build operations Thread 56"        [_thread_blocked, id=1073638, stack(0x0000793e247ff000,0x0000793e248ff000) (1024K)]
  0x0000793ca001d880 JavaThread "Unconstrained build operations Thread 57"        [_thread_blocked, id=1073639, stack(0x0000793e246ff000,0x0000793e247ff000) (1024K)]
  0x0000793ca0021580 JavaThread "Unconstrained build operations Thread 58"        [_thread_blocked, id=1073640, stack(0x0000793e245ff000,0x0000793e246ff000) (1024K)]
  0x0000793ca0022500 JavaThread "Unconstrained build operations Thread 59"        [_thread_blocked, id=1073641, stack(0x0000793e243ff000,0x0000793e244ff000) (1024K)]
  0x0000793ca0023320 JavaThread "Unconstrained build operations Thread 60"        [_thread_blocked, id=1073642, stack(0x0000793e241ff000,0x0000793e242ff000) (1024K)]
  0x0000793ca0024140 JavaThread "Unconstrained build operations Thread 61"        [_thread_blocked, id=1073643, stack(0x0000793e240ff000,0x0000793e241ff000) (1024K)]
  0x0000793ca0024f60 JavaThread "Unconstrained build operations Thread 62"        [_thread_blocked, id=1073644, stack(0x0000793d23f00000,0x0000793d24000000) (1024K)]
  0x0000793ca0025d80 JavaThread "Unconstrained build operations Thread 63"        [_thread_blocked, id=1073645, stack(0x0000793d23e00000,0x0000793d23f00000) (1024K)]
  0x0000793ca0026ba0 JavaThread "Unconstrained build operations Thread 64"        [_thread_blocked, id=1073646, stack(0x0000793d23d00000,0x0000793d23e00000) (1024K)]
  0x0000793ca00279c0 JavaThread "Unconstrained build operations Thread 65"        [_thread_blocked, id=1073647, stack(0x0000793d23c00000,0x0000793d23d00000) (1024K)]
  0x0000793ca00287f0 JavaThread "Unconstrained build operations Thread 66"        [_thread_blocked, id=1073648, stack(0x0000793d23b00000,0x0000793d23c00000) (1024K)]
  0x0000793ca0029a10 JavaThread "Unconstrained build operations Thread 67"        [_thread_blocked, id=1073649, stack(0x0000793d23a00000,0x0000793d23b00000) (1024K)]
  0x0000793ca002a830 JavaThread "Unconstrained build operations Thread 68"        [_thread_blocked, id=1073650, stack(0x0000793d23900000,0x0000793d23a00000) (1024K)]
  0x0000793ca002ba40 JavaThread "Unconstrained build operations Thread 69"        [_thread_blocked, id=1073651, stack(0x0000793d23800000,0x0000793d23900000) (1024K)]
  0x0000793ca002cc50 JavaThread "Unconstrained build operations Thread 70"        [_thread_blocked, id=1073652, stack(0x0000793d23700000,0x0000793d23800000) (1024K)]
  0x0000793ca002da80 JavaThread "Unconstrained build operations Thread 71"        [_thread_blocked, id=1073653, stack(0x0000793d23600000,0x0000793d23700000) (1024K)]
  0x0000793ca002ecd0 JavaThread "Unconstrained build operations Thread 72"        [_thread_blocked, id=1073654, stack(0x0000793d23500000,0x0000793d23600000) (1024K)]
  0x0000793ca002fd40 JavaThread "Unconstrained build operations Thread 73"        [_thread_blocked, id=1073655, stack(0x0000793d23400000,0x0000793d23500000) (1024K)]
  0x0000793ca0030f50 JavaThread "Unconstrained build operations Thread 74"        [_thread_blocked, id=1073656, stack(0x0000793d23300000,0x0000793d23400000) (1024K)]
  0x0000793ca0032150 JavaThread "Unconstrained build operations Thread 75"        [_thread_blocked, id=1073657, stack(0x0000793d23200000,0x0000793d23300000) (1024K)]
  0x0000793ca00333d0 JavaThread "Unconstrained build operations Thread 76"        [_thread_blocked, id=1073658, stack(0x0000793d23100000,0x0000793d23200000) (1024K)]
  0x0000793ca0034710 JavaThread "Unconstrained build operations Thread 77"        [_thread_blocked, id=1073659, stack(0x0000793d23000000,0x0000793d23100000) (1024K)]
  0x0000793ca0035690 JavaThread "Unconstrained build operations Thread 78"        [_thread_blocked, id=1073660, stack(0x0000793d22f00000,0x0000793d23000000) (1024K)]
  0x0000793ca00364b0 JavaThread "Unconstrained build operations Thread 79"        [_thread_blocked, id=1073661, stack(0x0000793d22e00000,0x0000793d22f00000) (1024K)]
  0x0000793ca000a2a0 JavaThread "Unconstrained build operations Thread 80"        [_thread_blocked, id=1073662, stack(0x0000793d22c00000,0x0000793d22d00000) (1024K)]
  0x0000793ca000b5a0 JavaThread "Unconstrained build operations Thread 81"        [_thread_blocked, id=1073663, stack(0x0000793d22b00000,0x0000793d22c00000) (1024K)]
  0x0000793ca000c3c0 JavaThread "Unconstrained build operations Thread 82"        [_thread_blocked, id=1073664, stack(0x0000793d22a00000,0x0000793d22b00000) (1024K)]
  0x0000793ca000d1e0 JavaThread "Unconstrained build operations Thread 83"        [_thread_blocked, id=1073665, stack(0x0000793d22800000,0x0000793d22900000) (1024K)]
  0x0000793ca003be10 JavaThread "Unconstrained build operations Thread 84"        [_thread_blocked, id=1073666, stack(0x0000793d22700000,0x0000793d22800000) (1024K)]
  0x0000793ca003cbf0 JavaThread "Unconstrained build operations Thread 85"        [_thread_blocked, id=1073667, stack(0x0000793d22600000,0x0000793d22700000) (1024K)]
  0x0000793ca003d9e0 JavaThread "Unconstrained build operations Thread 86"        [_thread_blocked, id=1073668, stack(0x0000793d22500000,0x0000793d22600000) (1024K)]
  0x0000793ca003e7d0 JavaThread "Unconstrained build operations Thread 87"        [_thread_blocked, id=1073669, stack(0x0000793d22400000,0x0000793d22500000) (1024K)]
  0x0000793ca003f9e0 JavaThread "Unconstrained build operations Thread 88"        [_thread_blocked, id=1073670, stack(0x0000793d22300000,0x0000793d22400000) (1024K)]
  0x0000793ca0040c00 JavaThread "Unconstrained build operations Thread 89"        [_thread_blocked, id=1073671, stack(0x0000793d22200000,0x0000793d22300000) (1024K)]
  0x0000793ca0041e10 JavaThread "Unconstrained build operations Thread 90"        [_thread_blocked, id=1073672, stack(0x0000793d22100000,0x0000793d22200000) (1024K)]
  0x0000793ca0042c40 JavaThread "Unconstrained build operations Thread 91"        [_thread_blocked, id=1073673, stack(0x0000793d22000000,0x0000793d22100000) (1024K)]
  0x0000793ca0043a60 JavaThread "Unconstrained build operations Thread 92"        [_thread_blocked, id=1073674, stack(0x0000793d21f00000,0x0000793d22000000) (1024K)]
  0x0000793ca0044c60 JavaThread "Unconstrained build operations Thread 93"        [_thread_blocked, id=1073675, stack(0x0000793d21e00000,0x0000793d21f00000) (1024K)]
  0x0000793ca0045e70 JavaThread "Unconstrained build operations Thread 94"        [_thread_blocked, id=1073676, stack(0x0000793d21d00000,0x0000793d21e00000) (1024K)]
  0x0000793ca0047080 JavaThread "Unconstrained build operations Thread 95"        [_thread_blocked, id=1073677, stack(0x0000793d21c00000,0x0000793d21d00000) (1024K)]
  0x0000793ca00482a0 JavaThread "Unconstrained build operations Thread 96"        [_thread_blocked, id=1073678, stack(0x0000793d21b00000,0x0000793d21c00000) (1024K)]
  0x0000793ca00490e0 JavaThread "Unconstrained build operations Thread 97"        [_thread_blocked, id=1073679, stack(0x0000793d21a00000,0x0000793d21b00000) (1024K)]
  0x0000793ca004a2e0 JavaThread "Unconstrained build operations Thread 98"        [_thread_blocked, id=1073680, stack(0x0000793d21900000,0x0000793d21a00000) (1024K)]
Total: 188

Other Threads:
  0x0000793f804197a0 VMThread "VM Thread"                           [id=1068455, stack(0x0000793f590f2000,0x0000793f591f2000) (1024K)]
  0x0000793f80407670 WatcherThread "VM Periodic Task Thread"        [id=1068454, stack(0x0000793f591f3000,0x0000793f592f3000) (1024K)]
  0x0000793f80089d10 WorkerThread "GC Thread#0"                     [id=1068449, stack(0x0000793f68700000,0x0000793f68800000) (1024K)]
  0x0000793f000092d0 WorkerThread "GC Thread#1"                     [id=1068473, stack(0x0000793f06500000,0x0000793f06600000) (1024K)]
  0x0000793f00009dd0 WorkerThread "GC Thread#2"                     [id=1068474, stack(0x0000793f063ff000,0x0000793f064ff000) (1024K)]
  0x0000793f0000a8d0 WorkerThread "GC Thread#3"                     [id=1068475, stack(0x0000793f062fe000,0x0000793f063fe000) (1024K)]
  0x0000793f0000b3d0 WorkerThread "GC Thread#4"                     [id=1068476, stack(0x0000793f061fd000,0x0000793f062fd000) (1024K)]
  0x0000793f0000bed0 WorkerThread "GC Thread#5"                     [id=1068477, stack(0x0000793f060fc000,0x0000793f061fc000) (1024K)]
  0x0000793f0000ca00 WorkerThread "GC Thread#6"                     [id=1068478, stack(0x0000793f05ffb000,0x0000793f060fb000) (1024K)]
  0x0000793f0000d530 WorkerThread "GC Thread#7"                     [id=1068479, stack(0x0000793f05efa000,0x0000793f05ffa000) (1024K)]
  0x0000793f0000e060 WorkerThread "GC Thread#8"                     [id=1068480, stack(0x0000793f05df9000,0x0000793f05ef9000) (1024K)]
  0x0000793f0000eb90 WorkerThread "GC Thread#9"                     [id=1068481, stack(0x0000793f05cf8000,0x0000793f05df8000) (1024K)]
  0x0000793f0000f700 WorkerThread "GC Thread#10"                    [id=1068482, stack(0x0000793f05bf7000,0x0000793f05cf7000) (1024K)]
  0x0000793f00010270 WorkerThread "GC Thread#11"                    [id=1068483, stack(0x0000793f05af6000,0x0000793f05bf6000) (1024K)]
  0x0000793f00010de0 WorkerThread "GC Thread#12"                    [id=1068484, stack(0x0000793f059f5000,0x0000793f05af5000) (1024K)]
  0x0000793f00011950 WorkerThread "GC Thread#13"                    [id=1068485, stack(0x0000793f058f4000,0x0000793f059f4000) (1024K)]
  0x0000793f000124c0 WorkerThread "GC Thread#14"                    [id=1068486, stack(0x0000793f057f3000,0x0000793f058f3000) (1024K)]
  0x0000793f8009b290 ConcurrentGCThread "G1 Main Marker"            [id=1068450, stack(0x0000793f685ff000,0x0000793f686ff000) (1024K)]
  0x0000793f8009c190 WorkerThread "G1 Conc#0"                       [id=1068451, stack(0x0000793f684fe000,0x0000793f685fe000) (1024K)]
  0x0000793f5c000d90 WorkerThread "G1 Conc#1"                       [id=1068510, stack(0x0000793f049f2000,0x0000793f04af2000) (1024K)]
  0x0000793f5c0018d0 WorkerThread "G1 Conc#2"                       [id=1068511, stack(0x0000793f048f1000,0x0000793f049f1000) (1024K)]
  0x0000793f5c002410 WorkerThread "G1 Conc#3"                       [id=1068512, stack(0x0000793f047f0000,0x0000793f048f0000) (1024K)]
  0x0000793f803f3dc0 ConcurrentGCThread "G1 Refine#0"               [id=1068452, stack(0x0000793f593f5000,0x0000793f594f5000) (1024K)]
  0x0000793f803f4d80 ConcurrentGCThread "G1 Service"                [id=1068453, stack(0x0000793f592f4000,0x0000793f593f4000) (1024K)]
Total: 24

Threads with active compile tasks:
Total: 0

VM state: not at safepoint (normal execution)

VM Mutex/Monitor currently owned by a thread: None

Heap address: 0x0000000080000000, size: 2048 MB, Compressed Oops mode: 32-bit

CDS archive(s) mapped at: [0x0000793f0b000000-0x0000793f0bc9b000-0x0000793f0bc9b000), size 13217792, SharedBaseAddress: 0x0000793f0b000000, ArchiveRelocationMode: 1.
Compressed class space mapped at: 0x0000793f0c000000-0x0000793f4c000000, reserved size: 1073741824
Narrow klass base: 0x0000793f0b000000, Narrow klass shift: 0, Narrow klass range: 0x100000000

GC Precious Log:
 CardTable entry size: 512
 Card Set container configuration: InlinePtr #cards 5 size 8 Array Of Cards #cards 12 size 40 Howl #buckets 4 coarsen threshold 1843 Howl Bitmap #cards 512 size 80 coarsen threshold 460 Card regions per heap region 1 cards per card region 2048
 CPUs: 20 total, 20 available
 Memory: 55946M
 Large Page Support: Disabled
 NUMA Support: Disabled
 Compressed Oops: Enabled (32-bit)
 Heap Region Size: 1M
 Heap Min Capacity: 8M
 Heap Initial Capacity: 876M
 Heap Max Capacity: 2G
 Pre-touch: Disabled
 Parallel Workers: 15
 Concurrent Workers: 4
 Concurrent Refinement Workers: 15
 Periodic GC: Disabled

Heap:
 garbage-first heap   total 566272K, used 269113K [0x0000000080000000, 0x0000000100000000)
  region size 1024K, 34 young (34816K), 26 survivors (26624K)
 Metaspace       used 192343K, committed 195008K, reserved 1245184K
  class space    used 26595K, committed 27904K, reserved 1048576K

Heap Regions: E=young(eden), S=young(survivor), O=old, HS=humongous(starts), HC=humongous(continues), CS=collection set, F=free, TAMS=top-at-mark-start, PB=parsable bottom
|   0|0x0000000080000000, 0x0000000080100000, 0x0000000080100000|100%|HS|  |TAMS 0x0000000080000000| PB 0x0000000080000000| Complete 
|   1|0x0000000080100000, 0x0000000080200000, 0x0000000080200000|100%|HC|  |TAMS 0x0000000080100000| PB 0x0000000080100000| Complete 
|   2|0x0000000080200000, 0x0000000080300000, 0x0000000080300000|100%|HC|  |TAMS 0x0000000080200000| PB 0x0000000080200000| Complete 
|   3|0x0000000080300000, 0x0000000080400000, 0x0000000080400000|100%|HC|  |TAMS 0x0000000080300000| PB 0x0000000080300000| Complete 
|   4|0x0000000080400000, 0x0000000080500000, 0x0000000080500000|100%| O|  |TAMS 0x0000000080400000| PB 0x0000000080400000| Untracked 
|   5|0x0000000080500000, 0x0000000080600000, 0x0000000080600000|100%|HS|  |TAMS 0x0000000080500000| PB 0x0000000080500000| Complete 
|   6|0x0000000080600000, 0x0000000080700000, 0x0000000080700000|100%| O|  |TAMS 0x0000000080600000| PB 0x0000000080600000| Untracked 
|   7|0x0000000080700000, 0x0000000080800000, 0x0000000080800000|100%| O|  |TAMS 0x0000000080700000| PB 0x0000000080700000| Untracked 
|   8|0x0000000080800000, 0x0000000080900000, 0x0000000080900000|100%| O|  |TAMS 0x0000000080800000| PB 0x0000000080800000| Untracked 
|   9|0x0000000080900000, 0x0000000080a00000, 0x0000000080a00000|100%| O|  |TAMS 0x0000000080900000| PB 0x0000000080900000| Untracked 
|  10|0x0000000080a00000, 0x0000000080b00000, 0x0000000080b00000|100%| O|  |TAMS 0x0000000080a00000| PB 0x0000000080a00000| Untracked 
|  11|0x0000000080b00000, 0x0000000080c00000, 0x0000000080c00000|100%| O|  |TAMS 0x0000000080b00000| PB 0x0000000080b00000| Untracked 
|  12|0x0000000080c00000, 0x0000000080d00000, 0x0000000080d00000|100%| O|  |TAMS 0x0000000080c00000| PB 0x0000000080c00000| Untracked 
|  13|0x0000000080d00000, 0x0000000080e00000, 0x0000000080e00000|100%| O|  |TAMS 0x0000000080d00000| PB 0x0000000080d00000| Untracked 
|  14|0x0000000080e00000, 0x0000000080f00000, 0x0000000080f00000|100%| O|  |TAMS 0x0000000080e00000| PB 0x0000000080e00000| Untracked 
|  15|0x0000000080f00000, 0x0000000081000000, 0x0000000081000000|100%| O|  |TAMS 0x0000000080f00000| PB 0x0000000080f00000| Untracked 
|  16|0x0000000081000000, 0x0000000081100000, 0x0000000081100000|100%| O|  |TAMS 0x0000000081000000| PB 0x0000000081000000| Untracked 
|  17|0x0000000081100000, 0x0000000081200000, 0x0000000081200000|100%| O|  |TAMS 0x0000000081100000| PB 0x0000000081100000| Untracked 
|  18|0x0000000081200000, 0x0000000081300000, 0x0000000081300000|100%| O|  |TAMS 0x0000000081200000| PB 0x0000000081200000| Untracked 
|  19|0x0000000081300000, 0x0000000081400000, 0x0000000081400000|100%| O|  |TAMS 0x0000000081300000| PB 0x0000000081300000| Untracked 
|  20|0x0000000081400000, 0x0000000081500000, 0x0000000081500000|100%| O|  |TAMS 0x0000000081400000| PB 0x0000000081400000| Untracked 
|  21|0x0000000081500000, 0x0000000081600000, 0x0000000081600000|100%| O|  |TAMS 0x0000000081500000| PB 0x0000000081500000| Untracked 
|  22|0x0000000081600000, 0x0000000081700000, 0x0000000081700000|100%| O|  |TAMS 0x0000000081600000| PB 0x0000000081600000| Untracked 
|  23|0x0000000081700000, 0x0000000081800000, 0x0000000081800000|100%| O|  |TAMS 0x0000000081700000| PB 0x0000000081700000| Untracked 
|  24|0x0000000081800000, 0x0000000081900000, 0x0000000081900000|100%| O|  |TAMS 0x0000000081800000| PB 0x0000000081800000| Untracked 
|  25|0x0000000081900000, 0x0000000081a00000, 0x0000000081a00000|100%| O|  |TAMS 0x0000000081900000| PB 0x0000000081900000| Untracked 
|  26|0x0000000081a00000, 0x0000000081b00000, 0x0000000081b00000|100%|HS|  |TAMS 0x0000000081a00000| PB 0x0000000081a00000| Complete 
|  27|0x0000000081b00000, 0x0000000081c00000, 0x0000000081c00000|100%|HS|  |TAMS 0x0000000081b00000| PB 0x0000000081b00000| Complete 
|  28|0x0000000081c00000, 0x0000000081d00000, 0x0000000081d00000|100%|HS|  |TAMS 0x0000000081c00000| PB 0x0000000081c00000| Complete 
|  29|0x0000000081d00000, 0x0000000081e00000, 0x0000000081e00000|100%|HC|  |TAMS 0x0000000081d00000| PB 0x0000000081d00000| Complete 
|  30|0x0000000081e00000, 0x0000000081f00000, 0x0000000081f00000|100%|HS|  |TAMS 0x0000000081e00000| PB 0x0000000081e00000| Complete 
|  31|0x0000000081f00000, 0x0000000082000000, 0x0000000082000000|100%|HS|  |TAMS 0x0000000081f00000| PB 0x0000000081f00000| Complete 
|  32|0x0000000082000000, 0x0000000082100000, 0x0000000082100000|100%| O|  |TAMS 0x0000000082000000| PB 0x0000000082000000| Untracked 
|  33|0x0000000082100000, 0x0000000082200000, 0x0000000082200000|100%|HS|  |TAMS 0x0000000082100000| PB 0x0000000082100000| Complete 
|  34|0x0000000082200000, 0x0000000082300000, 0x0000000082300000|100%|HS|  |TAMS 0x0000000082200000| PB 0x0000000082200000| Complete 
|  35|0x0000000082300000, 0x0000000082400000, 0x0000000082400000|100%| O|  |TAMS 0x0000000082300000| PB 0x0000000082300000| Untracked 
|  36|0x0000000082400000, 0x0000000082500000, 0x0000000082500000|100%| O|  |TAMS 0x0000000082400000| PB 0x0000000082400000| Untracked 
|  37|0x0000000082500000, 0x0000000082600000, 0x0000000082600000|100%| O|  |TAMS 0x0000000082500000| PB 0x0000000082500000| Untracked 
|  38|0x0000000082600000, 0x0000000082700000, 0x0000000082700000|100%| O|  |TAMS 0x0000000082600000| PB 0x0000000082600000| Untracked 
|  39|0x0000000082700000, 0x0000000082800000, 0x0000000082800000|100%| O|  |TAMS 0x0000000082700000| PB 0x0000000082700000| Untracked 
|  40|0x0000000082800000, 0x0000000082900000, 0x0000000082900000|100%| O|  |TAMS 0x0000000082800000| PB 0x0000000082800000| Untracked 
|  41|0x0000000082900000, 0x0000000082a00000, 0x0000000082a00000|100%| O|  |TAMS 0x0000000082900000| PB 0x0000000082900000| Untracked 
|  42|0x0000000082a00000, 0x0000000082b00000, 0x0000000082b00000|100%| O|  |TAMS 0x0000000082a00000| PB 0x0000000082a00000| Untracked 
|  43|0x0000000082b00000, 0x0000000082c00000, 0x0000000082c00000|100%| O|  |TAMS 0x0000000082b00000| PB 0x0000000082b00000| Untracked 
|  44|0x0000000082c00000, 0x0000000082d00000, 0x0000000082d00000|100%| O|  |TAMS 0x0000000082c00000| PB 0x0000000082c00000| Untracked 
|  45|0x0000000082d00000, 0x0000000082e00000, 0x0000000082e00000|100%| O|  |TAMS 0x0000000082d00000| PB 0x0000000082d00000| Untracked 
|  46|0x0000000082e00000, 0x0000000082f00000, 0x0000000082f00000|100%| O|  |TAMS 0x0000000082e00000| PB 0x0000000082e00000| Untracked 
|  47|0x0000000082f00000, 0x0000000083000000, 0x0000000083000000|100%| O|  |TAMS 0x0000000082f00000| PB 0x0000000082f00000| Untracked 
|  48|0x0000000083000000, 0x0000000083100000, 0x0000000083100000|100%| O|  |TAMS 0x0000000083000000| PB 0x0000000083000000| Untracked 
|  49|0x0000000083100000, 0x0000000083200000, 0x0000000083200000|100%| O|  |TAMS 0x0000000083100000| PB 0x0000000083100000| Untracked 
|  50|0x0000000083200000, 0x0000000083300000, 0x0000000083300000|100%| O|  |TAMS 0x0000000083200000| PB 0x0000000083200000| Untracked 
|  51|0x0000000083300000, 0x0000000083400000, 0x0000000083400000|100%| O|  |TAMS 0x0000000083300000| PB 0x0000000083300000| Untracked 
|  52|0x0000000083400000, 0x0000000083500000, 0x0000000083500000|100%| O|  |TAMS 0x0000000083400000| PB 0x0000000083400000| Untracked 
|  53|0x0000000083500000, 0x0000000083600000, 0x0000000083600000|100%| O|  |TAMS 0x0000000083500000| PB 0x0000000083500000| Untracked 
|  54|0x0000000083600000, 0x0000000083700000, 0x0000000083700000|100%| O|  |TAMS 0x0000000083600000| PB 0x0000000083600000| Untracked 
|  55|0x0000000083700000, 0x0000000083800000, 0x0000000083800000|100%| O|  |TAMS 0x0000000083700000| PB 0x0000000083700000| Untracked 
|  56|0x0000000083800000, 0x0000000083900000, 0x0000000083900000|100%| O|  |TAMS 0x0000000083800000| PB 0x0000000083800000| Untracked 
|  57|0x0000000083900000, 0x0000000083a00000, 0x0000000083a00000|100%| O|  |TAMS 0x0000000083900000| PB 0x0000000083900000| Untracked 
|  58|0x0000000083a00000, 0x0000000083b00000, 0x0000000083b00000|100%| O|  |TAMS 0x0000000083a00000| PB 0x0000000083a00000| Untracked 
|  59|0x0000000083b00000, 0x0000000083c00000, 0x0000000083c00000|100%| O|  |TAMS 0x0000000083b00000| PB 0x0000000083b00000| Untracked 
|  60|0x0000000083c00000, 0x0000000083d00000, 0x0000000083d00000|100%| O|  |TAMS 0x0000000083c00000| PB 0x0000000083c00000| Untracked 
|  61|0x0000000083d00000, 0x0000000083e00000, 0x0000000083e00000|100%| O|  |TAMS 0x0000000083d00000| PB 0x0000000083d00000| Untracked 
|  62|0x0000000083e00000, 0x0000000083f00000, 0x0000000083f00000|100%|HS|  |TAMS 0x0000000083e00000| PB 0x0000000083e00000| Complete 
|  63|0x0000000083f00000, 0x0000000084000000, 0x0000000084000000|100%|HC|  |TAMS 0x0000000083f00000| PB 0x0000000083f00000| Complete 
|  64|0x0000000084000000, 0x0000000084100000, 0x0000000084100000|100%| O|  |TAMS 0x0000000084000000| PB 0x0000000084000000| Untracked 
|  65|0x0000000084100000, 0x0000000084200000, 0x0000000084200000|100%| O|  |TAMS 0x0000000084100000| PB 0x0000000084100000| Untracked 
|  66|0x0000000084200000, 0x0000000084300000, 0x0000000084300000|100%| O|  |TAMS 0x0000000084200000| PB 0x0000000084200000| Untracked 
|  67|0x0000000084300000, 0x0000000084400000, 0x0000000084400000|100%| O|  |TAMS 0x0000000084300000| PB 0x0000000084300000| Untracked 
|  68|0x0000000084400000, 0x0000000084500000, 0x0000000084500000|100%|HS|  |TAMS 0x0000000084400000| PB 0x0000000084400000| Complete 
|  69|0x0000000084500000, 0x0000000084600000, 0x0000000084600000|100%| O|  |TAMS 0x0000000084500000| PB 0x0000000084500000| Untracked 
|  70|0x0000000084600000, 0x0000000084700000, 0x0000000084700000|100%| O|  |TAMS 0x0000000084600000| PB 0x0000000084600000| Untracked 
|  71|0x0000000084700000, 0x0000000084800000, 0x0000000084800000|100%| O|  |TAMS 0x0000000084700000| PB 0x0000000084700000| Untracked 
|  72|0x0000000084800000, 0x0000000084900000, 0x0000000084900000|100%| O|  |TAMS 0x0000000084800000| PB 0x0000000084800000| Untracked 
|  73|0x0000000084900000, 0x0000000084a00000, 0x0000000084a00000|100%| O|  |TAMS 0x0000000084900000| PB 0x0000000084900000| Untracked 
|  74|0x0000000084a00000, 0x0000000084b00000, 0x0000000084b00000|100%| O|  |TAMS 0x0000000084a00000| PB 0x0000000084a00000| Untracked 
|  75|0x0000000084b00000, 0x0000000084c00000, 0x0000000084c00000|100%| O|  |TAMS 0x0000000084b00000| PB 0x0000000084b00000| Untracked 
|  76|0x0000000084c00000, 0x0000000084d00000, 0x0000000084d00000|100%| O|  |TAMS 0x0000000084c00000| PB 0x0000000084c00000| Untracked 
|  77|0x0000000084d00000, 0x0000000084d00000, 0x0000000084e00000|  0%| F|  |TAMS 0x0000000084d00000| PB 0x0000000084d00000| Untracked 
|  78|0x0000000084e00000, 0x0000000084f00000, 0x0000000084f00000|100%| O|  |TAMS 0x0000000084e00000| PB 0x0000000084e00000| Untracked 
|  79|0x0000000084f00000, 0x0000000085000000, 0x0000000085000000|100%| O|  |TAMS 0x0000000084f00000| PB 0x0000000084f00000| Untracked 
|  80|0x0000000085000000, 0x0000000085100000, 0x0000000085100000|100%| O|  |TAMS 0x0000000085000000| PB 0x0000000085000000| Untracked 
|  81|0x0000000085100000, 0x0000000085200000, 0x0000000085200000|100%| O|  |TAMS 0x0000000085100000| PB 0x0000000085100000| Untracked 
|  82|0x0000000085200000, 0x0000000085300000, 0x0000000085300000|100%| O|  |TAMS 0x0000000085200000| PB 0x0000000085200000| Untracked 
|  83|0x0000000085300000, 0x0000000085400000, 0x0000000085400000|100%| O|  |TAMS 0x0000000085300000| PB 0x0000000085300000| Untracked 
|  84|0x0000000085400000, 0x0000000085500000, 0x0000000085500000|100%| O|  |TAMS 0x0000000085400000| PB 0x0000000085400000| Untracked 
|  85|0x0000000085500000, 0x0000000085600000, 0x0000000085600000|100%| O|  |TAMS 0x0000000085500000| PB 0x0000000085500000| Untracked 
|  86|0x0000000085600000, 0x0000000085700000, 0x0000000085700000|100%| O|  |TAMS 0x0000000085600000| PB 0x0000000085600000| Untracked 
|  87|0x0000000085700000, 0x0000000085800000, 0x0000000085800000|100%| O|  |TAMS 0x0000000085700000| PB 0x0000000085700000| Untracked 
|  88|0x0000000085800000, 0x0000000085900000, 0x0000000085900000|100%| O|  |TAMS 0x0000000085800000| PB 0x0000000085800000| Untracked 
|  89|0x0000000085900000, 0x0000000085900000, 0x0000000085a00000|  0%| F|  |TAMS 0x0000000085900000| PB 0x0000000085900000| Untracked 
|  90|0x0000000085a00000, 0x0000000085b00000, 0x0000000085b00000|100%| O|  |TAMS 0x0000000085a00000| PB 0x0000000085a00000| Untracked 
|  91|0x0000000085b00000, 0x0000000085c00000, 0x0000000085c00000|100%| O|  |TAMS 0x0000000085b00000| PB 0x0000000085b00000| Untracked 
|  92|0x0000000085c00000, 0x0000000085d00000, 0x0000000085d00000|100%| O|  |TAMS 0x0000000085c00000| PB 0x0000000085c00000| Untracked 
|  93|0x0000000085d00000, 0x0000000085e00000, 0x0000000085e00000|100%| O|  |TAMS 0x0000000085d00000| PB 0x0000000085d00000| Untracked 
|  94|0x0000000085e00000, 0x0000000085f00000, 0x0000000085f00000|100%|HS|  |TAMS 0x0000000085e00000| PB 0x0000000085e00000| Complete 
|  95|0x0000000085f00000, 0x0000000086000000, 0x0000000086000000|100%|HC|  |TAMS 0x0000000085f00000| PB 0x0000000085f00000| Complete 
|  96|0x0000000086000000, 0x0000000086100000, 0x0000000086100000|100%|HC|  |TAMS 0x0000000086000000| PB 0x0000000086000000| Complete 
|  97|0x0000000086100000, 0x0000000086200000, 0x0000000086200000|100%|HC|  |TAMS 0x0000000086100000| PB 0x0000000086100000| Complete 
|  98|0x0000000086200000, 0x0000000086300000, 0x0000000086300000|100%| O|  |TAMS 0x0000000086200000| PB 0x0000000086200000| Untracked 
|  99|0x0000000086300000, 0x0000000086400000, 0x0000000086400000|100%| O|  |TAMS 0x0000000086300000| PB 0x0000000086300000| Untracked 
| 100|0x0000000086400000, 0x0000000086500000, 0x0000000086500000|100%| O|  |TAMS 0x0000000086400000| PB 0x0000000086400000| Untracked 
| 101|0x0000000086500000, 0x0000000086600000, 0x0000000086600000|100%| O|  |TAMS 0x0000000086500000| PB 0x0000000086500000| Untracked 
| 102|0x0000000086600000, 0x0000000086700000, 0x0000000086700000|100%| O|  |TAMS 0x0000000086600000| PB 0x0000000086600000| Untracked 
| 103|0x0000000086700000, 0x0000000086800000, 0x0000000086800000|100%| O|  |TAMS 0x0000000086700000| PB 0x0000000086700000| Untracked 
| 104|0x0000000086800000, 0x0000000086900000, 0x0000000086900000|100%| O|  |TAMS 0x0000000086800000| PB 0x0000000086800000| Untracked 
| 105|0x0000000086900000, 0x0000000086a00000, 0x0000000086a00000|100%| O|  |TAMS 0x0000000086900000| PB 0x0000000086900000| Untracked 
| 106|0x0000000086a00000, 0x0000000086b00000, 0x0000000086b00000|100%| O|  |TAMS 0x0000000086a00000| PB 0x0000000086a00000| Untracked 
| 107|0x0000000086b00000, 0x0000000086c00000, 0x0000000086c00000|100%| O|  |TAMS 0x0000000086b00000| PB 0x0000000086b00000| Untracked 
| 108|0x0000000086c00000, 0x0000000086d00000, 0x0000000086d00000|100%| O|  |TAMS 0x0000000086c00000| PB 0x0000000086c00000| Untracked 
| 109|0x0000000086d00000, 0x0000000086e00000, 0x0000000086e00000|100%| O|  |TAMS 0x0000000086d00000| PB 0x0000000086d00000| Untracked 
| 110|0x0000000086e00000, 0x0000000086f00000, 0x0000000086f00000|100%| O|  |TAMS 0x0000000086e00000| PB 0x0000000086e00000| Untracked 
| 111|0x0000000086f00000, 0x0000000087000000, 0x0000000087000000|100%| O|  |TAMS 0x0000000086f00000| PB 0x0000000086f00000| Untracked 
| 112|0x0000000087000000, 0x0000000087100000, 0x0000000087100000|100%| O|  |TAMS 0x0000000087000000| PB 0x0000000087000000| Untracked 
| 113|0x0000000087100000, 0x0000000087200000, 0x0000000087200000|100%| O|  |TAMS 0x0000000087100000| PB 0x0000000087100000| Untracked 
| 114|0x0000000087200000, 0x0000000087300000, 0x0000000087300000|100%| O|  |TAMS 0x0000000087200000| PB 0x0000000087200000| Untracked 
| 115|0x0000000087300000, 0x0000000087400000, 0x0000000087400000|100%| O|  |TAMS 0x0000000087300000| PB 0x0000000087300000| Untracked 
| 116|0x0000000087400000, 0x0000000087500000, 0x0000000087500000|100%| O|  |TAMS 0x0000000087400000| PB 0x0000000087400000| Untracked 
| 117|0x0000000087500000, 0x0000000087600000, 0x0000000087600000|100%| O|  |TAMS 0x0000000087500000| PB 0x0000000087500000| Untracked 
| 118|0x0000000087600000, 0x0000000087700000, 0x0000000087700000|100%| O|  |TAMS 0x0000000087600000| PB 0x0000000087600000| Untracked 
| 119|0x0000000087700000, 0x0000000087800000, 0x0000000087800000|100%| O|  |TAMS 0x0000000087700000| PB 0x0000000087700000| Untracked 
| 120|0x0000000087800000, 0x0000000087900000, 0x0000000087900000|100%| O|  |TAMS 0x0000000087800000| PB 0x0000000087800000| Untracked 
| 121|0x0000000087900000, 0x0000000087a00000, 0x0000000087a00000|100%| O|  |TAMS 0x0000000087900000| PB 0x0000000087900000| Untracked 
| 122|0x0000000087a00000, 0x0000000087b00000, 0x0000000087b00000|100%| O|  |TAMS 0x0000000087a00000| PB 0x0000000087a00000| Untracked 
| 123|0x0000000087b00000, 0x0000000087c00000, 0x0000000087c00000|100%| O|  |TAMS 0x0000000087b00000| PB 0x0000000087b00000| Untracked 
| 124|0x0000000087c00000, 0x0000000087d00000, 0x0000000087d00000|100%| O|  |TAMS 0x0000000087c00000| PB 0x0000000087c00000| Untracked 
| 125|0x0000000087d00000, 0x0000000087e00000, 0x0000000087e00000|100%| O|  |TAMS 0x0000000087d00000| PB 0x0000000087d00000| Untracked 
| 126|0x0000000087e00000, 0x0000000087f00000, 0x0000000087f00000|100%| O|  |TAMS 0x0000000087e00000| PB 0x0000000087e00000| Untracked 
| 127|0x0000000087f00000, 0x0000000088000000, 0x0000000088000000|100%| O|  |TAMS 0x0000000087f00000| PB 0x0000000087f00000| Untracked 
| 128|0x0000000088000000, 0x0000000088100000, 0x0000000088100000|100%| O|  |TAMS 0x0000000088000000| PB 0x0000000088000000| Untracked 
| 129|0x0000000088100000, 0x0000000088200000, 0x0000000088200000|100%| O|  |TAMS 0x0000000088100000| PB 0x0000000088100000| Untracked 
| 130|0x0000000088200000, 0x0000000088300000, 0x0000000088300000|100%| O|  |TAMS 0x0000000088200000| PB 0x0000000088200000| Untracked 
| 131|0x0000000088300000, 0x0000000088400000, 0x0000000088400000|100%| O|  |TAMS 0x0000000088300000| PB 0x0000000088300000| Untracked 
| 132|0x0000000088400000, 0x0000000088500000, 0x0000000088500000|100%| O|  |TAMS 0x0000000088400000| PB 0x0000000088400000| Untracked 
| 133|0x0000000088500000, 0x0000000088600000, 0x0000000088600000|100%| O|  |TAMS 0x0000000088500000| PB 0x0000000088500000| Untracked 
| 134|0x0000000088600000, 0x0000000088700000, 0x0000000088700000|100%| O|  |TAMS 0x0000000088600000| PB 0x0000000088600000| Untracked 
| 135|0x0000000088700000, 0x0000000088800000, 0x0000000088800000|100%| O|  |TAMS 0x0000000088700000| PB 0x0000000088700000| Untracked 
| 136|0x0000000088800000, 0x0000000088900000, 0x0000000088900000|100%| O|  |TAMS 0x0000000088800000| PB 0x0000000088800000| Untracked 
| 137|0x0000000088900000, 0x0000000088a00000, 0x0000000088a00000|100%| O|  |TAMS 0x0000000088900000| PB 0x0000000088900000| Untracked 
| 138|0x0000000088a00000, 0x0000000088b00000, 0x0000000088b00000|100%| O|  |TAMS 0x0000000088a00000| PB 0x0000000088a00000| Untracked 
| 139|0x0000000088b00000, 0x0000000088c00000, 0x0000000088c00000|100%| O|  |TAMS 0x0000000088b00000| PB 0x0000000088b00000| Untracked 
| 140|0x0000000088c00000, 0x0000000088d00000, 0x0000000088d00000|100%| O|  |TAMS 0x0000000088c00000| PB 0x0000000088c00000| Untracked 
| 141|0x0000000088d00000, 0x0000000088e00000, 0x0000000088e00000|100%| O|  |TAMS 0x0000000088d00000| PB 0x0000000088d00000| Untracked 
| 142|0x0000000088e00000, 0x0000000088f00000, 0x0000000088f00000|100%| O|  |TAMS 0x0000000088e00000| PB 0x0000000088e00000| Untracked 
| 143|0x0000000088f00000, 0x0000000089000000, 0x0000000089000000|100%| O|  |TAMS 0x0000000088f00000| PB 0x0000000088f00000| Untracked 
| 144|0x0000000089000000, 0x0000000089100000, 0x0000000089100000|100%|HS|  |TAMS 0x0000000089000000| PB 0x0000000089000000| Complete 
| 145|0x0000000089100000, 0x0000000089200000, 0x0000000089200000|100%| O|  |TAMS 0x0000000089100000| PB 0x0000000089100000| Untracked 
| 146|0x0000000089200000, 0x0000000089300000, 0x0000000089300000|100%| O|  |TAMS 0x0000000089200000| PB 0x0000000089200000| Untracked 
| 147|0x0000000089300000, 0x0000000089400000, 0x0000000089400000|100%| O|  |TAMS 0x0000000089300000| PB 0x0000000089300000| Untracked 
| 148|0x0000000089400000, 0x0000000089500000, 0x0000000089500000|100%| O|  |TAMS 0x0000000089400000| PB 0x0000000089400000| Untracked 
| 149|0x0000000089500000, 0x0000000089600000, 0x0000000089600000|100%| O|  |TAMS 0x0000000089500000| PB 0x0000000089500000| Untracked 
| 150|0x0000000089600000, 0x0000000089700000, 0x0000000089700000|100%| O|  |TAMS 0x0000000089600000| PB 0x0000000089600000| Untracked 
| 151|0x0000000089700000, 0x0000000089800000, 0x0000000089800000|100%| O|  |TAMS 0x0000000089700000| PB 0x0000000089700000| Untracked 
| 152|0x0000000089800000, 0x0000000089900000, 0x0000000089900000|100%| O|  |TAMS 0x0000000089800000| PB 0x0000000089800000| Untracked 
| 153|0x0000000089900000, 0x0000000089a00000, 0x0000000089a00000|100%| O|  |TAMS 0x0000000089900000| PB 0x0000000089900000| Untracked 
| 154|0x0000000089a00000, 0x0000000089b00000, 0x0000000089b00000|100%| O|  |TAMS 0x0000000089a00000| PB 0x0000000089a00000| Untracked 
| 155|0x0000000089b00000, 0x0000000089c00000, 0x0000000089c00000|100%| O|  |TAMS 0x0000000089b00000| PB 0x0000000089b00000| Untracked 
| 156|0x0000000089c00000, 0x0000000089d00000, 0x0000000089d00000|100%| O|  |TAMS 0x0000000089c00000| PB 0x0000000089c00000| Untracked 
| 157|0x0000000089d00000, 0x0000000089e00000, 0x0000000089e00000|100%| O|  |TAMS 0x0000000089d00000| PB 0x0000000089d00000| Untracked 
| 158|0x0000000089e00000, 0x0000000089f00000, 0x0000000089f00000|100%| O|  |TAMS 0x0000000089e00000| PB 0x0000000089e00000| Untracked 
| 159|0x0000000089f00000, 0x000000008a000000, 0x000000008a000000|100%| O|  |TAMS 0x0000000089f00000| PB 0x0000000089f00000| Untracked 
| 160|0x000000008a000000, 0x000000008a100000, 0x000000008a100000|100%| O|  |TAMS 0x000000008a000000| PB 0x000000008a000000| Untracked 
| 161|0x000000008a100000, 0x000000008a200000, 0x000000008a200000|100%| O|  |TAMS 0x000000008a100000| PB 0x000000008a100000| Untracked 
| 162|0x000000008a200000, 0x000000008a300000, 0x000000008a300000|100%| O|  |TAMS 0x000000008a200000| PB 0x000000008a200000| Untracked 
| 163|0x000000008a300000, 0x000000008a400000, 0x000000008a400000|100%| O|Cm|TAMS 0x000000008a300000| PB 0x000000008a300000| Complete 
| 164|0x000000008a400000, 0x000000008a500000, 0x000000008a500000|100%| O|  |TAMS 0x000000008a400000| PB 0x000000008a400000| Untracked 
| 165|0x000000008a500000, 0x000000008a500000, 0x000000008a600000|  0%| F|  |TAMS 0x000000008a500000| PB 0x000000008a500000| Untracked 
| 166|0x000000008a600000, 0x000000008a600000, 0x000000008a700000|  0%| F|  |TAMS 0x000000008a600000| PB 0x000000008a600000| Untracked 
| 167|0x000000008a700000, 0x000000008a800000, 0x000000008a800000|100%| O|  |TAMS 0x000000008a700000| PB 0x000000008a700000| Untracked 
| 168|0x000000008a800000, 0x000000008a900000, 0x000000008a900000|100%| O|  |TAMS 0x000000008a800000| PB 0x000000008a800000| Untracked 
| 169|0x000000008a900000, 0x000000008a900000, 0x000000008aa00000|  0%| F|  |TAMS 0x000000008a900000| PB 0x000000008a900000| Untracked 
| 170|0x000000008aa00000, 0x000000008aa00000, 0x000000008ab00000|  0%| F|  |TAMS 0x000000008aa00000| PB 0x000000008aa00000| Untracked 
| 171|0x000000008ab00000, 0x000000008ac00000, 0x000000008ac00000|100%| O|Cm|TAMS 0x000000008ab00000| PB 0x000000008ab00000| Complete 
| 172|0x000000008ac00000, 0x000000008ad00000, 0x000000008ad00000|100%| O|  |TAMS 0x000000008ac00000| PB 0x000000008ac00000| Untracked 
| 173|0x000000008ad00000, 0x000000008ae00000, 0x000000008ae00000|100%| O|  |TAMS 0x000000008ad00000| PB 0x000000008ad00000| Untracked 
| 174|0x000000008ae00000, 0x000000008af00000, 0x000000008af00000|100%| O|  |TAMS 0x000000008ae00000| PB 0x000000008ae00000| Untracked 
| 175|0x000000008af00000, 0x000000008b000000, 0x000000008b000000|100%| O|  |TAMS 0x000000008af00000| PB 0x000000008af00000| Untracked 
| 176|0x000000008b000000, 0x000000008b100000, 0x000000008b100000|100%| O|  |TAMS 0x000000008b000000| PB 0x000000008b000000| Untracked 
| 177|0x000000008b100000, 0x000000008b200000, 0x000000008b200000|100%| O|  |TAMS 0x000000008b100000| PB 0x000000008b100000| Untracked 
| 178|0x000000008b200000, 0x000000008b300000, 0x000000008b300000|100%| O|  |TAMS 0x000000008b200000| PB 0x000000008b200000| Untracked 
| 179|0x000000008b300000, 0x000000008b400000, 0x000000008b400000|100%| O|  |TAMS 0x000000008b300000| PB 0x000000008b300000| Untracked 
| 180|0x000000008b400000, 0x000000008b500000, 0x000000008b500000|100%| O|Cm|TAMS 0x000000008b400000| PB 0x000000008b400000| Complete 
| 181|0x000000008b500000, 0x000000008b600000, 0x000000008b600000|100%| O|  |TAMS 0x000000008b500000| PB 0x000000008b500000| Untracked 
| 182|0x000000008b600000, 0x000000008b700000, 0x000000008b700000|100%| O|  |TAMS 0x000000008b600000| PB 0x000000008b600000| Untracked 
| 183|0x000000008b700000, 0x000000008b800000, 0x000000008b800000|100%| O|  |TAMS 0x000000008b700000| PB 0x000000008b700000| Untracked 
| 184|0x000000008b800000, 0x000000008b800000, 0x000000008b900000|  0%| F|  |TAMS 0x000000008b800000| PB 0x000000008b800000| Untracked 
| 185|0x000000008b900000, 0x000000008b900000, 0x000000008ba00000|  0%| F|  |TAMS 0x000000008b900000| PB 0x000000008b900000| Untracked 
| 186|0x000000008ba00000, 0x000000008ba00000, 0x000000008bb00000|  0%| F|  |TAMS 0x000000008ba00000| PB 0x000000008ba00000| Untracked 
| 187|0x000000008bb00000, 0x000000008bc00000, 0x000000008bc00000|100%| O|  |TAMS 0x000000008bb00000| PB 0x000000008bb00000| Untracked 
| 188|0x000000008bc00000, 0x000000008bd00000, 0x000000008bd00000|100%| O|Cm|TAMS 0x000000008bc00000| PB 0x000000008bc00000| Complete 
| 189|0x000000008bd00000, 0x000000008be00000, 0x000000008be00000|100%| O|  |TAMS 0x000000008bd00000| PB 0x000000008bd00000| Untracked 
| 190|0x000000008be00000, 0x000000008bf00000, 0x000000008bf00000|100%| O|  |TAMS 0x000000008be00000| PB 0x000000008be00000| Untracked 
| 191|0x000000008bf00000, 0x000000008c000000, 0x000000008c000000|100%| O|Cm|TAMS 0x000000008bf00000| PB 0x000000008bf00000| Complete 
| 192|0x000000008c000000, 0x000000008c100000, 0x000000008c100000|100%| O|  |TAMS 0x000000008c000000| PB 0x000000008c000000| Untracked 
| 193|0x000000008c100000, 0x000000008c200000, 0x000000008c200000|100%| O|Cm|TAMS 0x000000008c100000| PB 0x000000008c100000| Complete 
| 194|0x000000008c200000, 0x000000008c300000, 0x000000008c300000|100%| O|Cm|TAMS 0x000000008c200000| PB 0x000000008c200000| Complete 
| 195|0x000000008c300000, 0x000000008c400000, 0x000000008c400000|100%| O|  |TAMS 0x000000008c300000| PB 0x000000008c300000| Untracked 
| 196|0x000000008c400000, 0x000000008c500000, 0x000000008c500000|100%| O|  |TAMS 0x000000008c400000| PB 0x000000008c400000| Untracked 
| 197|0x000000008c500000, 0x000000008c600000, 0x000000008c600000|100%| O|  |TAMS 0x000000008c500000| PB 0x000000008c500000| Untracked 
| 198|0x000000008c600000, 0x000000008c700000, 0x000000008c700000|100%| O|  |TAMS 0x000000008c600000| PB 0x000000008c600000| Untracked 
| 199|0x000000008c700000, 0x000000008c800000, 0x000000008c800000|100%| O|  |TAMS 0x000000008c700000| PB 0x000000008c700000| Untracked 
| 200|0x000000008c800000, 0x000000008c800000, 0x000000008c900000|  0%| F|  |TAMS 0x000000008c800000| PB 0x000000008c800000| Untracked 
| 201|0x000000008c900000, 0x000000008ca00000, 0x000000008ca00000|100%| O|  |TAMS 0x000000008c900000| PB 0x000000008c900000| Untracked 
| 202|0x000000008ca00000, 0x000000008cb00000, 0x000000008cb00000|100%| O|  |TAMS 0x000000008ca00000| PB 0x000000008ca00000| Untracked 
| 203|0x000000008cb00000, 0x000000008cc00000, 0x000000008cc00000|100%| O|  |TAMS 0x000000008cb00000| PB 0x000000008cb00000| Untracked 
| 204|0x000000008cc00000, 0x000000008cd00000, 0x000000008cd00000|100%| O|  |TAMS 0x000000008cc00000| PB 0x000000008cc00000| Untracked 
| 205|0x000000008cd00000, 0x000000008ce00000, 0x000000008ce00000|100%| O|  |TAMS 0x000000008cd00000| PB 0x000000008cd00000| Untracked 
| 206|0x000000008ce00000, 0x000000008cf00000, 0x000000008cf00000|100%| O|  |TAMS 0x000000008ce00000| PB 0x000000008ce00000| Untracked 
| 207|0x000000008cf00000, 0x000000008d000000, 0x000000008d000000|100%| O|  |TAMS 0x000000008cf00000| PB 0x000000008cf00000| Untracked 
| 208|0x000000008d000000, 0x000000008d100000, 0x000000008d100000|100%| O|  |TAMS 0x000000008d000000| PB 0x000000008d000000| Untracked 
| 209|0x000000008d100000, 0x000000008d100000, 0x000000008d200000|  0%| F|  |TAMS 0x000000008d100000| PB 0x000000008d100000| Untracked 
| 210|0x000000008d200000, 0x000000008d300000, 0x000000008d300000|100%| O|Cm|TAMS 0x000000008d200000| PB 0x000000008d200000| Complete 
| 211|0x000000008d300000, 0x000000008d400000, 0x000000008d400000|100%| O|  |TAMS 0x000000008d300000| PB 0x000000008d300000| Untracked 
| 212|0x000000008d400000, 0x000000008d500000, 0x000000008d500000|100%| O|  |TAMS 0x000000008d400000| PB 0x000000008d400000| Untracked 
| 213|0x000000008d500000, 0x000000008d600000, 0x000000008d600000|100%| O|  |TAMS 0x000000008d500000| PB 0x000000008d500000| Untracked 
| 214|0x000000008d600000, 0x000000008d700000, 0x000000008d700000|100%| O|  |TAMS 0x000000008d600000| PB 0x000000008d600000| Untracked 
| 215|0x000000008d700000, 0x000000008d800000, 0x000000008d800000|100%| O|  |TAMS 0x000000008d700000| PB 0x000000008d700000| Untracked 
| 216|0x000000008d800000, 0x000000008d900000, 0x000000008d900000|100%| O|  |TAMS 0x000000008d800000| PB 0x000000008d800000| Untracked 
| 217|0x000000008d900000, 0x000000008da00000, 0x000000008da00000|100%| O|  |TAMS 0x000000008d900000| PB 0x000000008d900000| Untracked 
| 218|0x000000008da00000, 0x000000008db00000, 0x000000008db00000|100%| O|Cm|TAMS 0x000000008da00000| PB 0x000000008da00000| Complete 
| 219|0x000000008db00000, 0x000000008dc00000, 0x000000008dc00000|100%| O|  |TAMS 0x000000008db00000| PB 0x000000008db00000| Untracked 
| 220|0x000000008dc00000, 0x000000008dd00000, 0x000000008dd00000|100%| O|Cm|TAMS 0x000000008dc00000| PB 0x000000008dc00000| Complete 
| 221|0x000000008dd00000, 0x000000008de00000, 0x000000008de00000|100%| O|Cm|TAMS 0x000000008dd00000| PB 0x000000008dd00000| Complete 
| 222|0x000000008de00000, 0x000000008df00000, 0x000000008df00000|100%| O|  |TAMS 0x000000008de00000| PB 0x000000008de00000| Untracked 
| 223|0x000000008df00000, 0x000000008df00000, 0x000000008e000000|  0%| F|  |TAMS 0x000000008df00000| PB 0x000000008df00000| Untracked 
| 224|0x000000008e000000, 0x000000008e000000, 0x000000008e100000|  0%| F|  |TAMS 0x000000008e000000| PB 0x000000008e000000| Untracked 
| 225|0x000000008e100000, 0x000000008e100000, 0x000000008e200000|  0%| F|  |TAMS 0x000000008e100000| PB 0x000000008e100000| Untracked 
| 226|0x000000008e200000, 0x000000008e200000, 0x000000008e300000|  0%| F|  |TAMS 0x000000008e200000| PB 0x000000008e200000| Untracked 
| 227|0x000000008e300000, 0x000000008e300000, 0x000000008e400000|  0%| F|  |TAMS 0x000000008e300000| PB 0x000000008e300000| Untracked 
| 228|0x000000008e400000, 0x000000008e400000, 0x000000008e500000|  0%| F|  |TAMS 0x000000008e400000| PB 0x000000008e400000| Untracked 
| 229|0x000000008e500000, 0x000000008e500000, 0x000000008e600000|  0%| F|  |TAMS 0x000000008e500000| PB 0x000000008e500000| Untracked 
| 230|0x000000008e600000, 0x000000008e600000, 0x000000008e700000|  0%| F|  |TAMS 0x000000008e600000| PB 0x000000008e600000| Untracked 
| 231|0x000000008e700000, 0x000000008e700000, 0x000000008e800000|  0%| F|  |TAMS 0x000000008e700000| PB 0x000000008e700000| Untracked 
| 232|0x000000008e800000, 0x000000008e800000, 0x000000008e900000|  0%| F|  |TAMS 0x000000008e800000| PB 0x000000008e800000| Untracked 
| 233|0x000000008e900000, 0x000000008e900000, 0x000000008ea00000|  0%| F|  |TAMS 0x000000008e900000| PB 0x000000008e900000| Untracked 
| 234|0x000000008ea00000, 0x000000008ea00000, 0x000000008eb00000|  0%| F|  |TAMS 0x000000008ea00000| PB 0x000000008ea00000| Untracked 
| 235|0x000000008eb00000, 0x000000008eb00000, 0x000000008ec00000|  0%| F|  |TAMS 0x000000008eb00000| PB 0x000000008eb00000| Untracked 
| 236|0x000000008ec00000, 0x000000008ec00000, 0x000000008ed00000|  0%| F|  |TAMS 0x000000008ec00000| PB 0x000000008ec00000| Untracked 
| 237|0x000000008ed00000, 0x000000008ed00000, 0x000000008ee00000|  0%| F|  |TAMS 0x000000008ed00000| PB 0x000000008ed00000| Untracked 
| 238|0x000000008ee00000, 0x000000008ee00000, 0x000000008ef00000|  0%| F|  |TAMS 0x000000008ee00000| PB 0x000000008ee00000| Untracked 
| 239|0x000000008ef00000, 0x000000008ef00000, 0x000000008f000000|  0%| F|  |TAMS 0x000000008ef00000| PB 0x000000008ef00000| Untracked 
| 240|0x000000008f000000, 0x000000008f000000, 0x000000008f100000|  0%| F|  |TAMS 0x000000008f000000| PB 0x000000008f000000| Untracked 
| 241|0x000000008f100000, 0x000000008f100000, 0x000000008f200000|  0%| F|  |TAMS 0x000000008f100000| PB 0x000000008f100000| Untracked 
| 242|0x000000008f200000, 0x000000008f200000, 0x000000008f300000|  0%| F|  |TAMS 0x000000008f200000| PB 0x000000008f200000| Untracked 
| 243|0x000000008f300000, 0x000000008f300000, 0x000000008f400000|  0%| F|  |TAMS 0x000000008f300000| PB 0x000000008f300000| Untracked 
| 244|0x000000008f400000, 0x000000008f400000, 0x000000008f500000|  0%| F|  |TAMS 0x000000008f400000| PB 0x000000008f400000| Untracked 
| 245|0x000000008f500000, 0x000000008f500000, 0x000000008f600000|  0%| F|  |TAMS 0x000000008f500000| PB 0x000000008f500000| Untracked 
| 246|0x000000008f600000, 0x000000008f600000, 0x000000008f700000|  0%| F|  |TAMS 0x000000008f600000| PB 0x000000008f600000| Untracked 
| 247|0x000000008f700000, 0x000000008f700000, 0x000000008f800000|  0%| F|  |TAMS 0x000000008f700000| PB 0x000000008f700000| Untracked 
| 248|0x000000008f800000, 0x000000008f800000, 0x000000008f900000|  0%| F|  |TAMS 0x000000008f800000| PB 0x000000008f800000| Untracked 
| 249|0x000000008f900000, 0x000000008f900000, 0x000000008fa00000|  0%| F|  |TAMS 0x000000008f900000| PB 0x000000008f900000| Untracked 
| 250|0x000000008fa00000, 0x000000008fa00000, 0x000000008fb00000|  0%| F|  |TAMS 0x000000008fa00000| PB 0x000000008fa00000| Untracked 
| 251|0x000000008fb00000, 0x000000008fb00000, 0x000000008fc00000|  0%| F|  |TAMS 0x000000008fb00000| PB 0x000000008fb00000| Untracked 
| 252|0x000000008fc00000, 0x000000008fc00000, 0x000000008fd00000|  0%| F|  |TAMS 0x000000008fc00000| PB 0x000000008fc00000| Untracked 
| 253|0x000000008fd00000, 0x000000008fd00000, 0x000000008fe00000|  0%| F|  |TAMS 0x000000008fd00000| PB 0x000000008fd00000| Untracked 
| 254|0x000000008fe00000, 0x000000008fe00000, 0x000000008ff00000|  0%| F|  |TAMS 0x000000008fe00000| PB 0x000000008fe00000| Untracked 
| 255|0x000000008ff00000, 0x000000008ff00000, 0x0000000090000000|  0%| F|  |TAMS 0x000000008ff00000| PB 0x000000008ff00000| Untracked 
| 256|0x0000000090000000, 0x0000000090000000, 0x0000000090100000|  0%| F|  |TAMS 0x0000000090000000| PB 0x0000000090000000| Untracked 
| 257|0x0000000090100000, 0x0000000090100000, 0x0000000090200000|  0%| F|  |TAMS 0x0000000090100000| PB 0x0000000090100000| Untracked 
| 258|0x0000000090200000, 0x0000000090200000, 0x0000000090300000|  0%| F|  |TAMS 0x0000000090200000| PB 0x0000000090200000| Untracked 
| 259|0x0000000090300000, 0x0000000090300000, 0x0000000090400000|  0%| F|  |TAMS 0x0000000090300000| PB 0x0000000090300000| Untracked 
| 260|0x0000000090400000, 0x0000000090400000, 0x0000000090500000|  0%| F|  |TAMS 0x0000000090400000| PB 0x0000000090400000| Untracked 
| 261|0x0000000090500000, 0x0000000090500000, 0x0000000090600000|  0%| F|  |TAMS 0x0000000090500000| PB 0x0000000090500000| Untracked 
| 262|0x0000000090600000, 0x0000000090600000, 0x0000000090700000|  0%| F|  |TAMS 0x0000000090600000| PB 0x0000000090600000| Untracked 
| 263|0x0000000090700000, 0x0000000090700000, 0x0000000090800000|  0%| F|  |TAMS 0x0000000090700000| PB 0x0000000090700000| Untracked 
| 264|0x0000000090800000, 0x0000000090800000, 0x0000000090900000|  0%| F|  |TAMS 0x0000000090800000| PB 0x0000000090800000| Untracked 
| 265|0x0000000090900000, 0x0000000090900000, 0x0000000090a00000|  0%| F|  |TAMS 0x0000000090900000| PB 0x0000000090900000| Untracked 
| 266|0x0000000090a00000, 0x0000000090a00000, 0x0000000090b00000|  0%| F|  |TAMS 0x0000000090a00000| PB 0x0000000090a00000| Untracked 
| 267|0x0000000090b00000, 0x0000000090b00000, 0x0000000090c00000|  0%| F|  |TAMS 0x0000000090b00000| PB 0x0000000090b00000| Untracked 
| 268|0x0000000090c00000, 0x0000000090c00000, 0x0000000090d00000|  0%| F|  |TAMS 0x0000000090c00000| PB 0x0000000090c00000| Untracked 
| 269|0x0000000090d00000, 0x0000000090d00000, 0x0000000090e00000|  0%| F|  |TAMS 0x0000000090d00000| PB 0x0000000090d00000| Untracked 
| 270|0x0000000090e00000, 0x0000000090e00000, 0x0000000090f00000|  0%| F|  |TAMS 0x0000000090e00000| PB 0x0000000090e00000| Untracked 
| 271|0x0000000090f00000, 0x0000000090f00000, 0x0000000091000000|  0%| F|  |TAMS 0x0000000090f00000| PB 0x0000000090f00000| Untracked 
| 272|0x0000000091000000, 0x0000000091000000, 0x0000000091100000|  0%| F|  |TAMS 0x0000000091000000| PB 0x0000000091000000| Untracked 
| 273|0x0000000091100000, 0x0000000091100000, 0x0000000091200000|  0%| F|  |TAMS 0x0000000091100000| PB 0x0000000091100000| Untracked 
| 274|0x0000000091200000, 0x0000000091200000, 0x0000000091300000|  0%| F|  |TAMS 0x0000000091200000| PB 0x0000000091200000| Untracked 
| 275|0x0000000091300000, 0x0000000091300000, 0x0000000091400000|  0%| F|  |TAMS 0x0000000091300000| PB 0x0000000091300000| Untracked 
| 276|0x0000000091400000, 0x0000000091400000, 0x0000000091500000|  0%| F|  |TAMS 0x0000000091400000| PB 0x0000000091400000| Untracked 
| 277|0x0000000091500000, 0x0000000091500000, 0x0000000091600000|  0%| F|  |TAMS 0x0000000091500000| PB 0x0000000091500000| Untracked 
| 278|0x0000000091600000, 0x0000000091600000, 0x0000000091700000|  0%| F|  |TAMS 0x0000000091600000| PB 0x0000000091600000| Untracked 
| 279|0x0000000091700000, 0x0000000091700000, 0x0000000091800000|  0%| F|  |TAMS 0x0000000091700000| PB 0x0000000091700000| Untracked 
| 280|0x0000000091800000, 0x0000000091800000, 0x0000000091900000|  0%| F|  |TAMS 0x0000000091800000| PB 0x0000000091800000| Untracked 
| 281|0x0000000091900000, 0x0000000091900000, 0x0000000091a00000|  0%| F|  |TAMS 0x0000000091900000| PB 0x0000000091900000| Untracked 
| 282|0x0000000091a00000, 0x0000000091a00000, 0x0000000091b00000|  0%| F|  |TAMS 0x0000000091a00000| PB 0x0000000091a00000| Untracked 
| 283|0x0000000091b00000, 0x0000000091b00000, 0x0000000091c00000|  0%| F|  |TAMS 0x0000000091b00000| PB 0x0000000091b00000| Untracked 
| 284|0x0000000091c00000, 0x0000000091c00000, 0x0000000091d00000|  0%| F|  |TAMS 0x0000000091c00000| PB 0x0000000091c00000| Untracked 
| 285|0x0000000091d00000, 0x0000000091d00000, 0x0000000091e00000|  0%| F|  |TAMS 0x0000000091d00000| PB 0x0000000091d00000| Untracked 
| 286|0x0000000091e00000, 0x0000000091e00000, 0x0000000091f00000|  0%| F|  |TAMS 0x0000000091e00000| PB 0x0000000091e00000| Untracked 
| 287|0x0000000091f00000, 0x0000000091f00000, 0x0000000092000000|  0%| F|  |TAMS 0x0000000091f00000| PB 0x0000000091f00000| Untracked 
| 288|0x0000000092000000, 0x0000000092000000, 0x0000000092100000|  0%| F|  |TAMS 0x0000000092000000| PB 0x0000000092000000| Untracked 
| 289|0x0000000092100000, 0x0000000092100000, 0x0000000092200000|  0%| F|  |TAMS 0x0000000092100000| PB 0x0000000092100000| Untracked 
| 290|0x0000000092200000, 0x0000000092200000, 0x0000000092300000|  0%| F|  |TAMS 0x0000000092200000| PB 0x0000000092200000| Untracked 
| 291|0x0000000092300000, 0x0000000092300000, 0x0000000092400000|  0%| F|  |TAMS 0x0000000092300000| PB 0x0000000092300000| Untracked 
| 292|0x0000000092400000, 0x0000000092400000, 0x0000000092500000|  0%| F|  |TAMS 0x0000000092400000| PB 0x0000000092400000| Untracked 
| 293|0x0000000092500000, 0x0000000092500000, 0x0000000092600000|  0%| F|  |TAMS 0x0000000092500000| PB 0x0000000092500000| Untracked 
| 294|0x0000000092600000, 0x0000000092600000, 0x0000000092700000|  0%| F|  |TAMS 0x0000000092600000| PB 0x0000000092600000| Untracked 
| 295|0x0000000092700000, 0x0000000092700000, 0x0000000092800000|  0%| F|  |TAMS 0x0000000092700000| PB 0x0000000092700000| Untracked 
| 296|0x0000000092800000, 0x0000000092800000, 0x0000000092900000|  0%| F|  |TAMS 0x0000000092800000| PB 0x0000000092800000| Untracked 
| 297|0x0000000092900000, 0x0000000092900000, 0x0000000092a00000|  0%| F|  |TAMS 0x0000000092900000| PB 0x0000000092900000| Untracked 
| 298|0x0000000092a00000, 0x0000000092a00000, 0x0000000092b00000|  0%| F|  |TAMS 0x0000000092a00000| PB 0x0000000092a00000| Untracked 
| 299|0x0000000092b00000, 0x0000000092b00000, 0x0000000092c00000|  0%| F|  |TAMS 0x0000000092b00000| PB 0x0000000092b00000| Untracked 
| 300|0x0000000092c00000, 0x0000000092c00000, 0x0000000092d00000|  0%| F|  |TAMS 0x0000000092c00000| PB 0x0000000092c00000| Untracked 
| 301|0x0000000092d00000, 0x0000000092d00000, 0x0000000092e00000|  0%| F|  |TAMS 0x0000000092d00000| PB 0x0000000092d00000| Untracked 
| 302|0x0000000092e00000, 0x0000000092e00000, 0x0000000092f00000|  0%| F|  |TAMS 0x0000000092e00000| PB 0x0000000092e00000| Untracked 
| 303|0x0000000092f00000, 0x0000000092f00000, 0x0000000093000000|  0%| F|  |TAMS 0x0000000092f00000| PB 0x0000000092f00000| Untracked 
| 304|0x0000000093000000, 0x0000000093000000, 0x0000000093100000|  0%| F|  |TAMS 0x0000000093000000| PB 0x0000000093000000| Untracked 
| 305|0x0000000093100000, 0x0000000093100000, 0x0000000093200000|  0%| F|  |TAMS 0x0000000093100000| PB 0x0000000093100000| Untracked 
| 306|0x0000000093200000, 0x0000000093200000, 0x0000000093300000|  0%| F|  |TAMS 0x0000000093200000| PB 0x0000000093200000| Untracked 
| 307|0x0000000093300000, 0x0000000093300000, 0x0000000093400000|  0%| F|  |TAMS 0x0000000093300000| PB 0x0000000093300000| Untracked 
| 308|0x0000000093400000, 0x0000000093400000, 0x0000000093500000|  0%| F|  |TAMS 0x0000000093400000| PB 0x0000000093400000| Untracked 
| 309|0x0000000093500000, 0x0000000093500000, 0x0000000093600000|  0%| F|  |TAMS 0x0000000093500000| PB 0x0000000093500000| Untracked 
| 310|0x0000000093600000, 0x0000000093600000, 0x0000000093700000|  0%| F|  |TAMS 0x0000000093600000| PB 0x0000000093600000| Untracked 
| 311|0x0000000093700000, 0x0000000093700000, 0x0000000093800000|  0%| F|  |TAMS 0x0000000093700000| PB 0x0000000093700000| Untracked 
| 312|0x0000000093800000, 0x0000000093800000, 0x0000000093900000|  0%| F|  |TAMS 0x0000000093800000| PB 0x0000000093800000| Untracked 
| 313|0x0000000093900000, 0x0000000093900000, 0x0000000093a00000|  0%| F|  |TAMS 0x0000000093900000| PB 0x0000000093900000| Untracked 
| 314|0x0000000093a00000, 0x0000000093a00000, 0x0000000093b00000|  0%| F|  |TAMS 0x0000000093a00000| PB 0x0000000093a00000| Untracked 
| 315|0x0000000093b00000, 0x0000000093b00000, 0x0000000093c00000|  0%| F|  |TAMS 0x0000000093b00000| PB 0x0000000093b00000| Untracked 
| 316|0x0000000093c00000, 0x0000000093c00000, 0x0000000093d00000|  0%| F|  |TAMS 0x0000000093c00000| PB 0x0000000093c00000| Untracked 
| 317|0x0000000093d00000, 0x0000000093d00000, 0x0000000093e00000|  0%| F|  |TAMS 0x0000000093d00000| PB 0x0000000093d00000| Untracked 
| 318|0x0000000093e00000, 0x0000000093e00000, 0x0000000093f00000|  0%| F|  |TAMS 0x0000000093e00000| PB 0x0000000093e00000| Untracked 
| 319|0x0000000093f00000, 0x0000000093f00000, 0x0000000094000000|  0%| F|  |TAMS 0x0000000093f00000| PB 0x0000000093f00000| Untracked 
| 320|0x0000000094000000, 0x0000000094000000, 0x0000000094100000|  0%| F|  |TAMS 0x0000000094000000| PB 0x0000000094000000| Untracked 
| 321|0x0000000094100000, 0x0000000094100000, 0x0000000094200000|  0%| F|  |TAMS 0x0000000094100000| PB 0x0000000094100000| Untracked 
| 322|0x0000000094200000, 0x0000000094200000, 0x0000000094300000|  0%| F|  |TAMS 0x0000000094200000| PB 0x0000000094200000| Untracked 
| 323|0x0000000094300000, 0x0000000094300000, 0x0000000094400000|  0%| F|  |TAMS 0x0000000094300000| PB 0x0000000094300000| Untracked 
| 324|0x0000000094400000, 0x0000000094400000, 0x0000000094500000|  0%| F|  |TAMS 0x0000000094400000| PB 0x0000000094400000| Untracked 
| 325|0x0000000094500000, 0x0000000094500000, 0x0000000094600000|  0%| F|  |TAMS 0x0000000094500000| PB 0x0000000094500000| Untracked 
| 326|0x0000000094600000, 0x0000000094600000, 0x0000000094700000|  0%| F|  |TAMS 0x0000000094600000| PB 0x0000000094600000| Untracked 
| 327|0x0000000094700000, 0x0000000094700000, 0x0000000094800000|  0%| F|  |TAMS 0x0000000094700000| PB 0x0000000094700000| Untracked 
| 328|0x0000000094800000, 0x0000000094800000, 0x0000000094900000|  0%| F|  |TAMS 0x0000000094800000| PB 0x0000000094800000| Untracked 
| 329|0x0000000094900000, 0x0000000094900000, 0x0000000094a00000|  0%| F|  |TAMS 0x0000000094900000| PB 0x0000000094900000| Untracked 
| 330|0x0000000094a00000, 0x0000000094a00000, 0x0000000094b00000|  0%| F|  |TAMS 0x0000000094a00000| PB 0x0000000094a00000| Untracked 
| 331|0x0000000094b00000, 0x0000000094b00000, 0x0000000094c00000|  0%| F|  |TAMS 0x0000000094b00000| PB 0x0000000094b00000| Untracked 
| 332|0x0000000094c00000, 0x0000000094c00000, 0x0000000094d00000|  0%| F|  |TAMS 0x0000000094c00000| PB 0x0000000094c00000| Untracked 
| 333|0x0000000094d00000, 0x0000000094d00000, 0x0000000094e00000|  0%| F|  |TAMS 0x0000000094d00000| PB 0x0000000094d00000| Untracked 
| 334|0x0000000094e00000, 0x0000000094e00000, 0x0000000094f00000|  0%| F|  |TAMS 0x0000000094e00000| PB 0x0000000094e00000| Untracked 
| 335|0x0000000094f00000, 0x0000000094f00000, 0x0000000095000000|  0%| F|  |TAMS 0x0000000094f00000| PB 0x0000000094f00000| Untracked 
| 336|0x0000000095000000, 0x0000000095000000, 0x0000000095100000|  0%| F|  |TAMS 0x0000000095000000| PB 0x0000000095000000| Untracked 
| 337|0x0000000095100000, 0x0000000095100000, 0x0000000095200000|  0%| F|  |TAMS 0x0000000095100000| PB 0x0000000095100000| Untracked 
| 338|0x0000000095200000, 0x0000000095200000, 0x0000000095300000|  0%| F|  |TAMS 0x0000000095200000| PB 0x0000000095200000| Untracked 
| 339|0x0000000095300000, 0x0000000095300000, 0x0000000095400000|  0%| F|  |TAMS 0x0000000095300000| PB 0x0000000095300000| Untracked 
| 340|0x0000000095400000, 0x0000000095400000, 0x0000000095500000|  0%| F|  |TAMS 0x0000000095400000| PB 0x0000000095400000| Untracked 
| 341|0x0000000095500000, 0x0000000095500000, 0x0000000095600000|  0%| F|  |TAMS 0x0000000095500000| PB 0x0000000095500000| Untracked 
| 342|0x0000000095600000, 0x0000000095600000, 0x0000000095700000|  0%| F|  |TAMS 0x0000000095600000| PB 0x0000000095600000| Untracked 
| 343|0x0000000095700000, 0x0000000095700000, 0x0000000095800000|  0%| F|  |TAMS 0x0000000095700000| PB 0x0000000095700000| Untracked 
| 344|0x0000000095800000, 0x0000000095800000, 0x0000000095900000|  0%| F|  |TAMS 0x0000000095800000| PB 0x0000000095800000| Untracked 
| 345|0x0000000095900000, 0x0000000095900000, 0x0000000095a00000|  0%| F|  |TAMS 0x0000000095900000| PB 0x0000000095900000| Untracked 
| 346|0x0000000095a00000, 0x0000000095a00000, 0x0000000095b00000|  0%| F|  |TAMS 0x0000000095a00000| PB 0x0000000095a00000| Untracked 
| 347|0x0000000095b00000, 0x0000000095b00000, 0x0000000095c00000|  0%| F|  |TAMS 0x0000000095b00000| PB 0x0000000095b00000| Untracked 
| 348|0x0000000095c00000, 0x0000000095c00000, 0x0000000095d00000|  0%| F|  |TAMS 0x0000000095c00000| PB 0x0000000095c00000| Untracked 
| 349|0x0000000095d00000, 0x0000000095d00000, 0x0000000095e00000|  0%| F|  |TAMS 0x0000000095d00000| PB 0x0000000095d00000| Untracked 
| 350|0x0000000095e00000, 0x0000000095e00000, 0x0000000095f00000|  0%| F|  |TAMS 0x0000000095e00000| PB 0x0000000095e00000| Untracked 
| 351|0x0000000095f00000, 0x0000000095f00000, 0x0000000096000000|  0%| F|  |TAMS 0x0000000095f00000| PB 0x0000000095f00000| Untracked 
| 352|0x0000000096000000, 0x0000000096000000, 0x0000000096100000|  0%| F|  |TAMS 0x0000000096000000| PB 0x0000000096000000| Untracked 
| 353|0x0000000096100000, 0x0000000096100000, 0x0000000096200000|  0%| F|  |TAMS 0x0000000096100000| PB 0x0000000096100000| Untracked 
| 354|0x0000000096200000, 0x0000000096200000, 0x0000000096300000|  0%| F|  |TAMS 0x0000000096200000| PB 0x0000000096200000| Untracked 
| 355|0x0000000096300000, 0x0000000096300000, 0x0000000096400000|  0%| F|  |TAMS 0x0000000096300000| PB 0x0000000096300000| Untracked 
| 356|0x0000000096400000, 0x0000000096400000, 0x0000000096500000|  0%| F|  |TAMS 0x0000000096400000| PB 0x0000000096400000| Untracked 
| 357|0x0000000096500000, 0x0000000096500000, 0x0000000096600000|  0%| F|  |TAMS 0x0000000096500000| PB 0x0000000096500000| Untracked 
| 358|0x0000000096600000, 0x0000000096600000, 0x0000000096700000|  0%| F|  |TAMS 0x0000000096600000| PB 0x0000000096600000| Untracked 
| 359|0x0000000096700000, 0x0000000096700000, 0x0000000096800000|  0%| F|  |TAMS 0x0000000096700000| PB 0x0000000096700000| Untracked 
| 360|0x0000000096800000, 0x0000000096800000, 0x0000000096900000|  0%| F|  |TAMS 0x0000000096800000| PB 0x0000000096800000| Untracked 
| 361|0x0000000096900000, 0x0000000096900000, 0x0000000096a00000|  0%| F|  |TAMS 0x0000000096900000| PB 0x0000000096900000| Untracked 
| 362|0x0000000096a00000, 0x0000000096a00000, 0x0000000096b00000|  0%| F|  |TAMS 0x0000000096a00000| PB 0x0000000096a00000| Untracked 
| 363|0x0000000096b00000, 0x0000000096b00000, 0x0000000096c00000|  0%| F|  |TAMS 0x0000000096b00000| PB 0x0000000096b00000| Untracked 
| 364|0x0000000096c00000, 0x0000000096c00000, 0x0000000096d00000|  0%| F|  |TAMS 0x0000000096c00000| PB 0x0000000096c00000| Untracked 
| 365|0x0000000096d00000, 0x0000000096d00000, 0x0000000096e00000|  0%| F|  |TAMS 0x0000000096d00000| PB 0x0000000096d00000| Untracked 
| 366|0x0000000096e00000, 0x0000000096e00000, 0x0000000096f00000|  0%| F|  |TAMS 0x0000000096e00000| PB 0x0000000096e00000| Untracked 
| 367|0x0000000096f00000, 0x0000000096f00000, 0x0000000097000000|  0%| F|  |TAMS 0x0000000096f00000| PB 0x0000000096f00000| Untracked 
| 368|0x0000000097000000, 0x0000000097000000, 0x0000000097100000|  0%| F|  |TAMS 0x0000000097000000| PB 0x0000000097000000| Untracked 
| 369|0x0000000097100000, 0x0000000097100000, 0x0000000097200000|  0%| F|  |TAMS 0x0000000097100000| PB 0x0000000097100000| Untracked 
| 370|0x0000000097200000, 0x0000000097200000, 0x0000000097300000|  0%| F|  |TAMS 0x0000000097200000| PB 0x0000000097200000| Untracked 
| 371|0x0000000097300000, 0x0000000097300000, 0x0000000097400000|  0%| F|  |TAMS 0x0000000097300000| PB 0x0000000097300000| Untracked 
| 372|0x0000000097400000, 0x0000000097400000, 0x0000000097500000|  0%| F|  |TAMS 0x0000000097400000| PB 0x0000000097400000| Untracked 
| 373|0x0000000097500000, 0x0000000097500000, 0x0000000097600000|  0%| F|  |TAMS 0x0000000097500000| PB 0x0000000097500000| Untracked 
| 374|0x0000000097600000, 0x0000000097600000, 0x0000000097700000|  0%| F|  |TAMS 0x0000000097600000| PB 0x0000000097600000| Untracked 
| 375|0x0000000097700000, 0x0000000097700000, 0x0000000097800000|  0%| F|  |TAMS 0x0000000097700000| PB 0x0000000097700000| Untracked 
| 376|0x0000000097800000, 0x0000000097800000, 0x0000000097900000|  0%| F|  |TAMS 0x0000000097800000| PB 0x0000000097800000| Untracked 
| 377|0x0000000097900000, 0x0000000097900000, 0x0000000097a00000|  0%| F|  |TAMS 0x0000000097900000| PB 0x0000000097900000| Untracked 
| 378|0x0000000097a00000, 0x0000000097a00000, 0x0000000097b00000|  0%| F|  |TAMS 0x0000000097a00000| PB 0x0000000097a00000| Untracked 
| 379|0x0000000097b00000, 0x0000000097b00000, 0x0000000097c00000|  0%| F|  |TAMS 0x0000000097b00000| PB 0x0000000097b00000| Untracked 
| 380|0x0000000097c00000, 0x0000000097c00000, 0x0000000097d00000|  0%| F|  |TAMS 0x0000000097c00000| PB 0x0000000097c00000| Untracked 
| 381|0x0000000097d00000, 0x0000000097d00000, 0x0000000097e00000|  0%| F|  |TAMS 0x0000000097d00000| PB 0x0000000097d00000| Untracked 
| 382|0x0000000097e00000, 0x0000000097e00000, 0x0000000097f00000|  0%| F|  |TAMS 0x0000000097e00000| PB 0x0000000097e00000| Untracked 
| 383|0x0000000097f00000, 0x0000000097f00000, 0x0000000098000000|  0%| F|  |TAMS 0x0000000097f00000| PB 0x0000000097f00000| Untracked 
| 384|0x0000000098000000, 0x0000000098000000, 0x0000000098100000|  0%| F|  |TAMS 0x0000000098000000| PB 0x0000000098000000| Untracked 
| 385|0x0000000098100000, 0x0000000098100000, 0x0000000098200000|  0%| F|  |TAMS 0x0000000098100000| PB 0x0000000098100000| Untracked 
| 386|0x0000000098200000, 0x0000000098200000, 0x0000000098300000|  0%| F|  |TAMS 0x0000000098200000| PB 0x0000000098200000| Untracked 
| 387|0x0000000098300000, 0x0000000098300000, 0x0000000098400000|  0%| F|  |TAMS 0x0000000098300000| PB 0x0000000098300000| Untracked 
| 388|0x0000000098400000, 0x0000000098400000, 0x0000000098500000|  0%| F|  |TAMS 0x0000000098400000| PB 0x0000000098400000| Untracked 
| 389|0x0000000098500000, 0x0000000098500000, 0x0000000098600000|  0%| F|  |TAMS 0x0000000098500000| PB 0x0000000098500000| Untracked 
| 390|0x0000000098600000, 0x0000000098600000, 0x0000000098700000|  0%| F|  |TAMS 0x0000000098600000| PB 0x0000000098600000| Untracked 
| 391|0x0000000098700000, 0x0000000098700000, 0x0000000098800000|  0%| F|  |TAMS 0x0000000098700000| PB 0x0000000098700000| Untracked 
| 392|0x0000000098800000, 0x0000000098800000, 0x0000000098900000|  0%| F|  |TAMS 0x0000000098800000| PB 0x0000000098800000| Untracked 
| 393|0x0000000098900000, 0x0000000098900000, 0x0000000098a00000|  0%| F|  |TAMS 0x0000000098900000| PB 0x0000000098900000| Untracked 
| 394|0x0000000098a00000, 0x0000000098a00000, 0x0000000098b00000|  0%| F|  |TAMS 0x0000000098a00000| PB 0x0000000098a00000| Untracked 
| 395|0x0000000098b00000, 0x0000000098b00000, 0x0000000098c00000|  0%| F|  |TAMS 0x0000000098b00000| PB 0x0000000098b00000| Untracked 
| 396|0x0000000098c00000, 0x0000000098c00000, 0x0000000098d00000|  0%| F|  |TAMS 0x0000000098c00000| PB 0x0000000098c00000| Untracked 
| 397|0x0000000098d00000, 0x0000000098d00000, 0x0000000098e00000|  0%| F|  |TAMS 0x0000000098d00000| PB 0x0000000098d00000| Untracked 
| 398|0x0000000098e00000, 0x0000000098e00000, 0x0000000098f00000|  0%| F|  |TAMS 0x0000000098e00000| PB 0x0000000098e00000| Untracked 
| 399|0x0000000098f00000, 0x0000000098f00000, 0x0000000099000000|  0%| F|  |TAMS 0x0000000098f00000| PB 0x0000000098f00000| Untracked 
| 400|0x0000000099000000, 0x0000000099000000, 0x0000000099100000|  0%| F|  |TAMS 0x0000000099000000| PB 0x0000000099000000| Untracked 
| 401|0x0000000099100000, 0x0000000099100000, 0x0000000099200000|  0%| F|  |TAMS 0x0000000099100000| PB 0x0000000099100000| Untracked 
| 402|0x0000000099200000, 0x0000000099200000, 0x0000000099300000|  0%| F|  |TAMS 0x0000000099200000| PB 0x0000000099200000| Untracked 
| 403|0x0000000099300000, 0x0000000099300000, 0x0000000099400000|  0%| F|  |TAMS 0x0000000099300000| PB 0x0000000099300000| Untracked 
| 404|0x0000000099400000, 0x0000000099400000, 0x0000000099500000|  0%| F|  |TAMS 0x0000000099400000| PB 0x0000000099400000| Untracked 
| 405|0x0000000099500000, 0x0000000099500000, 0x0000000099600000|  0%| F|  |TAMS 0x0000000099500000| PB 0x0000000099500000| Untracked 
| 406|0x0000000099600000, 0x0000000099600000, 0x0000000099700000|  0%| F|  |TAMS 0x0000000099600000| PB 0x0000000099600000| Untracked 
| 407|0x0000000099700000, 0x0000000099700000, 0x0000000099800000|  0%| F|  |TAMS 0x0000000099700000| PB 0x0000000099700000| Untracked 
| 408|0x0000000099800000, 0x0000000099800000, 0x0000000099900000|  0%| F|  |TAMS 0x0000000099800000| PB 0x0000000099800000| Untracked 
| 409|0x0000000099900000, 0x0000000099900000, 0x0000000099a00000|  0%| F|  |TAMS 0x0000000099900000| PB 0x0000000099900000| Untracked 
| 410|0x0000000099a00000, 0x0000000099a00000, 0x0000000099b00000|  0%| F|  |TAMS 0x0000000099a00000| PB 0x0000000099a00000| Untracked 
| 411|0x0000000099b00000, 0x0000000099b00000, 0x0000000099c00000|  0%| F|  |TAMS 0x0000000099b00000| PB 0x0000000099b00000| Untracked 
| 412|0x0000000099c00000, 0x0000000099c00000, 0x0000000099d00000|  0%| F|  |TAMS 0x0000000099c00000| PB 0x0000000099c00000| Untracked 
| 413|0x0000000099d00000, 0x0000000099d00000, 0x0000000099e00000|  0%| F|  |TAMS 0x0000000099d00000| PB 0x0000000099d00000| Untracked 
| 414|0x0000000099e00000, 0x0000000099e00000, 0x0000000099f00000|  0%| F|  |TAMS 0x0000000099e00000| PB 0x0000000099e00000| Untracked 
| 415|0x0000000099f00000, 0x0000000099f00000, 0x000000009a000000|  0%| F|  |TAMS 0x0000000099f00000| PB 0x0000000099f00000| Untracked 
| 416|0x000000009a000000, 0x000000009a000000, 0x000000009a100000|  0%| F|  |TAMS 0x000000009a000000| PB 0x000000009a000000| Untracked 
| 417|0x000000009a100000, 0x000000009a100000, 0x000000009a200000|  0%| F|  |TAMS 0x000000009a100000| PB 0x000000009a100000| Untracked 
| 418|0x000000009a200000, 0x000000009a200000, 0x000000009a300000|  0%| F|  |TAMS 0x000000009a200000| PB 0x000000009a200000| Untracked 
| 419|0x000000009a300000, 0x000000009a300000, 0x000000009a400000|  0%| F|  |TAMS 0x000000009a300000| PB 0x000000009a300000| Untracked 
| 420|0x000000009a400000, 0x000000009a400000, 0x000000009a500000|  0%| F|  |TAMS 0x000000009a400000| PB 0x000000009a400000| Untracked 
| 421|0x000000009a500000, 0x000000009a500000, 0x000000009a600000|  0%| F|  |TAMS 0x000000009a500000| PB 0x000000009a500000| Untracked 
| 422|0x000000009a600000, 0x000000009a600000, 0x000000009a700000|  0%| F|  |TAMS 0x000000009a600000| PB 0x000000009a600000| Untracked 
| 423|0x000000009a700000, 0x000000009a700000, 0x000000009a800000|  0%| F|  |TAMS 0x000000009a700000| PB 0x000000009a700000| Untracked 
| 424|0x000000009a800000, 0x000000009a800000, 0x000000009a900000|  0%| F|  |TAMS 0x000000009a800000| PB 0x000000009a800000| Untracked 
| 425|0x000000009a900000, 0x000000009a900000, 0x000000009aa00000|  0%| F|  |TAMS 0x000000009a900000| PB 0x000000009a900000| Untracked 
| 426|0x000000009aa00000, 0x000000009aa00000, 0x000000009ab00000|  0%| F|  |TAMS 0x000000009aa00000| PB 0x000000009aa00000| Untracked 
| 427|0x000000009ab00000, 0x000000009ab00000, 0x000000009ac00000|  0%| F|  |TAMS 0x000000009ab00000| PB 0x000000009ab00000| Untracked 
| 428|0x000000009ac00000, 0x000000009ac00000, 0x000000009ad00000|  0%| F|  |TAMS 0x000000009ac00000| PB 0x000000009ac00000| Untracked 
| 429|0x000000009ad00000, 0x000000009ad00000, 0x000000009ae00000|  0%| F|  |TAMS 0x000000009ad00000| PB 0x000000009ad00000| Untracked 
| 430|0x000000009ae00000, 0x000000009ae00000, 0x000000009af00000|  0%| F|  |TAMS 0x000000009ae00000| PB 0x000000009ae00000| Untracked 
| 431|0x000000009af00000, 0x000000009af00000, 0x000000009b000000|  0%| F|  |TAMS 0x000000009af00000| PB 0x000000009af00000| Untracked 
| 432|0x000000009b000000, 0x000000009b000000, 0x000000009b100000|  0%| F|  |TAMS 0x000000009b000000| PB 0x000000009b000000| Untracked 
| 433|0x000000009b100000, 0x000000009b100000, 0x000000009b200000|  0%| F|  |TAMS 0x000000009b100000| PB 0x000000009b100000| Untracked 
| 434|0x000000009b200000, 0x000000009b200000, 0x000000009b300000|  0%| F|  |TAMS 0x000000009b200000| PB 0x000000009b200000| Untracked 
| 435|0x000000009b300000, 0x000000009b300000, 0x000000009b400000|  0%| F|  |TAMS 0x000000009b300000| PB 0x000000009b300000| Untracked 
| 436|0x000000009b400000, 0x000000009b400000, 0x000000009b500000|  0%| F|  |TAMS 0x000000009b400000| PB 0x000000009b400000| Untracked 
| 437|0x000000009b500000, 0x000000009b500000, 0x000000009b600000|  0%| F|  |TAMS 0x000000009b500000| PB 0x000000009b500000| Untracked 
| 438|0x000000009b600000, 0x000000009b600000, 0x000000009b700000|  0%| F|  |TAMS 0x000000009b600000| PB 0x000000009b600000| Untracked 
| 439|0x000000009b700000, 0x000000009b700000, 0x000000009b800000|  0%| F|  |TAMS 0x000000009b700000| PB 0x000000009b700000| Untracked 
| 440|0x000000009b800000, 0x000000009b800000, 0x000000009b900000|  0%| F|  |TAMS 0x000000009b800000| PB 0x000000009b800000| Untracked 
| 441|0x000000009b900000, 0x000000009b900000, 0x000000009ba00000|  0%| F|  |TAMS 0x000000009b900000| PB 0x000000009b900000| Untracked 
| 442|0x000000009ba00000, 0x000000009ba00000, 0x000000009bb00000|  0%| F|  |TAMS 0x000000009ba00000| PB 0x000000009ba00000| Untracked 
| 443|0x000000009bb00000, 0x000000009bb00000, 0x000000009bc00000|  0%| F|  |TAMS 0x000000009bb00000| PB 0x000000009bb00000| Untracked 
| 444|0x000000009bc00000, 0x000000009bc00000, 0x000000009bd00000|  0%| F|  |TAMS 0x000000009bc00000| PB 0x000000009bc00000| Untracked 
| 445|0x000000009bd00000, 0x000000009bd00000, 0x000000009be00000|  0%| F|  |TAMS 0x000000009bd00000| PB 0x000000009bd00000| Untracked 
| 446|0x000000009be00000, 0x000000009be00000, 0x000000009bf00000|  0%| F|  |TAMS 0x000000009be00000| PB 0x000000009be00000| Untracked 
| 447|0x000000009bf00000, 0x000000009bf00000, 0x000000009c000000|  0%| F|  |TAMS 0x000000009bf00000| PB 0x000000009bf00000| Untracked 
| 448|0x000000009c000000, 0x000000009c000000, 0x000000009c100000|  0%| F|  |TAMS 0x000000009c000000| PB 0x000000009c000000| Untracked 
| 449|0x000000009c100000, 0x000000009c100000, 0x000000009c200000|  0%| F|  |TAMS 0x000000009c100000| PB 0x000000009c100000| Untracked 
| 450|0x000000009c200000, 0x000000009c200000, 0x000000009c300000|  0%| F|  |TAMS 0x000000009c200000| PB 0x000000009c200000| Untracked 
| 451|0x000000009c300000, 0x000000009c300000, 0x000000009c400000|  0%| F|  |TAMS 0x000000009c300000| PB 0x000000009c300000| Untracked 
| 452|0x000000009c400000, 0x000000009c400000, 0x000000009c500000|  0%| F|  |TAMS 0x000000009c400000| PB 0x000000009c400000| Untracked 
| 453|0x000000009c500000, 0x000000009c500000, 0x000000009c600000|  0%| F|  |TAMS 0x000000009c500000| PB 0x000000009c500000| Untracked 
| 454|0x000000009c600000, 0x000000009c600000, 0x000000009c700000|  0%| F|  |TAMS 0x000000009c600000| PB 0x000000009c600000| Untracked 
| 455|0x000000009c700000, 0x000000009c700000, 0x000000009c800000|  0%| F|  |TAMS 0x000000009c700000| PB 0x000000009c700000| Untracked 
| 456|0x000000009c800000, 0x000000009c800000, 0x000000009c900000|  0%| F|  |TAMS 0x000000009c800000| PB 0x000000009c800000| Untracked 
| 457|0x000000009c900000, 0x000000009c900000, 0x000000009ca00000|  0%| F|  |TAMS 0x000000009c900000| PB 0x000000009c900000| Untracked 
| 458|0x000000009ca00000, 0x000000009ca00000, 0x000000009cb00000|  0%| F|  |TAMS 0x000000009ca00000| PB 0x000000009ca00000| Untracked 
| 459|0x000000009cb00000, 0x000000009cb00000, 0x000000009cc00000|  0%| F|  |TAMS 0x000000009cb00000| PB 0x000000009cb00000| Untracked 
| 460|0x000000009cc00000, 0x000000009cc00000, 0x000000009cd00000|  0%| F|  |TAMS 0x000000009cc00000| PB 0x000000009cc00000| Untracked 
| 461|0x000000009cd00000, 0x000000009cd00000, 0x000000009ce00000|  0%| F|  |TAMS 0x000000009cd00000| PB 0x000000009cd00000| Untracked 
| 462|0x000000009ce00000, 0x000000009ce00000, 0x000000009cf00000|  0%| F|  |TAMS 0x000000009ce00000| PB 0x000000009ce00000| Untracked 
| 463|0x000000009cf00000, 0x000000009cf00000, 0x000000009d000000|  0%| F|  |TAMS 0x000000009cf00000| PB 0x000000009cf00000| Untracked 
| 464|0x000000009d000000, 0x000000009d000000, 0x000000009d100000|  0%| F|  |TAMS 0x000000009d000000| PB 0x000000009d000000| Untracked 
| 465|0x000000009d100000, 0x000000009d100000, 0x000000009d200000|  0%| F|  |TAMS 0x000000009d100000| PB 0x000000009d100000| Untracked 
| 466|0x000000009d200000, 0x000000009d200000, 0x000000009d300000|  0%| F|  |TAMS 0x000000009d200000| PB 0x000000009d200000| Untracked 
| 467|0x000000009d300000, 0x000000009d300000, 0x000000009d400000|  0%| F|  |TAMS 0x000000009d300000| PB 0x000000009d300000| Untracked 
| 468|0x000000009d400000, 0x000000009d400000, 0x000000009d500000|  0%| F|  |TAMS 0x000000009d400000| PB 0x000000009d400000| Untracked 
| 469|0x000000009d500000, 0x000000009d500000, 0x000000009d600000|  0%| F|  |TAMS 0x000000009d500000| PB 0x000000009d500000| Untracked 
| 470|0x000000009d600000, 0x000000009d600000, 0x000000009d700000|  0%| F|  |TAMS 0x000000009d600000| PB 0x000000009d600000| Untracked 
| 471|0x000000009d700000, 0x000000009d700000, 0x000000009d800000|  0%| F|  |TAMS 0x000000009d700000| PB 0x000000009d700000| Untracked 
| 472|0x000000009d800000, 0x000000009d800000, 0x000000009d900000|  0%| F|  |TAMS 0x000000009d800000| PB 0x000000009d800000| Untracked 
| 473|0x000000009d900000, 0x000000009d900000, 0x000000009da00000|  0%| F|  |TAMS 0x000000009d900000| PB 0x000000009d900000| Untracked 
| 474|0x000000009da00000, 0x000000009da00000, 0x000000009db00000|  0%| F|  |TAMS 0x000000009da00000| PB 0x000000009da00000| Untracked 
| 475|0x000000009db00000, 0x000000009db00000, 0x000000009dc00000|  0%| F|  |TAMS 0x000000009db00000| PB 0x000000009db00000| Untracked 
| 476|0x000000009dc00000, 0x000000009dc00000, 0x000000009dd00000|  0%| F|  |TAMS 0x000000009dc00000| PB 0x000000009dc00000| Untracked 
| 477|0x000000009dd00000, 0x000000009dd00000, 0x000000009de00000|  0%| F|  |TAMS 0x000000009dd00000| PB 0x000000009dd00000| Untracked 
| 478|0x000000009de00000, 0x000000009de00000, 0x000000009df00000|  0%| F|  |TAMS 0x000000009de00000| PB 0x000000009de00000| Untracked 
| 479|0x000000009df00000, 0x000000009df00000, 0x000000009e000000|  0%| F|  |TAMS 0x000000009df00000| PB 0x000000009df00000| Untracked 
| 480|0x000000009e000000, 0x000000009e000000, 0x000000009e100000|  0%| F|  |TAMS 0x000000009e000000| PB 0x000000009e000000| Untracked 
| 481|0x000000009e100000, 0x000000009e100000, 0x000000009e200000|  0%| F|  |TAMS 0x000000009e100000| PB 0x000000009e100000| Untracked 
| 482|0x000000009e200000, 0x000000009e200000, 0x000000009e300000|  0%| F|  |TAMS 0x000000009e200000| PB 0x000000009e200000| Untracked 
| 483|0x000000009e300000, 0x000000009e300000, 0x000000009e400000|  0%| F|  |TAMS 0x000000009e300000| PB 0x000000009e300000| Untracked 
| 484|0x000000009e400000, 0x000000009e400000, 0x000000009e500000|  0%| F|  |TAMS 0x000000009e400000| PB 0x000000009e400000| Untracked 
| 485|0x000000009e500000, 0x000000009e500000, 0x000000009e600000|  0%| F|  |TAMS 0x000000009e500000| PB 0x000000009e500000| Untracked 
| 486|0x000000009e600000, 0x000000009e600000, 0x000000009e700000|  0%| F|  |TAMS 0x000000009e600000| PB 0x000000009e600000| Untracked 
| 487|0x000000009e700000, 0x000000009e700000, 0x000000009e800000|  0%| F|  |TAMS 0x000000009e700000| PB 0x000000009e700000| Untracked 
| 488|0x000000009e800000, 0x000000009e800000, 0x000000009e900000|  0%| F|  |TAMS 0x000000009e800000| PB 0x000000009e800000| Untracked 
| 489|0x000000009e900000, 0x000000009e900000, 0x000000009ea00000|  0%| F|  |TAMS 0x000000009e900000| PB 0x000000009e900000| Untracked 
| 490|0x000000009ea00000, 0x000000009ea00000, 0x000000009eb00000|  0%| F|  |TAMS 0x000000009ea00000| PB 0x000000009ea00000| Untracked 
| 491|0x000000009eb00000, 0x000000009eb00000, 0x000000009ec00000|  0%| F|  |TAMS 0x000000009eb00000| PB 0x000000009eb00000| Untracked 
| 492|0x000000009ec00000, 0x000000009ec00000, 0x000000009ed00000|  0%| F|  |TAMS 0x000000009ec00000| PB 0x000000009ec00000| Untracked 
| 493|0x000000009ed00000, 0x000000009ed00000, 0x000000009ee00000|  0%| F|  |TAMS 0x000000009ed00000| PB 0x000000009ed00000| Untracked 
| 494|0x000000009ee00000, 0x000000009ee00000, 0x000000009ef00000|  0%| F|  |TAMS 0x000000009ee00000| PB 0x000000009ee00000| Untracked 
| 495|0x000000009ef00000, 0x000000009ef00000, 0x000000009f000000|  0%| F|  |TAMS 0x000000009ef00000| PB 0x000000009ef00000| Untracked 
| 496|0x000000009f000000, 0x000000009f000000, 0x000000009f100000|  0%| F|  |TAMS 0x000000009f000000| PB 0x000000009f000000| Untracked 
| 497|0x000000009f100000, 0x000000009f100000, 0x000000009f200000|  0%| F|  |TAMS 0x000000009f100000| PB 0x000000009f100000| Untracked 
| 498|0x000000009f200000, 0x000000009f200000, 0x000000009f300000|  0%| F|  |TAMS 0x000000009f200000| PB 0x000000009f200000| Untracked 
| 499|0x000000009f300000, 0x000000009f300000, 0x000000009f400000|  0%| F|  |TAMS 0x000000009f300000| PB 0x000000009f300000| Untracked 
| 500|0x000000009f400000, 0x000000009f400000, 0x000000009f500000|  0%| F|  |TAMS 0x000000009f400000| PB 0x000000009f400000| Untracked 
| 501|0x000000009f500000, 0x000000009f5318d0, 0x000000009f600000| 19%| E|  |TAMS 0x000000009f500000| PB 0x000000009f500000| Complete 
| 502|0x000000009f600000, 0x000000009f700000, 0x000000009f700000|100%| E|CS|TAMS 0x000000009f600000| PB 0x000000009f600000| Complete 
| 503|0x000000009f700000, 0x000000009f800000, 0x000000009f800000|100%| E|CS|TAMS 0x000000009f700000| PB 0x000000009f700000| Complete 
| 504|0x000000009f800000, 0x000000009f900000, 0x000000009f900000|100%| E|CS|TAMS 0x000000009f800000| PB 0x000000009f800000| Complete 
| 505|0x000000009f900000, 0x000000009fa00000, 0x000000009fa00000|100%| S|CS|TAMS 0x000000009f900000| PB 0x000000009f900000| Complete 
| 506|0x000000009fa00000, 0x000000009fb00000, 0x000000009fb00000|100%| S|CS|TAMS 0x000000009fa00000| PB 0x000000009fa00000| Complete 
| 507|0x000000009fb00000, 0x000000009fc00000, 0x000000009fc00000|100%| S|CS|TAMS 0x000000009fb00000| PB 0x000000009fb00000| Complete 
| 508|0x000000009fc00000, 0x000000009fd00000, 0x000000009fd00000|100%| S|CS|TAMS 0x000000009fc00000| PB 0x000000009fc00000| Complete 
| 509|0x000000009fd00000, 0x000000009fe00000, 0x000000009fe00000|100%| S|CS|TAMS 0x000000009fd00000| PB 0x000000009fd00000| Complete 
| 510|0x000000009fe00000, 0x000000009ff00000, 0x000000009ff00000|100%| S|CS|TAMS 0x000000009fe00000| PB 0x000000009fe00000| Complete 
| 511|0x000000009ff00000, 0x00000000a0000000, 0x00000000a0000000|100%| S|CS|TAMS 0x000000009ff00000| PB 0x000000009ff00000| Complete 
| 512|0x00000000a0000000, 0x00000000a0100000, 0x00000000a0100000|100%| S|CS|TAMS 0x00000000a0000000| PB 0x00000000a0000000| Complete 
| 513|0x00000000a0100000, 0x00000000a0200000, 0x00000000a0200000|100%| S|CS|TAMS 0x00000000a0100000| PB 0x00000000a0100000| Complete 
| 514|0x00000000a0200000, 0x00000000a0300000, 0x00000000a0300000|100%| S|CS|TAMS 0x00000000a0200000| PB 0x00000000a0200000| Complete 
| 515|0x00000000a0300000, 0x00000000a0400000, 0x00000000a0400000|100%| S|CS|TAMS 0x00000000a0300000| PB 0x00000000a0300000| Complete 
| 516|0x00000000a0400000, 0x00000000a0500000, 0x00000000a0500000|100%| S|CS|TAMS 0x00000000a0400000| PB 0x00000000a0400000| Complete 
| 517|0x00000000a0500000, 0x00000000a0600000, 0x00000000a0600000|100%| S|CS|TAMS 0x00000000a0500000| PB 0x00000000a0500000| Complete 
| 518|0x00000000a0600000, 0x00000000a0700000, 0x00000000a0700000|100%| S|CS|TAMS 0x00000000a0600000| PB 0x00000000a0600000| Complete 
| 519|0x00000000a0700000, 0x00000000a0800000, 0x00000000a0800000|100%| S|CS|TAMS 0x00000000a0700000| PB 0x00000000a0700000| Complete 
| 520|0x00000000a0800000, 0x00000000a0900000, 0x00000000a0900000|100%| S|CS|TAMS 0x00000000a0800000| PB 0x00000000a0800000| Complete 
| 521|0x00000000a0900000, 0x00000000a0a00000, 0x00000000a0a00000|100%| S|CS|TAMS 0x00000000a0900000| PB 0x00000000a0900000| Complete 
| 522|0x00000000a0a00000, 0x00000000a0b00000, 0x00000000a0b00000|100%| S|CS|TAMS 0x00000000a0a00000| PB 0x00000000a0a00000| Complete 
| 523|0x00000000a0b00000, 0x00000000a0c00000, 0x00000000a0c00000|100%| S|CS|TAMS 0x00000000a0b00000| PB 0x00000000a0b00000| Complete 
| 524|0x00000000a0c00000, 0x00000000a0d00000, 0x00000000a0d00000|100%| S|CS|TAMS 0x00000000a0c00000| PB 0x00000000a0c00000| Complete 
| 525|0x00000000a0d00000, 0x00000000a0e00000, 0x00000000a0e00000|100%| S|CS|TAMS 0x00000000a0d00000| PB 0x00000000a0d00000| Complete 
| 526|0x00000000a0e00000, 0x00000000a0f00000, 0x00000000a0f00000|100%| S|CS|TAMS 0x00000000a0e00000| PB 0x00000000a0e00000| Complete 
| 527|0x00000000a0f00000, 0x00000000a1000000, 0x00000000a1000000|100%| S|CS|TAMS 0x00000000a0f00000| PB 0x00000000a0f00000| Complete 
| 528|0x00000000a1000000, 0x00000000a1100000, 0x00000000a1100000|100%| S|CS|TAMS 0x00000000a1000000| PB 0x00000000a1000000| Complete 
| 529|0x00000000a1100000, 0x00000000a1200000, 0x00000000a1200000|100%| S|CS|TAMS 0x00000000a1100000| PB 0x00000000a1100000| Complete 
| 530|0x00000000a1200000, 0x00000000a1300000, 0x00000000a1300000|100%| S|CS|TAMS 0x00000000a1200000| PB 0x00000000a1200000| Complete 
| 793|0x00000000b1900000, 0x00000000b1a00000, 0x00000000b1a00000|100%| E|CS|TAMS 0x00000000b1900000| PB 0x00000000b1900000| Complete 
| 875|0x00000000b6b00000, 0x00000000b6c00000, 0x00000000b6c00000|100%| E|CS|TAMS 0x00000000b6b00000| PB 0x00000000b6b00000| Complete 
|2028|0x00000000fec00000, 0x00000000fecce480, 0x00000000fed00000| 80%| O|  |TAMS 0x00000000fec00000| PB 0x00000000fec00000| Untracked 
|2029|0x00000000fed00000, 0x00000000fee00000, 0x00000000fee00000|100%| O|  |TAMS 0x00000000fed00000| PB 0x00000000fed00000| Untracked 
|2030|0x00000000fee00000, 0x00000000fef00000, 0x00000000fef00000|100%| O|  |TAMS 0x00000000fee00000| PB 0x00000000fee00000| Untracked 
|2031|0x00000000fef00000, 0x00000000ff000000, 0x00000000ff000000|100%| O|  |TAMS 0x00000000fef00000| PB 0x00000000fef00000| Untracked 
|2032|0x00000000ff000000, 0x00000000ff100000, 0x00000000ff100000|100%| O|  |TAMS 0x00000000ff000000| PB 0x00000000ff000000| Untracked 
|2033|0x00000000ff100000, 0x00000000ff200000, 0x00000000ff200000|100%| O|  |TAMS 0x00000000ff100000| PB 0x00000000ff100000| Untracked 
|2034|0x00000000ff200000, 0x00000000ff300000, 0x00000000ff300000|100%| O|  |TAMS 0x00000000ff200000| PB 0x00000000ff200000| Untracked 
|2035|0x00000000ff300000, 0x00000000ff400000, 0x00000000ff400000|100%| O|  |TAMS 0x00000000ff300000| PB 0x00000000ff300000| Untracked 
|2036|0x00000000ff400000, 0x00000000ff500000, 0x00000000ff500000|100%| O|  |TAMS 0x00000000ff400000| PB 0x00000000ff400000| Untracked 
|2037|0x00000000ff500000, 0x00000000ff600000, 0x00000000ff600000|100%| O|  |TAMS 0x00000000ff500000| PB 0x00000000ff500000| Untracked 
|2038|0x00000000ff600000, 0x00000000ff700000, 0x00000000ff700000|100%| O|  |TAMS 0x00000000ff600000| PB 0x00000000ff600000| Untracked 
|2039|0x00000000ff700000, 0x00000000ff800000, 0x00000000ff800000|100%| O|  |TAMS 0x00000000ff700000| PB 0x00000000ff700000| Untracked 
|2040|0x00000000ff800000, 0x00000000ff900000, 0x00000000ff900000|100%| O|  |TAMS 0x00000000ff800000| PB 0x00000000ff800000| Untracked 
|2041|0x00000000ff900000, 0x00000000ffa00000, 0x00000000ffa00000|100%| O|  |TAMS 0x00000000ff900000| PB 0x00000000ff900000| Untracked 
|2042|0x00000000ffa00000, 0x00000000ffb00000, 0x00000000ffb00000|100%| O|  |TAMS 0x00000000ffa00000| PB 0x00000000ffa00000| Untracked 
|2043|0x00000000ffb00000, 0x00000000ffc00000, 0x00000000ffc00000|100%| O|  |TAMS 0x00000000ffb00000| PB 0x00000000ffb00000| Untracked 
|2044|0x00000000ffc00000, 0x00000000ffd00000, 0x00000000ffd00000|100%| O|  |TAMS 0x00000000ffc00000| PB 0x00000000ffc00000| Untracked 
|2045|0x00000000ffd00000, 0x00000000ffe00000, 0x00000000ffe00000|100%| E|CS|TAMS 0x00000000ffd00000| PB 0x00000000ffd00000| Complete 
|2046|0x00000000ffe00000, 0x00000000fff00000, 0x00000000fff00000|100%| O|  |TAMS 0x00000000ffe00000| PB 0x00000000ffe00000| Untracked 
|2047|0x00000000fff00000, 0x0000000100000000, 0x0000000100000000|100%| E|CS|TAMS 0x00000000fff00000| PB 0x00000000fff00000| Complete 

Card table byte_map: [0x0000793f86200000,0x0000793f86600000] _byte_map_base: 0x0000793f85e00000

Marking Bits: (CMBitMap*) 0x0000793f8008a770
 Bits: [0x0000793f84200000, 0x0000793f86200000)

Polling page: 0x0000793f89538000

Metaspace:

Usage:
  Non-class:    161.86 MB used.
      Class:     25.97 MB used.
       Both:    187.84 MB used.

Virtual space:
  Non-class space:      192.00 MB reserved,     163.19 MB ( 85%) committed,  3 nodes.
      Class space:        1.00 GB reserved,      27.25 MB (  3%) committed,  1 nodes.
             Both:        1.19 GB reserved,     190.44 MB ( 16%) committed. 

Chunk freelists:
   Non-Class:  12.82 MB
       Class:  4.76 MB
        Both:  17.58 MB

MaxMetaspaceSize: unlimited
CompressedClassSpaceSize: 1.00 GB
Initial GC threshold: 21.00 MB
Current GC threshold: 315.00 MB
CDS: on
 - commit_granule_bytes: 65536.
 - commit_granule_words: 8192.
 - virtual_space_node_default_size: 8388608.
 - enlarge_chunks_in_place: 1.
 - use_allocation_guard: 0.


Internal statistics:

num_allocs_failed_limit: 12.
num_arena_births: 5044.
num_arena_deaths: 154.
num_vsnodes_births: 4.
num_vsnodes_deaths: 0.
num_space_committed: 3049.
num_space_uncommitted: 4.
num_chunks_returned_to_freelist: 272.
num_chunks_taken_from_freelist: 13517.
num_chunk_merges: 109.
num_chunk_splits: 9119.
num_chunks_enlarged: 6197.
num_inconsistent_stats: 0.

CodeHeap 'non-profiled nmethods': size=119168Kb used=13784Kb max_used=13784Kb free=105384Kb
 bounds [0x0000793f703a0000, 0x0000793f71120000, 0x0000793f77800000]
CodeHeap 'profiled nmethods': size=119164Kb used=49425Kb max_used=49425Kb free=69738Kb
 bounds [0x0000793f68800000, 0x0000793f6b850000, 0x0000793f6fc5f000]
CodeHeap 'non-nmethods': size=7428Kb used=4134Kb max_used=4240Kb free=3293Kb
 bounds [0x0000793f6fc5f000, 0x0000793f7008f000, 0x0000793f703a0000]
CodeCache: size=245760Kb, used=67343Kb, max_used=67449Kb, free=178415Kb
 total_blobs=23391, nmethods=22270, adapters=1022, full_count=0
Compilation: enabled, stopped_count=0, restarted_count=0

Compilation events (20 events):
Event: 43.526 Thread 0x0000793f8042a390 nmethod 31280 0x0000793f710fa910 code [0x0000793f710fab80, 0x0000793f710fb8d8]
Event: 43.526 Thread 0x0000793f8042a390 31278       4       java.io.ObjectInputStream$BlockDataInputStream::readUTFChar (278 bytes)
Event: 43.527 Thread 0x0000793db4001d30 nmethod 31139 0x0000793f710fc010 code [0x0000793f710fc400, 0x0000793f710fe410]
Event: 43.527 Thread 0x0000793db4001d30 31260       4       org.gradle.internal.execution.impl.DefaultFileNormalizationSpec::hashCode (29 bytes)
Event: 43.528 Thread 0x0000793db4001d30 nmethod 31260 0x0000793f710ff690 code [0x0000793f710ff820, 0x0000793f710ffa00]
Event: 43.528 Thread 0x0000793db4001d30 31281       4       java.io.ObjectInputStream$BlockDataInputStream::read (138 bytes)
Event: 43.530 Thread 0x0000793f8042a390 nmethod 31278 0x0000793f710ffb10 code [0x0000793f710ffd40, 0x0000793f711006e0]
Event: 43.530 Thread 0x0000793f8042a390 31000       4       org.gradle.cache.internal.btree.ByteInput$ResettableBufferedInputStream::clear (11 bytes)
Event: 43.530 Thread 0x0000793f8042a390 nmethod 31000 0x0000793f71100d10 code [0x0000793f71100e80, 0x0000793f71100f10]
Event: 43.530 Thread 0x0000793f8042a390 31192       4       org.gradle.cache.internal.btree.ByteInput::done (6 bytes)
Event: 43.530 Thread 0x0000793f8042a390 nmethod 31192 0x0000793f71101010 code [0x0000793f71101180, 0x0000793f71101258]
Event: 43.546 Thread 0x0000793db4001d30 nmethod 31281 0x0000793f71101310 code [0x0000793f71101580, 0x0000793f711021e8]
Event: 43.548 Thread 0x0000793f8042a390 31282 %     4       org.jetbrains.kotlin.gradle.internal.kapt.incremental.ClasspathSnapshot::findAllImpacted @ 133 (481 bytes)
Event: 43.548 Thread 0x0000793ee066b1b0 31283       1       org.jetbrains.kotlin.gradle.internal.kapt.incremental.ClassDependencies::getAbiTypes (5 bytes)
Event: 43.548 Thread 0x0000793ee002d940 31284       1       org.jetbrains.kotlin.gradle.internal.kapt.incremental.ClassDependencies::getPrivateTypes (5 bytes)
Event: 43.549 Thread 0x0000793ee066b1b0 nmethod 31283 0x0000793f71102a90 code [0x0000793f71102c20, 0x0000793f71102ce0]
Event: 43.549 Thread 0x0000793ee002d940 nmethod 31284 0x0000793f71102d90 code [0x0000793f71102f20, 0x0000793f71102fe0]
Event: 43.559 Thread 0x0000793ee066b1b0 31285       1       org.jetbrains.kotlin.gradle.internal.kapt.incremental.ClasspathEntryData::getClassDependencies (5 bytes)
Event: 43.559 Thread 0x0000793ee066b1b0 nmethod 31285 0x0000793f71103090 code [0x0000793f71103220, 0x0000793f711032e0]
Event: 43.567 Thread 0x0000793ee066aa60 nmethod 31271% 0x0000793f71103390 code [0x0000793f71103b60, 0x0000793f71109010]

GC Heap History (20 events):
Event: 12.306 GC heap before
{Heap before GC invocations=34 (full 0):
 garbage-first heap   total 311296K, used 269674K [0x0000000080000000, 0x0000000100000000)
  region size 1024K, 77 young (78848K), 10 survivors (10240K)
 Metaspace       used 164704K, committed 167232K, reserved 1245184K
  class space    used 21994K, committed 23232K, reserved 1048576K
}
Event: 12.311 GC heap after
{Heap after GC invocations=35 (full 0):
 garbage-first heap   total 311296K, used 206701K [0x0000000080000000, 0x0000000100000000)
  region size 1024K, 10 young (10240K), 10 survivors (10240K)
 Metaspace       used 164704K, committed 167232K, reserved 1245184K
  class space    used 21994K, committed 23232K, reserved 1048576K
}
Event: 12.455 GC heap before
{Heap before GC invocations=35 (full 0):
 garbage-first heap   total 311296K, used 273261K [0x0000000080000000, 0x0000000100000000)
  region size 1024K, 76 young (77824K), 10 survivors (10240K)
 Metaspace       used 169473K, committed 172032K, reserved 1245184K
  class space    used 22879K, committed 24128K, reserved 1048576K
}
Event: 12.460 GC heap after
{Heap after GC invocations=36 (full 0):
 garbage-first heap   total 311296K, used 217005K [0x0000000080000000, 0x0000000100000000)
  region size 1024K, 10 young (10240K), 10 survivors (10240K)
 Metaspace       used 169473K, committed 172032K, reserved 1245184K
  class space    used 22879K, committed 24128K, reserved 1048576K
}
Event: 12.582 GC heap before
{Heap before GC invocations=37 (full 0):
 garbage-first heap   total 363520K, used 276397K [0x0000000080000000, 0x0000000100000000)
  region size 1024K, 69 young (70656K), 10 survivors (10240K)
 Metaspace       used 174806K, committed 177408K, reserved 1245184K
  class space    used 24126K, committed 25408K, reserved 1048576K
}
Event: 12.586 GC heap after
{Heap after GC invocations=38 (full 0):
 garbage-first heap   total 363520K, used 224436K [0x0000000080000000, 0x0000000100000000)
  region size 1024K, 8 young (8192K), 8 survivors (8192K)
 Metaspace       used 174806K, committed 177408K, reserved 1245184K
  class space    used 24126K, committed 25408K, reserved 1048576K
}
Event: 12.735 GC heap before
{Heap before GC invocations=38 (full 0):
 garbage-first heap   total 363520K, used 317620K [0x0000000080000000, 0x0000000100000000)
  region size 1024K, 100 young (102400K), 8 survivors (8192K)
 Metaspace       used 181852K, committed 184576K, reserved 1245184K
  class space    used 25361K, committed 26688K, reserved 1048576K
}
Event: 12.739 GC heap after
{Heap after GC invocations=39 (full 0):
 garbage-first heap   total 363520K, used 225383K [0x0000000080000000, 0x0000000100000000)
  region size 1024K, 6 young (6144K), 6 survivors (6144K)
 Metaspace       used 181852K, committed 184576K, reserved 1245184K
  class space    used 25361K, committed 26688K, reserved 1048576K
}
Event: 12.835 GC heap before
{Heap before GC invocations=39 (full 0):
 garbage-first heap   total 363520K, used 322663K [0x0000000080000000, 0x0000000100000000)
  region size 1024K, 102 young (104448K), 6 survivors (6144K)
 Metaspace       used 184033K, committed 186752K, reserved 1245184K
  class space    used 25680K, committed 27008K, reserved 1048576K
}
Event: 12.840 GC heap after
{Heap after GC invocations=40 (full 0):
 garbage-first heap   total 459776K, used 231978K [0x0000000080000000, 0x0000000100000000)
  region size 1024K, 12 young (12288K), 12 survivors (12288K)
 Metaspace       used 184033K, committed 186752K, reserved 1245184K
  class space    used 25680K, committed 27008K, reserved 1048576K
}
Event: 13.022 GC heap before
{Heap before GC invocations=40 (full 0):
 garbage-first heap   total 459776K, used 399914K [0x0000000080000000, 0x0000000100000000)
  region size 1024K, 177 young (181248K), 12 survivors (12288K)
 Metaspace       used 185604K, committed 188224K, reserved 1245184K
  class space    used 25888K, committed 27200K, reserved 1048576K
}
Event: 13.029 GC heap after
{Heap after GC invocations=41 (full 0):
 garbage-first heap   total 459776K, used 230058K [0x0000000080000000, 0x0000000100000000)
  region size 1024K, 10 young (10240K), 10 survivors (10240K)
 Metaspace       used 185604K, committed 188224K, reserved 1245184K
  class space    used 25888K, committed 27200K, reserved 1048576K
}
Event: 13.171 GC heap before
{Heap before GC invocations=42 (full 0):
 garbage-first heap   total 459776K, used 407210K [0x0000000080000000, 0x0000000100000000)
  region size 1024K, 184 young (188416K), 10 survivors (10240K)
 Metaspace       used 186880K, committed 189504K, reserved 1245184K
  class space    used 26036K, committed 27328K, reserved 1048576K
}
Event: 13.181 GC heap after
{Heap after GC invocations=43 (full 0):
 garbage-first heap   total 459776K, used 235175K [0x0000000080000000, 0x0000000100000000)
  region size 1024K, 15 young (15360K), 15 survivors (15360K)
 Metaspace       used 186880K, committed 189504K, reserved 1245184K
  class space    used 26036K, committed 27328K, reserved 1048576K
}
Event: 13.312 GC heap before
{Heap before GC invocations=43 (full 0):
 garbage-first heap   total 459776K, used 414375K [0x0000000080000000, 0x0000000100000000)
  region size 1024K, 191 young (195584K), 15 survivors (15360K)
 Metaspace       used 187562K, committed 190144K, reserved 1245184K
  class space    used 26064K, committed 27328K, reserved 1048576K
}
Event: 13.316 GC heap after
{Heap after GC invocations=44 (full 0):
 garbage-first heap   total 459776K, used 232399K [0x0000000080000000, 0x0000000100000000)
  region size 1024K, 13 young (13312K), 13 survivors (13312K)
 Metaspace       used 187562K, committed 190144K, reserved 1245184K
  class space    used 26064K, committed 27328K, reserved 1048576K
}
Event: 13.788 GC heap before
{Heap before GC invocations=44 (full 0):
 garbage-first heap   total 459776K, used 412623K [0x0000000080000000, 0x0000000100000000)
  region size 1024K, 191 young (195584K), 13 survivors (13312K)
 Metaspace       used 190844K, committed 193536K, reserved 1245184K
  class space    used 26437K, committed 27776K, reserved 1048576K
}
Event: 13.795 GC heap after
{Heap after GC invocations=45 (full 0):
 garbage-first heap   total 459776K, used 232222K [0x0000000080000000, 0x0000000100000000)
  region size 1024K, 15 young (15360K), 15 survivors (15360K)
 Metaspace       used 190844K, committed 193536K, reserved 1245184K
  class space    used 26437K, committed 27776K, reserved 1048576K
}
Event: 43.533 GC heap before
{Heap before GC invocations=46 (full 0):
 garbage-first heap   total 522240K, used 519966K [0x0000000080000000, 0x0000000100000000)
  region size 1024K, 187 young (191488K), 15 survivors (15360K)
 Metaspace       used 192343K, committed 195008K, reserved 1245184K
  class space    used 26595K, committed 27904K, reserved 1048576K
}
Event: 43.546 GC heap after
{Heap after GC invocations=47 (full 0):
 garbage-first heap   total 566272K, used 261945K [0x0000000080000000, 0x0000000100000000)
  region size 1024K, 26 young (26624K), 26 survivors (26624K)
 Metaspace       used 192343K, committed 195008K, reserved 1245184K
  class space    used 26595K, committed 27904K, reserved 1048576K
}

Dll operation events (19 events):
Event: 0.002 Loaded shared library /home/kigawa/.sdkman/candidates/java/21.0.10-tem/lib/libjava.so
Event: 0.016 Loaded shared library /home/kigawa/.sdkman/candidates/java/21.0.10-tem/lib/libjsvml.so
Event: 0.032 Loaded shared library /home/kigawa/.sdkman/candidates/java/21.0.10-tem/lib/libzip.so
Event: 0.033 Loaded shared library /home/kigawa/.sdkman/candidates/java/21.0.10-tem/lib/libinstrument.so
Event: 0.034 Loaded shared library /home/kigawa/.sdkman/candidates/java/21.0.10-tem/lib/libnio.so
Event: 0.035 Loaded shared library /home/kigawa/.sdkman/candidates/java/21.0.10-tem/lib/libzip.so
Event: 0.096 Loaded shared library /home/kigawa/.sdkman/candidates/java/21.0.10-tem/lib/libjimage.so
Event: 0.155 Loaded shared library /home/kigawa/.sdkman/candidates/java/21.0.10-tem/lib/libverify.so
Event: 0.164 Loaded shared library /home/kigawa/.sdkman/candidates/java/21.0.10-tem/lib/libnet.so
Event: 0.165 Loaded shared library /home/kigawa/.gradle/native/660c5614fbf4a5f2a75b1949f50a0caf5cd603558e7d8a26e50b933a0cfb79d1/linux-amd64/libnative-platform.so
Event: 0.168 Loaded shared library /home/kigawa/.gradle/native/0.2.8/x86_64-linux-gnu/libgradle-fileevents.so
Event: 0.433 Loaded shared library /home/kigawa/.sdkman/candidates/java/21.0.10-tem/lib/libmanagement.so
Event: 0.434 Loaded shared library /home/kigawa/.sdkman/candidates/java/21.0.10-tem/lib/libmanagement_ext.so
Event: 0.481 Loaded shared library /home/kigawa/.sdkman/candidates/java/21.0.10-tem/lib/libextnet.so
Event: 7.425 Loaded shared library /home/kigawa/.sdkman/candidates/java/21.0.10-tem/lib/libawt.so
Event: 7.426 Loaded shared library /home/kigawa/.sdkman/candidates/java/21.0.10-tem/lib/libawt_headless.so
Event: 8.327 Loaded shared library /tmp/sqlite-3.41.2.2-5691e106-1071-41af-9438-5ec9e8d0c65a-libsqlitejdbc.so
Event: 8.868 Loaded shared library /home/kigawa/.sdkman/candidates/java/21.0.10-tem/lib/librmi.so
Event: 11.993 Unloaded shared library "/tmp/sqlite-3.41.2.2-5691e106-1071-41af-9438-5ec9e8d0c65a-libsqlitejdbc.so" [0x0000793d99b135b0]

Deoptimization events (20 events):
Event: 43.418 Thread 0x0000793ca001c670 Uncommon trap: trap_request=0xffffff45 fr.pc=0x0000793f70802cc8 relative=0x00000000000000a8
Event: 43.418 Thread 0x0000793ca001c670 Uncommon trap: reason=unstable_if action=reinterpret pc=0x0000793f70802cc8 method=java.util.concurrent.atomic.LongAdder.add(J)V @ 24 c2
Event: 43.418 Thread 0x0000793ca001c670 DEOPT PACKING pc=0x0000793f70802cc8 sp=0x0000793e248fba60
Event: 43.418 Thread 0x0000793ca001c670 DEOPT UNPACKING pc=0x0000793f6fcb2f99 sp=0x0000793e248fb9c0 mode 2
Event: 43.419 Thread 0x0000793ca001b1e0 Uncommon trap: trap_request=0xffffff45 fr.pc=0x0000793f70ac3af4 relative=0x00000000000003b4
Event: 43.419 Thread 0x0000793ca001b1e0 Uncommon trap: reason=unstable_if action=reinterpret pc=0x0000793f70ac3af4 method=java.util.concurrent.ConcurrentLinkedQueue.offer(Ljava/lang/Object;)Z @ 42 c2
Event: 43.419 Thread 0x0000793ca001b1e0 DEOPT PACKING pc=0x0000793f70ac3af4 sp=0x0000793e249fba60
Event: 43.419 Thread 0x0000793ca001b1e0 DEOPT UNPACKING pc=0x0000793f6fcb2f99 sp=0x0000793e249fba00 mode 2
Event: 43.419 Thread 0x0000793ca000f210 DEOPT PACKING pc=0x0000793f6b802047 sp=0x0000793e256fb970
Event: 43.419 Thread 0x0000793ca000f210 DEOPT UNPACKING pc=0x0000793f6fcb372f sp=0x0000793e256faea8 mode 3
Event: 43.419 Thread 0x0000793ca001c670 DEOPT PACKING pc=0x0000793f6b802047 sp=0x0000793e248fb970
Event: 43.419 Thread 0x0000793ca001c670 DEOPT UNPACKING pc=0x0000793f6fcb372f sp=0x0000793e248faea8 mode 3
Event: 43.465 Thread 0x0000793db800b940 Uncommon trap: trap_request=0xffffff45 fr.pc=0x0000793f706e98cc relative=0x00000000000000ac
Event: 43.465 Thread 0x0000793db800b940 Uncommon trap: reason=unstable_if action=reinterpret pc=0x0000793f706e98cc method=com.esotericsoftware.kryo.io.Output.writeByte(B)V @ 8 c2
Event: 43.465 Thread 0x0000793db800b940 DEOPT PACKING pc=0x0000793f706e98cc sp=0x0000793e270f89a0
Event: 43.465 Thread 0x0000793db800b940 DEOPT UNPACKING pc=0x0000793f6fcb2f99 sp=0x0000793e270f88e0 mode 2
Event: 43.546 Thread 0x0000793f80424460 Uncommon trap: trap_request=0xffffffc6 fr.pc=0x0000793f709755fc relative=0x00000000000001fc
Event: 43.546 Thread 0x0000793f80424460 Uncommon trap: reason=bimorphic_or_optimized_type_check action=maybe_recompile pc=0x0000793f709755fc method=java.lang.ThreadLocal.remove(Ljava/lang/Thread;)V @ 2 c2
Event: 43.546 Thread 0x0000793f80424460 DEOPT PACKING pc=0x0000793f709755fc sp=0x0000793f589737c0
Event: 43.546 Thread 0x0000793f80424460 DEOPT UNPACKING pc=0x0000793f6fcb2f99 sp=0x0000793f58973728 mode 2

Classes loaded (20 events):
Event: 14.175 Loading class sun/reflect/misc/MethodUtil$1
Event: 14.175 Loading class sun/reflect/misc/MethodUtil$1 done
Event: 14.235 Loading class java/util/concurrent/CompletableFuture$AsyncRun
Event: 14.235 Loading class java/util/concurrent/CompletableFuture$AsyncRun done
Event: 38.866 Loading class java/lang/StackStreamFactory
Event: 38.866 Loading class java/lang/StackStreamFactory done
Event: 38.866 Loading class java/lang/StackWalker$ExtendedOption
Event: 38.866 Loading class java/lang/StackWalker$ExtendedOption done
Event: 38.866 Loading class java/lang/StackStreamFactory$StackFrameTraverser
Event: 38.866 Loading class java/lang/StackStreamFactory$StackFrameTraverser done
Event: 38.866 Loading class java/lang/StackStreamFactory$WalkerState
Event: 38.866 Loading class java/lang/StackStreamFactory$WalkerState done
Event: 38.866 Loading class java/lang/StackStreamFactory$StackFrameTraverser$StackFrameBuffer
Event: 38.866 Loading class java/lang/StackStreamFactory$FrameBuffer
Event: 38.866 Loading class java/lang/StackStreamFactory$FrameBuffer done
Event: 38.866 Loading class java/lang/StackStreamFactory$StackFrameTraverser$StackFrameBuffer done
Event: 38.866 Loading class java/util/logging/LogRecord
Event: 38.867 Loading class java/util/logging/LogRecord done
Event: 43.099 Loading class jdk/internal/math/FormattedFPDecimal
Event: 43.100 Loading class jdk/internal/math/FormattedFPDecimal done

Classes unloaded (20 events):
Event: 12.951 Thread 0x0000793f804197a0 Unloading class 0x0000793f0d72c400 'java/lang/invoke/LambdaForm$DMH+0x0000793f0d72c400'
Event: 12.951 Thread 0x0000793f804197a0 Unloading class 0x0000793f0d675400 'java/lang/invoke/LambdaForm$DMH+0x0000793f0d675400'
Event: 12.951 Thread 0x0000793f804197a0 Unloading class 0x0000793f0d675000 'java/lang/invoke/LambdaForm$DMH+0x0000793f0d675000'
Event: 12.951 Thread 0x0000793f804197a0 Unloading class 0x0000793f0d674c00 'java/lang/invoke/LambdaForm$DMH+0x0000793f0d674c00'
Event: 12.951 Thread 0x0000793f804197a0 Unloading class 0x0000793f0d674400 'java/lang/invoke/LambdaForm$DMH+0x0000793f0d674400'
Event: 12.951 Thread 0x0000793f804197a0 Unloading class 0x0000793f0d674800 'java/lang/invoke/LambdaForm$DMH+0x0000793f0d674800'
Event: 13.888 Thread 0x0000793f804197a0 Unloading class 0x0000793f0d9f0800 'java/lang/invoke/LambdaForm$DMH+0x0000793f0d9f0800'
Event: 13.888 Thread 0x0000793f804197a0 Unloading class 0x0000793f0d9bc000 'java/lang/invoke/LambdaForm$DMH+0x0000793f0d9bc000'
Event: 13.888 Thread 0x0000793f804197a0 Unloading class 0x0000793f0d9b4800 'java/lang/invoke/LambdaForm$DMH+0x0000793f0d9b4800'
Event: 13.888 Thread 0x0000793f804197a0 Unloading class 0x0000793f0d9ae000 'java/lang/invoke/LambdaForm$DMH+0x0000793f0d9ae000'
Event: 13.888 Thread 0x0000793f804197a0 Unloading class 0x0000793f0d9adc00 'java/lang/invoke/LambdaForm$DMH+0x0000793f0d9adc00'
Event: 13.888 Thread 0x0000793f804197a0 Unloading class 0x0000793f0d9ad000 'java/lang/invoke/LambdaForm$DMH+0x0000793f0d9ad000'
Event: 13.888 Thread 0x0000793f804197a0 Unloading class 0x0000793f0d9ad400 'java/lang/invoke/LambdaForm$DMH+0x0000793f0d9ad400'
Event: 13.888 Thread 0x0000793f804197a0 Unloading class 0x0000793f0d9ac400 'java/lang/invoke/LambdaForm$DMH+0x0000793f0d9ac400'
Event: 13.888 Thread 0x0000793f804197a0 Unloading class 0x0000793f0d9ad800 'java/lang/invoke/LambdaForm$DMH+0x0000793f0d9ad800'
Event: 13.888 Thread 0x0000793f804197a0 Unloading class 0x0000793f0d9acc00 'java/lang/invoke/LambdaForm$DMH+0x0000793f0d9acc00'
Event: 13.888 Thread 0x0000793f804197a0 Unloading class 0x0000793f0d9ac800 'java/lang/invoke/LambdaForm$DMH+0x0000793f0d9ac800'
Event: 13.888 Thread 0x0000793f804197a0 Unloading class 0x0000793f0d9ae400 'java/lang/invoke/LambdaForm$DMH+0x0000793f0d9ae400'
Event: 13.888 Thread 0x0000793f804197a0 Unloading class 0x0000793f0d998c00 'java/lang/invoke/LambdaForm$DMH+0x0000793f0d998c00'
Event: 13.888 Thread 0x0000793f804197a0 Unloading class 0x0000793f0d998400 'java/lang/invoke/LambdaForm$DMH+0x0000793f0d998400'

Classes redefined (0 events):
No events

Internal exceptions (20 events):
Event: 14.199 Thread 0x0000793e7000fdf0 Exception <a 'java/lang/IncompatibleClassChangeError'{0x000000009ee063f0}: Found class java.lang.Object, but interface was expected> (0x000000009ee063f0) 
thrown [src/hotspot/share/interpreter/linkResolver.cpp, line 840]
Event: 14.200 Thread 0x0000793e7000fdf0 Implicit null exception at 0x0000793f70bba494 to 0x0000793f70bba934
Event: 14.200 Thread 0x0000793e7000fdf0 Exception <a 'java/lang/IncompatibleClassChangeError'{0x000000009ee084f0}: Found class java.lang.Object, but interface was expected> (0x000000009ee084f0) 
thrown [src/hotspot/share/interpreter/linkResolver.cpp, line 840]
Event: 14.208 Thread 0x0000793e7000fdf0 Implicit null exception at 0x0000793f70bb913d to 0x0000793f70bb919c
Event: 14.208 Thread 0x0000793e7000fdf0 Exception <a 'java/lang/IncompatibleClassChangeError'{0x000000009ee3c4c0}: Found class java.lang.Object, but interface was expected> (0x000000009ee3c4c0) 
thrown [src/hotspot/share/interpreter/linkResolver.cpp, line 840]
Event: 14.214 Thread 0x0000793e7000fdf0 Implicit null exception at 0x0000793f70f88e8a to 0x0000793f70f8bde0
Event: 14.230 Thread 0x0000793e7000fdf0 Implicit null exception at 0x0000793f70bb8848 to 0x0000793f70bb8a8c
Event: 18.305 Thread 0x0000793e6e58a030 Exception <a 'java/io/IOException'{0x000000009daae3d0}> (0x000000009daae3d0) 
thrown [src/hotspot/share/prims/jni.cpp, line 520]
Event: 23.305 Thread 0x0000793e6e58a030 Exception <a 'java/io/IOException'{0x000000009dab3d38}> (0x000000009dab3d38) 
thrown [src/hotspot/share/prims/jni.cpp, line 520]
Event: 28.305 Thread 0x0000793e6e58a030 Exception <a 'java/io/IOException'{0x000000009d90cb98}> (0x000000009d90cb98) 
thrown [src/hotspot/share/prims/jni.cpp, line 520]
Event: 33.305 Thread 0x0000793e6e58a030 Exception <a 'java/io/IOException'{0x000000009d92b538}> (0x000000009d92b538) 
thrown [src/hotspot/share/prims/jni.cpp, line 520]
Event: 38.305 Thread 0x0000793e6e58a030 Exception <a 'java/io/IOException'{0x000000009d94ebb8}> (0x000000009d94ebb8) 
thrown [src/hotspot/share/prims/jni.cpp, line 520]
Event: 43.111 Thread 0x0000793e7000fdf0 Exception <a 'sun/nio/fs/UnixException'{0x000000009d787ea0}> (0x000000009d787ea0) 
thrown [src/hotspot/share/prims/jni.cpp, line 520]
Event: 43.111 Thread 0x0000793e7000fdf0 Exception <a 'sun/nio/fs/UnixException'{0x000000009d788fc0}> (0x000000009d788fc0) 
thrown [src/hotspot/share/prims/jni.cpp, line 520]
Event: 43.111 Thread 0x0000793e7000fdf0 Exception <a 'sun/nio/fs/UnixException'{0x000000009d78a0d8}> (0x000000009d78a0d8) 
thrown [src/hotspot/share/prims/jni.cpp, line 520]
Event: 43.305 Thread 0x0000793e6e58a030 Exception <a 'java/io/IOException'{0x000000009d955530}> (0x000000009d955530) 
thrown [src/hotspot/share/prims/jni.cpp, line 520]
Event: 43.355 Thread 0x0000793db80167d0 Exception <a 'sun/nio/fs/UnixException'{0x000000009a105788}> (0x000000009a105788) 
thrown [src/hotspot/share/prims/jni.cpp, line 520]
Event: 43.443 Thread 0x0000793db800b940 Exception <a 'sun/nio/fs/UnixException'{0x0000000097625350}> (0x0000000097625350) 
thrown [src/hotspot/share/prims/jni.cpp, line 520]
Event: 43.443 Thread 0x0000793db800b940 Exception <a 'sun/nio/fs/UnixException'{0x0000000097626d08}> (0x0000000097626d08) 
thrown [src/hotspot/share/prims/jni.cpp, line 520]
Event: 43.443 Thread 0x0000793db800b940 Exception <a 'sun/nio/fs/UnixException'{0x0000000097628e20}> (0x0000000097628e20) 
thrown [src/hotspot/share/prims/jni.cpp, line 520]

ZGC Phase Switch (0 events):
No events

VM Operations (20 events):
Event: 17.194 Executing safepoint VM operation: Cleanup
Event: 17.194 Executing safepoint VM operation: Cleanup done
Event: 21.194 Executing safepoint VM operation: Cleanup
Event: 21.194 Executing safepoint VM operation: Cleanup done
Event: 23.194 Executing safepoint VM operation: Cleanup
Event: 23.194 Executing safepoint VM operation: Cleanup done
Event: 31.195 Executing safepoint VM operation: Cleanup
Event: 31.195 Executing safepoint VM operation: Cleanup done
Event: 39.196 Executing safepoint VM operation: Cleanup
Event: 39.196 Executing safepoint VM operation: Cleanup done
Event: 43.150 Executing safepoint VM operation: ICBufferFull
Event: 43.151 Executing safepoint VM operation: ICBufferFull done
Event: 43.248 Executing safepoint VM operation: ICBufferFull
Event: 43.248 Executing safepoint VM operation: ICBufferFull done
Event: 43.308 Executing safepoint VM operation: ICBufferFull
Event: 43.308 Executing safepoint VM operation: ICBufferFull done
Event: 43.395 Executing safepoint VM operation: ICBufferFull
Event: 43.395 Executing safepoint VM operation: ICBufferFull done
Event: 43.533 Executing safepoint VM operation: G1CollectForAllocation (G1 Evacuation Pause)
Event: 43.546 Executing safepoint VM operation: G1CollectForAllocation (G1 Evacuation Pause) done

Memory protections (20 events):
Event: 43.447 Protecting memory [0x0000793d22e00000,0x0000793d22e04000] with protection modes 0
Event: 43.470 Protecting memory [0x0000793d22c00000,0x0000793d22c04000] with protection modes 0
Event: 43.470 Protecting memory [0x0000793d22b00000,0x0000793d22b04000] with protection modes 0
Event: 43.470 Protecting memory [0x0000793d22a00000,0x0000793d22a04000] with protection modes 0
Event: 43.470 Protecting memory [0x0000793d22800000,0x0000793d22804000] with protection modes 0
Event: 43.471 Protecting memory [0x0000793d22700000,0x0000793d22704000] with protection modes 0
Event: 43.471 Protecting memory [0x0000793d22600000,0x0000793d22604000] with protection modes 0
Event: 43.471 Protecting memory [0x0000793d22500000,0x0000793d22504000] with protection modes 0
Event: 43.471 Protecting memory [0x0000793d22400000,0x0000793d22404000] with protection modes 0
Event: 43.471 Protecting memory [0x0000793d22300000,0x0000793d22304000] with protection modes 0
Event: 43.471 Protecting memory [0x0000793d22200000,0x0000793d22204000] with protection modes 0
Event: 43.471 Protecting memory [0x0000793d22100000,0x0000793d22104000] with protection modes 0
Event: 43.471 Protecting memory [0x0000793d22000000,0x0000793d22004000] with protection modes 0
Event: 43.471 Protecting memory [0x0000793d21f00000,0x0000793d21f04000] with protection modes 0
Event: 43.471 Protecting memory [0x0000793d21e00000,0x0000793d21e04000] with protection modes 0
Event: 43.471 Protecting memory [0x0000793d21d00000,0x0000793d21d04000] with protection modes 0
Event: 43.471 Protecting memory [0x0000793d21c00000,0x0000793d21c04000] with protection modes 0
Event: 43.471 Protecting memory [0x0000793d21b00000,0x0000793d21b04000] with protection modes 0
Event: 43.471 Protecting memory [0x0000793d21a00000,0x0000793d21a04000] with protection modes 0
Event: 43.472 Protecting memory [0x0000793d21900000,0x0000793d21904000] with protection modes 0

Nmethod flushes (20 events):
Event: 13.903 Thread 0x0000793f804197a0 flushing  nmethod 0x0000793f69444b10
Event: 13.903 Thread 0x0000793f804197a0 flushing  nmethod 0x0000793f694b1f10
Event: 13.903 Thread 0x0000793f804197a0 flushing  nmethod 0x0000793f69542110
Event: 13.903 Thread 0x0000793f804197a0 flushing  nmethod 0x0000793f69542990
Event: 13.903 Thread 0x0000793f804197a0 flushing  nmethod 0x0000793f69543410
Event: 13.903 Thread 0x0000793f804197a0 flushing  nmethod 0x0000793f6959df10
Event: 13.903 Thread 0x0000793f804197a0 flushing  nmethod 0x0000793f6959e610
Event: 13.903 Thread 0x0000793f804197a0 flushing  nmethod 0x0000793f695a2290
Event: 13.903 Thread 0x0000793f804197a0 flushing  nmethod 0x0000793f69613390
Event: 13.903 Thread 0x0000793f804197a0 flushing  nmethod 0x0000793f69615c90
Event: 13.903 Thread 0x0000793f804197a0 flushing  nmethod 0x0000793f69617410
Event: 13.903 Thread 0x0000793f804197a0 flushing  nmethod 0x0000793f696c1e90
Event: 13.903 Thread 0x0000793f804197a0 flushing  nmethod 0x0000793f698c9510
Event: 13.903 Thread 0x0000793f804197a0 flushing  nmethod 0x0000793f69977b10
Event: 13.903 Thread 0x0000793f804197a0 flushing  nmethod 0x0000793f6997d390
Event: 13.903 Thread 0x0000793f804197a0 flushing  nmethod 0x0000793f69a38b10
Event: 13.903 Thread 0x0000793f804197a0 flushing  nmethod 0x0000793f69aff790
Event: 13.903 Thread 0x0000793f804197a0 flushing  nmethod 0x0000793f69c32810
Event: 13.903 Thread 0x0000793f804197a0 flushing  nmethod 0x0000793f69c34390
Event: 13.903 Thread 0x0000793f804197a0 flushing  nmethod 0x0000793f69eb4610

Events (20 events):
Event: 43.447 Thread 0x0000793db800b940 Thread added: 0x0000793ca00364b0
Event: 43.470 Thread 0x0000793db800b940 Thread added: 0x0000793ca000a2a0
Event: 43.470 Thread 0x0000793db800b940 Thread added: 0x0000793ca000b5a0
Event: 43.470 Thread 0x0000793db800b940 Thread added: 0x0000793ca000c3c0
Event: 43.470 Thread 0x0000793db800b940 Thread added: 0x0000793ca000d1e0
Event: 43.471 Thread 0x0000793db800b940 Thread added: 0x0000793ca003be10
Event: 43.471 Thread 0x0000793db800b940 Thread added: 0x0000793ca003cbf0
Event: 43.471 Thread 0x0000793db800b940 Thread added: 0x0000793ca003d9e0
Event: 43.471 Thread 0x0000793db800b940 Thread added: 0x0000793ca003e7d0
Event: 43.471 Thread 0x0000793db800b940 Thread added: 0x0000793ca003f9e0
Event: 43.471 Thread 0x0000793db800b940 Thread added: 0x0000793ca0040c00
Event: 43.471 Thread 0x0000793db800b940 Thread added: 0x0000793ca0041e10
Event: 43.471 Thread 0x0000793db800b940 Thread added: 0x0000793ca0042c40
Event: 43.471 Thread 0x0000793db800b940 Thread added: 0x0000793ca0043a60
Event: 43.471 Thread 0x0000793db800b940 Thread added: 0x0000793ca0044c60
Event: 43.471 Thread 0x0000793db800b940 Thread added: 0x0000793ca0045e70
Event: 43.471 Thread 0x0000793db800b940 Thread added: 0x0000793ca0047080
Event: 43.471 Thread 0x0000793db800b940 Thread added: 0x0000793ca00482a0
Event: 43.471 Thread 0x0000793db800b940 Thread added: 0x0000793ca00490e0
Event: 43.472 Thread 0x0000793db800b940 Thread added: 0x0000793ca004a2e0


Dynamic libraries:
80000000-a1300000 rw-p 00000000 00:00 0 
a1300000-b1900000 ---p 00000000 00:00 0 
b1900000-b1a00000 rw-p 00000000 00:00 0 
b1a00000-b6b00000 ---p 00000000 00:00 0 
b6b00000-b6c00000 rw-p 00000000 00:00 0 
b6c00000-fec00000 ---p 00000000 00:00 0 
fec00000-ffe00000 rw-p 00000000 00:00 0 
ffe00000-fff0d000 rw-p 00cda000 00:33 2973800                            /home/kigawa/.sdkman/candidates/java/21.0.10-tem/lib/server/classes.jsa
fff0d000-100000000 rw-p 00000000 00:00 0 
57cf75524000-57cf75525000 r-xp 00000000 00:33 2972800                    /home/kigawa/.sdkman/candidates/java/21.0.10-tem/bin/java
57cf75526000-57cf75527000 r--p 00001000 00:33 2972800                    /home/kigawa/.sdkman/candidates/java/21.0.10-tem/bin/java
57cf75527000-57cf75528000 rw-p 00002000 00:33 2972800                    /home/kigawa/.sdkman/candidates/java/21.0.10-tem/bin/java
57cfb2125000-57cfb22c3000 rw-p 00000000 00:00 0                          [heap]
793c7fdfb000-793c7fdff000 ---p 00000000 00:00 0 
793c7fdff000-793c7fefb000 rw-p 00000000 00:00 0 
793c7fefb000-793c7feff000 ---p 00000000 00:00 0 
793c7feff000-793c7fffb000 rw-p 00000000 00:00 0 
793c7fffb000-793c7ffff000 ---p 00000000 00:00 0 
793c7ffff000-793c800fb000 rw-p 00000000 00:00 0 
793c800fb000-793c800ff000 ---p 00000000 00:00 0 
793c800ff000-793c801fb000 rw-p 00000000 00:00 0 
793c801fb000-793c801ff000 ---p 00000000 00:00 0 
793c801ff000-793c802fb000 rw-p 00000000 00:00 0 
793c802fb000-793c802ff000 ---p 00000000 00:00 0 
793c802ff000-793c803fb000 rw-p 00000000 00:00 0 
793c80a65000-793c81271000 rw-p 00000000 00:00 0 
793c81271000-793c81275000 ---p 00000000 00:00 0 
793c81275000-793c81371000 rw-p 00000000 00:00 0 
793c81371000-793c81e21000 rw-p 00000000 00:00 0 
793c81e21000-793c81e25000 ---p 00000000 00:00 0 
793c81e25000-793c81f21000 rw-p 00000000 00:00 0 
793c81f21000-793c81f25000 ---p 00000000 00:00 0 
793c81f25000-793c82021000 rw-p 00000000 00:00 0 
793c82021000-793c82025000 ---p 00000000 00:00 0 
793c82025000-793c82121000 rw-p 00000000 00:00 0 
793c82121000-793c82125000 ---p 00000000 00:00 0 
793c82125000-793c82221000 rw-p 00000000 00:00 0 
793c82221000-793c83300000 rw-p 00000000 00:00 0 
793c83300000-793c83304000 ---p 00000000 00:00 0 
793c83304000-793c83400000 rw-p 00000000 00:00 0 
793c83400000-793c83404000 ---p 00000000 00:00 0 
793c83404000-793c83500000 rw-p 00000000 00:00 0 
793c83500000-793c83504000 ---p 00000000 00:00 0 
793c83504000-793c83600000 rw-p 00000000 00:00 0 
793c83600000-793c83604000 ---p 00000000 00:00 0 
793c83604000-793c83700000 rw-p 00000000 00:00 0 
793c83700000-793c83704000 ---p 00000000 00:00 0 
793c83704000-793c83800000 rw-p 00000000 00:00 0 
793c83800000-793c83804000 ---p 00000000 00:00 0 
793c83804000-793c83900000 rw-p 00000000 00:00 0 
793c83c00000-793c83c04000 ---p 00000000 00:00 0 
793c83c04000-793c83d00000 rw-p 00000000 00:00 0 
793c84000000-793c84700000 rw-p 00000000 00:00 0 
793c84700000-793c84800000 rw-p 00000000 00:00 0 
793c84800000-793c86180000 rw-p 00000000 00:00 0 
793c86180000-793c86200000 rw-p 00000000 00:00 0 
793c86200000-793c86330000 rw-p 00000000 00:00 0 
793c86330000-793c88000000 ---p 00000000 00:00 0 
793c88600000-793c88604000 ---p 00000000 00:00 0 
793c88604000-793c88700000 rw-p 00000000 00:00 0 
793c88700000-793c88704000 ---p 00000000 00:00 0 
793c88704000-793c88800000 rw-p 00000000 00:00 0 
793c88800000-793c88804000 ---p 00000000 00:00 0 
793c88804000-793c88900000 rw-p 00000000 00:00 0 
793c88d6b000-793c88d6f000 ---p 00000000 00:00 0 
793c88d6f000-793c88e6b000 rw-p 00000000 00:00 0 
793c88e6b000-793c88e6f000 ---p 00000000 00:00 0 
793c88e6f000-793c88f6b000 rw-p 00000000 00:00 0 
793c88f6b000-793c88f6f000 ---p 00000000 00:00 0 
793c88f6f000-793c8906b000 rw-p 00000000 00:00 0 
793c8906b000-793c8906f000 ---p 00000000 00:00 0 
793c8906f000-793c8916b000 rw-p 00000000 00:00 0 
793c8966b000-793c91e00000 r--s 00000000 00:33 2973664                    /home/kigawa/.sdkman/candidates/java/21.0.10-tem/lib/modules
793c92100000-793c92104000 ---p 00000000 00:00 0 
793c92104000-793c92200000 rw-p 00000000 00:00 0 
793c92400000-793c92404000 ---p 00000000 00:00 0 
793c92404000-793c92500000 rw-p 00000000 00:00 0 
793c92800000-793c92804000 ---p 00000000 00:00 0 
793c92804000-793c92900000 rw-p 00000000 00:00 0 
793c92c00000-793c92c04000 ---p 00000000 00:00 0 
793c92c04000-793c92d00000 rw-p 00000000 00:00 0 
793c93000000-793c93004000 ---p 00000000 00:00 0 
793c93004000-793c93100000 rw-p 00000000 00:00 0 
793c93300000-793c93304000 ---p 00000000 00:00 0 
793c93304000-793c93400000 rw-p 00000000 00:00 0 
793c94000000-793c940f0000 rw-p 00000000 00:00 0 
793c940f0000-793c98000000 ---p 00000000 00:00 0 
793c98300000-793c98304000 ---p 00000000 00:00 0 
793c98304000-793c98400000 rw-p 00000000 00:00 0 
793c98600000-793c98604000 ---p 00000000 00:00 0 
793c98604000-793c98700000 rw-p 00000000 00:00 0 
793c98700000-793c98704000 ---p 00000000 00:00 0 
793c98704000-793c98800000 rw-p 00000000 00:00 0 
793c99800000-793c99804000 ---p 00000000 00:00 0 
793c99804000-793c99900000 rw-p 00000000 00:00 0 
793c9a200000-793c9a204000 ---p 00000000 00:00 0 
793c9a204000-793c9a300000 rw-p 00000000 00:00 0 
793c9a900000-793c9a904000 ---p 00000000 00:00 0 
793c9a904000-793c9aa00000 rw-p 00000000 00:00 0 
793c9ac00000-793c9ac04000 ---p 00000000 00:00 0 
793c9ac04000-793c9ad00000 rw-p 00000000 00:00 0 
793c9b600000-793c9b604000 ---p 00000000 00:00 0 
793c9b604000-793c9b700000 rw-p 00000000 00:00 0 
793c9ba00000-793c9ba04000 ---p 00000000 00:00 0 
793c9ba04000-793c9bb00000 rw-p 00000000 00:00 0 
793c9c000000-793c9c0e9000 rw-p 00000000 00:00 0 
793c9c0e9000-793ca0000000 ---p 00000000 00:00 0 
793ca0000000-793ca04c2000 rw-p 00000000 00:00 0 
793ca04c2000-793ca4000000 ---p 00000000 00:00 0 
793ca4000000-793ca48ae000 rw-p 00000000 00:00 0 
793ca48ae000-793ca8000000 ---p 00000000 00:00 0 
793ca8000000-793ca8153000 rw-p 00000000 00:00 0 
793ca8153000-793cac000000 ---p 00000000 00:00 0 
793cac000000-793cac270000 rw-p 00000000 00:00 0 
793cac270000-793cb0000000 ---p 00000000 00:00 0 
793cb0000000-793cb038c000 rw-p 00000000 00:00 0 
793cb038c000-793cb4000000 ---p 00000000 00:00 0 
793cb4000000-793cb4162000 rw-p 00000000 00:00 0 
793cb4162000-793cb8000000 ---p 00000000 00:00 0 
793cb8000000-793cb81e7000 rw-p 00000000 00:00 0 
793cb81e7000-793cbc000000 ---p 00000000 00:00 0 
793cbc000000-793cbc1b6000 rw-p 00000000 00:00 0 
793cbc1b6000-793cc0000000 ---p 00000000 00:00 0 
793cc0000000-793cc0058000 rw-p 00000000 00:00 0 
793cc0058000-793cc4000000 ---p 00000000 00:00 0 
793cc4000000-793cc4053000 rw-p 00000000 00:00 0 
793cc4053000-793cc8000000 ---p 00000000 00:00 0 
793cc8000000-793cc8166000 rw-p 00000000 00:00 0 
793cc8166000-793ccc000000 ---p 00000000 00:00 0 
793ccc000000-793ccc1f8000 rw-p 00000000 00:00 0 
793ccc1f8000-793cd0000000 ---p 00000000 00:00 0 
793cd0000000-793cd0161000 rw-p 00000000 00:00 0 
793cd0161000-793cd4000000 ---p 00000000 00:00 0 
793cd4000000-793cd4117000 rw-p 00000000 00:00 0 
793cd4117000-793cd8000000 ---p 00000000 00:00 0 
793cd8000000-793cd810e000 rw-p 00000000 00:00 0 
793cd810e000-793cdc000000 ---p 00000000 00:00 0 
793cdc000000-793cdc128000 rw-p 00000000 00:00 0 
793cdc128000-793ce0000000 ---p 00000000 00:00 0 
793ce0000000-793ce0115000 rw-p 00000000 00:00 0 
793ce0115000-793ce4000000 ---p 00000000 00:00 0 
793ce4000000-793ce4021000 rw-p 00000000 00:00 0 
793ce4021000-793ce8000000 ---p 00000000 00:00 0 
793ce8000000-793ce810d000 rw-p 00000000 00:00 0 
793ce810d000-793cec000000 ---p 00000000 00:00 0 
793cec000000-793cec021000 rw-p 00000000 00:00 0 
793cec021000-793cf0000000 ---p 00000000 00:00 0 
793cf0000000-793cf0021000 rw-p 00000000 00:00 0 
793cf0021000-793cf4000000 ---p 00000000 00:00 0 
793cf4000000-793cf4035000 rw-p 00000000 00:00 0 
793cf4035000-793cf8000000 ---p 00000000 00:00 0 
793cf8000000-793cf8021000 rw-p 00000000 00:00 0 
793cf8021000-793cfc000000 ---p 00000000 00:00 0 
793cfc000000-793cfc041000 rw-p 00000000 00:00 0 
793cfc041000-793d00000000 ---p 00000000 00:00 0 
793d00000000-793d00037000 rw-p 00000000 00:00 0 
793d00037000-793d04000000 ---p 00000000 00:00 0 
793d04000000-793d04037000 rw-p 00000000 00:00 0 
793d04037000-793d08000000 ---p 00000000 00:00 0 
793d08000000-793d0803d000 rw-p 00000000 00:00 0 
793d0803d000-793d0c000000 ---p 00000000 00:00 0 
793d0c000000-793d0c2d0000 rw-p 00000000 00:00 0 
793d0c2d0000-793d10000000 ---p 00000000 00:00 0 
793d10000000-793d10021000 rw-p 00000000 00:00 0 
793d10021000-793d14000000 ---p 00000000 00:00 0 
793d14000000-793d14036000 rw-p 00000000 00:00 0 
793d14036000-793d18000000 ---p 00000000 00:00 0 
793d18000000-793d18027000 rw-p 00000000 00:00 0 
793d18027000-793d1c000000 ---p 00000000 00:00 0 
793d1c000000-793d1c040000 rw-p 00000000 00:00 0 
793d1c040000-793d20000000 ---p 00000000 00:00 0 
793d20200000-793d20204000 ---p 00000000 00:00 0 
793d20204000-793d20300000 rw-p 00000000 00:00 0 
793d20700000-793d20704000 ---p 00000000 00:00 0 
793d20704000-793d20800000 rw-p 00000000 00:00 0 
793d20800000-793d20804000 ---p 00000000 00:00 0 
793d20804000-793d20900000 rw-p 00000000 00:00 0 
793d21400000-793d21404000 ---p 00000000 00:00 0 
793d21404000-793d21500000 rw-p 00000000 00:00 0 
793d21600000-793d21604000 ---p 00000000 00:00 0 
793d21604000-793d21700000 rw-p 00000000 00:00 0 
793d21800000-793d21804000 ---p 00000000 00:00 0 
793d21804000-793d21900000 rw-p 00000000 00:00 0 
793d21900000-793d21904000 ---p 00000000 00:00 0 
793d21904000-793d21a00000 rw-p 00000000 00:00 0 
793d21a00000-793d21a04000 ---p 00000000 00:00 0 
793d21a04000-793d21b00000 rw-p 00000000 00:00 0 
793d21b00000-793d21b04000 ---p 00000000 00:00 0 
793d21b04000-793d21c00000 rw-p 00000000 00:00 0 
793d21c00000-793d21c04000 ---p 00000000 00:00 0 
793d21c04000-793d21d00000 rw-p 00000000 00:00 0 
793d21d00000-793d21d04000 ---p 00000000 00:00 0 
793d21d04000-793d21e00000 rw-p 00000000 00:00 0 
793d21e00000-793d21e04000 ---p 00000000 00:00 0 
793d21e04000-793d21f00000 rw-p 00000000 00:00 0 
793d21f00000-793d21f04000 ---p 00000000 00:00 0 
793d21f04000-793d22000000 rw-p 00000000 00:00 0 
793d22000000-793d22004000 ---p 00000000 00:00 0 
793d22004000-793d22100000 rw-p 00000000 00:00 0 
793d22100000-793d22104000 ---p 00000000 00:00 0 
793d22104000-793d22200000 rw-p 00000000 00:00 0 
793d22200000-793d22204000 ---p 00000000 00:00 0 
793d22204000-793d22300000 rw-p 00000000 00:00 0 
793d22300000-793d22304000 ---p 00000000 00:00 0 
793d22304000-793d22400000 rw-p 00000000 00:00 0 
793d22400000-793d22404000 ---p 00000000 00:00 0 
793d22404000-793d22500000 rw-p 00000000 00:00 0 
793d22500000-793d22504000 ---p 00000000 00:00 0 
793d22504000-793d22600000 rw-p 00000000 00:00 0 
793d22600000-793d22604000 ---p 00000000 00:00 0 
793d22604000-793d22700000 rw-p 00000000 00:00 0 
793d22700000-793d22704000 ---p 00000000 00:00 0 
793d22704000-793d22800000 rw-p 00000000 00:00 0 
793d22800000-793d22804000 ---p 00000000 00:00 0 
793d22804000-793d22900000 rw-p 00000000 00:00 0 
793d22900000-793d22904000 ---p 00000000 00:00 0 
793d22904000-793d22a00000 rw-p 00000000 00:00 0 
793d22a00000-793d22a04000 ---p 00000000 00:00 0 
793d22a04000-793d22b00000 rw-p 00000000 00:00 0 
793d22b00000-793d22b04000 ---p 00000000 00:00 0 
793d22b04000-793d22c00000 rw-p 00000000 00:00 0 
793d22c00000-793d22c04000 ---p 00000000 00:00 0 
793d22c04000-793d22d00000 rw-p 00000000 00:00 0 
793d22d00000-793d22d04000 ---p 00000000 00:00 0 
793d22d04000-793d22e00000 rw-p 00000000 00:00 0 
793d22e00000-793d22e04000 ---p 00000000 00:00 0 
793d22e04000-793d22f00000 rw-p 00000000 00:00 0 
793d22f00000-793d22f04000 ---p 00000000 00:00 0 
793d22f04000-793d23000000 rw-p 00000000 00:00 0 
793d23000000-793d23004000 ---p 00000000 00:00 0 
793d23004000-793d23100000 rw-p 00000000 00:00 0 
793d23100000-793d23104000 ---p 00000000 00:00 0 
793d23104000-793d23200000 rw-p 00000000 00:00 0 
793d23200000-793d23204000 ---p 00000000 00:00 0 
793d23204000-793d23300000 rw-p 00000000 00:00 0 
793d23300000-793d23304000 ---p 00000000 00:00 0 
793d23304000-793d23400000 rw-p 00000000 00:00 0 
793d23400000-793d23404000 ---p 00000000 00:00 0 
793d23404000-793d23500000 rw-p 00000000 00:00 0 
793d23500000-793d23504000 ---p 00000000 00:00 0 
793d23504000-793d23600000 rw-p 00000000 00:00 0 
793d23600000-793d23604000 ---p 00000000 00:00 0 
793d23604000-793d23700000 rw-p 00000000 00:00 0 
793d23700000-793d23704000 ---p 00000000 00:00 0 
793d23704000-793d23800000 rw-p 00000000 00:00 0 
793d23800000-793d23804000 ---p 00000000 00:00 0 
793d23804000-793d23900000 rw-p 00000000 00:00 0 
793d23900000-793d23904000 ---p 00000000 00:00 0 
793d23904000-793d23a00000 rw-p 00000000 00:00 0 
793d23a00000-793d23a04000 ---p 00000000 00:00 0 
793d23a04000-793d23b00000 rw-p 00000000 00:00 0 
793d23b00000-793d23b04000 ---p 00000000 00:00 0 
793d23b04000-793d23c00000 rw-p 00000000 00:00 0 
793d23c00000-793d23c04000 ---p 00000000 00:00 0 
793d23c04000-793d23d00000 rw-p 00000000 00:00 0 
793d23d00000-793d23d04000 ---p 00000000 00:00 0 
793d23d04000-793d23e00000 rw-p 00000000 00:00 0 
793d23e00000-793d23e04000 ---p 00000000 00:00 0 
793d23e04000-793d23f00000 rw-p 00000000 00:00 0 
793d23f00000-793d23f04000 ---p 00000000 00:00 0 
793d23f04000-793d24000000 rw-p 00000000 00:00 0 
793d24000000-793d243b5000 rw-p 00000000 00:00 0 
793d243b5000-793d28000000 ---p 00000000 00:00 0 
793d28000000-793d28021000 rw-p 00000000 00:00 0 
793d28021000-793d2c000000 ---p 00000000 00:00 0 
793d2c000000-793d2cd00000 rw-p 00000000 00:00 0 
793d2cd00000-793d2ce00000 rw-p 00000000 00:00 0 
793d2ce00000-793d2d580000 rw-p 00000000 00:00 0 
793d2d580000-793d2d600000 rw-p 00000000 00:00 0 
793d2d600000-793d2d820000 rw-p 00000000 00:00 0 
793d2d820000-793d2dd00000 rw-p 00000000 00:00 0 
793d2dd00000-793d2de00000 rw-p 00000000 00:00 0 
793d2de00000-793d2df80000 rw-p 00000000 00:00 0 
793d2df80000-793d2f300000 rw-p 00000000 00:00 0 
793d2f300000-793d2f400000 rw-p 00000000 00:00 0 
793d2f400000-793d30000000 rw-p 00000000 00:00 0 
793d30000000-793d3004c000 rw-p 00000000 00:00 0 
793d3004c000-793d34000000 ---p 00000000 00:00 0 
793d34000000-793d34035000 rw-p 00000000 00:00 0 
793d34035000-793d38000000 ---p 00000000 00:00 0 
793d38000000-793d38025000 rw-p 00000000 00:00 0 
793d38025000-793d3c000000 ---p 00000000 00:00 0 
793d3c000000-793d3c021000 rw-p 00000000 00:00 0 
793d3c021000-793d40000000 ---p 00000000 00:00 0 
793d40000000-793d40025000 rw-p 00000000 00:00 0 
793d40025000-793d44000000 ---p 00000000 00:00 0 
793d44000000-793d4403d000 rw-p 00000000 00:00 0 
793d4403d000-793d48000000 ---p 00000000 00:00 0 
793d48000000-793d48021000 rw-p 00000000 00:00 0 
793d48021000-793d4c000000 ---p 00000000 00:00 0 
793d4c000000-793d4c03d000 rw-p 00000000 00:00 0 
793d4c03d000-793d50000000 ---p 00000000 00:00 0 
793d50000000-793d50021000 rw-p 00000000 00:00 0 
793d50021000-793d54000000 ---p 00000000 00:00 0 
793d54000000-793d54e4d000 rw-p 00000000 00:00 0 
793d54e4d000-793d58000000 ---p 00000000 00:00 0 
793d58000000-793d58021000 rw-p 00000000 00:00 0 
793d58021000-793d5c000000 ---p 00000000 00:00 0 
793d5c000000-793d5c025000 rw-p 00000000 00:00 0 
793d5c025000-793d60000000 ---p 00000000 00:00 0 
793d60000000-793d60031000 rw-p 00000000 00:00 0 
793d60031000-793d64000000 ---p 00000000 00:00 0 
793d64000000-793d64021000 rw-p 00000000 00:00 0 
793d64021000-793d68000000 ---p 00000000 00:00 0 
793d68000000-793d68021000 rw-p 00000000 00:00 0 
793d68021000-793d6c000000 ---p 00000000 00:00 0 
793d6c000000-793d6c021000 rw-p 00000000 00:00 0 
793d6c021000-793d70000000 ---p 00000000 00:00 0 
793d70000000-793d70021000 rw-p 00000000 00:00 0 
793d70021000-793d74000000 ---p 00000000 00:00 0 
793d74000000-793d74025000 rw-p 00000000 00:00 0 
793d74025000-793d78000000 ---p 00000000 00:00 0 
793d78000000-793d78021000 rw-p 00000000 00:00 0 
793d78021000-793d7c000000 ---p 00000000 00:00 0 
793d7c000000-793d7c025000 rw-p 00000000 00:00 0 
793d7c025000-793d80000000 ---p 00000000 00:00 0 
793d80000000-793d80025000 rw-p 00000000 00:00 0 
793d80025000-793d84000000 ---p 00000000 00:00 0 
793d84000000-793d84026000 rw-p 00000000 00:00 0 
793d84026000-793d88000000 ---p 00000000 00:00 0 
793d88000000-793d88021000 rw-p 00000000 00:00 0 
793d88021000-793d8c000000 ---p 00000000 00:00 0 
793d8c000000-793d8c021000 rw-p 00000000 00:00 0 
793d8c021000-793d90000000 ---p 00000000 00:00 0 
793d90000000-793d90021000 rw-p 00000000 00:00 0 
793d90021000-793d94000000 ---p 00000000 00:00 0 
793d94000000-793d94022000 rw-p 00000000 00:00 0 
793d94022000-793d98000000 ---p 00000000 00:00 0 
793d98000000-793d99c74000 rw-p 00000000 00:00 0 
793d99c74000-793d9c000000 ---p 00000000 00:00 0 
793d9c000000-793d9c024000 rw-p 00000000 00:00 0 
793d9c024000-793da0000000 ---p 00000000 00:00 0 
793da0000000-793da00f4000 rw-p 00000000 00:00 0 
793da00f4000-793da4000000 ---p 00000000 00:00 0 
793da4000000-793da4038000 rw-p 00000000 00:00 0 
793da4038000-793da8000000 ---p 00000000 00:00 0 
793da8000000-793da803c000 rw-p 00000000 00:00 0 
793da803c000-793dac000000 ---p 00000000 00:00 0 
793dac000000-793dac024000 rw-p 00000000 00:00 0 
793dac024000-793db0000000 ---p 00000000 00:00 0 
793db0000000-793db0040000 rw-p 00000000 00:00 0 
793db0040000-793db4000000 ---p 00000000 00:00 0 
793db4000000-793db4172000 rw-p 00000000 00:00 0 
793db4172000-793db8000000 ---p 00000000 00:00 0 
793db8000000-793db8021000 rw-p 00000000 00:00 0 
793db8021000-793dbc000000 ---p 00000000 00:00 0 
793dbc000000-793dbc021000 rw-p 00000000 00:00 0 
793dbc021000-793dc0000000 ---p 00000000 00:00 0 
793dc0000000-793dc002d000 rw-p 00000000 00:00 0 
793dc002d000-793dc4000000 ---p 00000000 00:00 0 
793dc4000000-793dc4043000 rw-p 00000000 00:00 0 
793dc4043000-793dc8000000 ---p 00000000 00:00 0 
793dc8000000-793dc8021000 rw-p 00000000 00:00 0 
793dc8021000-793dcc000000 ---p 00000000 00:00 0 
793dcc000000-793dcc021000 rw-p 00000000 00:00 0 
793dcc021000-793dd0000000 ---p 00000000 00:00 0 
793dd0000000-793dd0045000 rw-p 00000000 00:00 0 
793dd0045000-793dd4000000 ---p 00000000 00:00 0 
793dd4000000-793dd4026000 rw-p 00000000 00:00 0 
793dd4026000-793dd8000000 ---p 00000000 00:00 0 
793dd8000000-793dd803e000 rw-p 00000000 00:00 0 
793dd803e000-793ddc000000 ---p 00000000 00:00 0 
793ddc000000-793ddc021000 rw-p 00000000 00:00 0 
793ddc021000-793de0000000 ---p 00000000 00:00 0 
793de0000000-793de0021000 rw-p 00000000 00:00 0 
793de0021000-793de4000000 ---p 00000000 00:00 0 
793de4000000-793de4021000 rw-p 00000000 00:00 0 
793de4021000-793de8000000 ---p 00000000 00:00 0 
793de8000000-793de8039000 rw-p 00000000 00:00 0 
793de8039000-793dec000000 ---p 00000000 00:00 0 
793dec000000-793dec021000 rw-p 00000000 00:00 0 
793dec021000-793df0000000 ---p 00000000 00:00 0 
793df0000000-793df0021000 rw-p 00000000 00:00 0 
793df0021000-793df4000000 ---p 00000000 00:00 0 
793df4000000-793df4021000 rw-p 00000000 00:00 0 
793df4021000-793df8000000 ---p 00000000 00:00 0 
793df8000000-793df8021000 rw-p 00000000 00:00 0 
793df8021000-793dfc000000 ---p 00000000 00:00 0 
793dfc000000-793dfc021000 rw-p 00000000 00:00 0 
793dfc021000-793e00000000 ---p 00000000 00:00 0 
793e00000000-793e00021000 rw-p 00000000 00:00 0 
793e00021000-793e04000000 ---p 00000000 00:00 0 
793e04000000-793e04021000 rw-p 00000000 00:00 0 
793e04021000-793e08000000 ---p 00000000 00:00 0 
793e08000000-793e08021000 rw-p 00000000 00:00 0 
793e08021000-793e0c000000 ---p 00000000 00:00 0 
793e0c000000-793e0c021000 rw-p 00000000 00:00 0 
793e0c021000-793e10000000 ---p 00000000 00:00 0 
793e10000000-793e10021000 rw-p 00000000 00:00 0 
793e10021000-793e14000000 ---p 00000000 00:00 0 
793e14000000-793e14021000 rw-p 00000000 00:00 0 
793e14021000-793e18000000 ---p 00000000 00:00 0 
793e18000000-793e18021000 rw-p 00000000 00:00 0 
793e18021000-793e1c000000 ---p 00000000 00:00 0 
793e1c000000-793e1c021000 rw-p 00000000 00:00 0 
793e1c021000-793e20000000 ---p 00000000 00:00 0 
793e20000000-793e20021000 rw-p 00000000 00:00 0 
793e20021000-793e24000000 ---p 00000000 00:00 0 
793e240ff000-793e24103000 ---p 00000000 00:00 0 
793e24103000-793e241ff000 rw-p 00000000 00:00 0 
793e241ff000-793e24203000 ---p 00000000 00:00 0 
793e24203000-793e242ff000 rw-p 00000000 00:00 0 
793e242ff000-793e24303000 ---p 00000000 00:00 0 
793e24303000-793e243ff000 rw-p 00000000 00:00 0 
793e243ff000-793e24403000 ---p 00000000 00:00 0 
793e24403000-793e244ff000 rw-p 00000000 00:00 0 
793e244ff000-793e24503000 ---p 00000000 00:00 0 
793e24503000-793e245ff000 rw-p 00000000 00:00 0 
793e245ff000-793e24603000 ---p 00000000 00:00 0 
793e24603000-793e246ff000 rw-p 00000000 00:00 0 
793e246ff000-793e24703000 ---p 00000000 00:00 0 
793e24703000-793e247ff000 rw-p 00000000 00:00 0 
793e247ff000-793e24803000 ---p 00000000 00:00 0 
793e24803000-793e248ff000 rw-p 00000000 00:00 0 
793e248ff000-793e24903000 ---p 00000000 00:00 0 
793e24903000-793e249ff000 rw-p 00000000 00:00 0 
793e249ff000-793e24a03000 ---p 00000000 00:00 0 
793e24a03000-793e24aff000 rw-p 00000000 00:00 0 
793e24aff000-793e24b03000 ---p 00000000 00:00 0 
793e24b03000-793e24bff000 rw-p 00000000 00:00 0 
793e24bff000-793e24c03000 ---p 00000000 00:00 0 
793e24c03000-793e24cff000 rw-p 00000000 00:00 0 
793e24cff000-793e24d03000 ---p 00000000 00:00 0 
793e24d03000-793e24dff000 rw-p 00000000 00:00 0 
793e24dff000-793e24e03000 ---p 00000000 00:00 0 
793e24e03000-793e24eff000 rw-p 00000000 00:00 0 
793e24eff000-793e24f03000 ---p 00000000 00:00 0 
793e24f03000-793e24fff000 rw-p 00000000 00:00 0 
793e24fff000-793e25003000 ---p 00000000 00:00 0 
793e25003000-793e250ff000 rw-p 00000000 00:00 0 
793e250ff000-793e25103000 ---p 00000000 00:00 0 
793e25103000-793e251ff000 rw-p 00000000 00:00 0 
793e251ff000-793e25203000 ---p 00000000 00:00 0 
793e25203000-793e252ff000 rw-p 00000000 00:00 0 
793e252ff000-793e25303000 ---p 00000000 00:00 0 
793e25303000-793e253ff000 rw-p 00000000 00:00 0 
793e253ff000-793e25403000 ---p 00000000 00:00 0 
793e25403000-793e254ff000 rw-p 00000000 00:00 0 
793e254ff000-793e25503000 ---p 00000000 00:00 0 
793e25503000-793e255ff000 rw-p 00000000 00:00 0 
793e255ff000-793e25603000 ---p 00000000 00:00 0 
793e25603000-793e256ff000 rw-p 00000000 00:00 0 
793e256ff000-793e25703000 ---p 00000000 00:00 0 
793e25703000-793e257ff000 rw-p 00000000 00:00 0 
793e257ff000-793e25803000 ---p 00000000 00:00 0 
793e25803000-793e258ff000 rw-p 00000000 00:00 0 
793e258ff000-793e25903000 ---p 00000000 00:00 0 
793e25903000-793e259ff000 rw-p 00000000 00:00 0 
793e259ff000-793e25a03000 ---p 00000000 00:00 0 
793e25a03000-793e25aff000 rw-p 00000000 00:00 0 
793e25aff000-793e25b03000 ---p 00000000 00:00 0 
793e25b03000-793e25bff000 rw-p 00000000 00:00 0 
793e25c00000-793e25c04000 ---p 00000000 00:00 0 
793e25c04000-793e25d00000 rw-p 00000000 00:00 0 
793e25d00000-793e25d04000 ---p 00000000 00:00 0 
793e25d04000-793e25e00000 rw-p 00000000 00:00 0 
793e25e00000-793e25e04000 ---p 00000000 00:00 0 
793e25e04000-793e25f00000 rw-p 00000000 00:00 0 
793e25f00000-793e25f04000 ---p 00000000 00:00 0 
793e25f04000-793e26000000 rw-p 00000000 00:00 0 
793e26000000-793e26004000 ---p 00000000 00:00 0 
793e26004000-793e26100000 rw-p 00000000 00:00 0 
793e26100000-793e26104000 ---p 00000000 00:00 0 
793e26104000-793e26200000 rw-p 00000000 00:00 0 
793e26200000-793e26204000 ---p 00000000 00:00 0 
793e26204000-793e26300000 rw-p 00000000 00:00 0 
793e26300000-793e26304000 ---p 00000000 00:00 0 
793e26304000-793e26400000 rw-p 00000000 00:00 0 
793e26400000-793e26404000 ---p 00000000 00:00 0 
793e26404000-793e26500000 rw-p 00000000 00:00 0 
793e26500000-793e26504000 ---p 00000000 00:00 0 
793e26504000-793e26600000 rw-p 00000000 00:00 0 
793e26600000-793e26604000 ---p 00000000 00:00 0 
793e26604000-793e26700000 rw-p 00000000 00:00 0 
793e26700000-793e26704000 ---p 00000000 00:00 0 
793e26704000-793e26800000 rw-p 00000000 00:00 0 
793e26800000-793e26804000 ---p 00000000 00:00 0 
793e26804000-793e26900000 rw-p 00000000 00:00 0 
793e26900000-793e26904000 ---p 00000000 00:00 0 
793e26904000-793e26a00000 rw-p 00000000 00:00 0 
793e26a00000-793e26a04000 ---p 00000000 00:00 0 
793e26a04000-793e26b00000 rw-p 00000000 00:00 0 
793e26b00000-793e26b04000 ---p 00000000 00:00 0 
793e26b04000-793e26c00000 rw-p 00000000 00:00 0 
793e26c00000-793e26c04000 ---p 00000000 00:00 0 
793e26c04000-793e26d00000 rw-p 00000000 00:00 0 
793e26d00000-793e26d04000 ---p 00000000 00:00 0 
793e26d04000-793e26e00000 rw-p 00000000 00:00 0 
793e26e00000-793e26e04000 ---p 00000000 00:00 0 
793e26e04000-793e26f00000 rw-p 00000000 00:00 0 
793e26f00000-793e26f04000 ---p 00000000 00:00 0 
793e26f04000-793e27000000 rw-p 00000000 00:00 0 
793e27000000-793e27004000 ---p 00000000 00:00 0 
793e27004000-793e27100000 rw-p 00000000 00:00 0 
793e27100000-793e27104000 ---p 00000000 00:00 0 
793e27104000-793e27200000 rw-p 00000000 00:00 0 
793e27200000-793e27204000 ---p 00000000 00:00 0 
793e27204000-793e27300000 rw-p 00000000 00:00 0 
793e27300000-793e27304000 ---p 00000000 00:00 0 
793e27304000-793e27400000 rw-p 00000000 00:00 0 
793e27400000-793e27404000 ---p 00000000 00:00 0 
793e27404000-793e27500000 rw-p 00000000 00:00 0 
793e27500000-793e27504000 ---p 00000000 00:00 0 
793e27504000-793e27600000 rw-p 00000000 00:00 0 
793e27600000-793e27604000 ---p 00000000 00:00 0 
793e27604000-793e27700000 rw-p 00000000 00:00 0 
793e27700000-793e27704000 ---p 00000000 00:00 0 
793e27704000-793e27800000 rw-p 00000000 00:00 0 
793e27800000-793e27804000 ---p 00000000 00:00 0 
793e27804000-793e27900000 rw-p 00000000 00:00 0 
793e27900000-793e27904000 ---p 00000000 00:00 0 
793e27904000-793e27a00000 rw-p 00000000 00:00 0 
793e27a00000-793e27a04000 ---p 00000000 00:00 0 
793e27a04000-793e27b00000 rw-p 00000000 00:00 0 
793e27b00000-793e27b04000 ---p 00000000 00:00 0 
793e27b04000-793e27c00000 rw-p 00000000 00:00 0 
793e27c00000-793e27c04000 ---p 00000000 00:00 0 
793e27c04000-793e27d00000 rw-p 00000000 00:00 0 
793e27d00000-793e27d04000 ---p 00000000 00:00 0 
793e27d04000-793e27e00000 rw-p 00000000 00:00 0 
793e27e00000-793e27e04000 ---p 00000000 00:00 0 
793e27e04000-793e27f00000 rw-p 00000000 00:00 0 
793e27f00000-793e27f04000 ---p 00000000 00:00 0 
793e27f04000-793e28000000 rw-p 00000000 00:00 0 
793e28000000-793e28021000 rw-p 00000000 00:00 0 
793e28021000-793e2c000000 ---p 00000000 00:00 0 
793e2c000000-793e2c021000 rw-p 00000000 00:00 0 
793e2c021000-793e30000000 ---p 00000000 00:00 0 
793e30000000-793e30021000 rw-p 00000000 00:00 0 
793e30021000-793e34000000 ---p 00000000 00:00 0 
793e34000000-793e34021000 rw-p 00000000 00:00 0 
793e34021000-793e38000000 ---p 00000000 00:00 0 
793e38000000-793e38021000 rw-p 00000000 00:00 0 
793e38021000-793e3c000000 ---p 00000000 00:00 0 
793e3c000000-793e3c021000 rw-p 00000000 00:00 0 
793e3c021000-793e40000000 ---p 00000000 00:00 0 
793e40000000-793e4006d000 rw-p 00000000 00:00 0 
793e4006d000-793e44000000 ---p 00000000 00:00 0 
793e44000000-793e44021000 rw-p 00000000 00:00 0 
793e44021000-793e48000000 ---p 00000000 00:00 0 
793e48000000-793e48063000 rw-p 00000000 00:00 0 
793e48063000-793e4c000000 ---p 00000000 00:00 0 
793e4c000000-793e4c057000 rw-p 00000000 00:00 0 
793e4c057000-793e50000000 ---p 00000000 00:00 0 
793e50000000-793e50022000 rw-p 00000000 00:00 0 
793e50022000-793e54000000 ---p 00000000 00:00 0 
793e54000000-793e54033000 rw-p 00000000 00:00 0 
793e54033000-793e58000000 ---p 00000000 00:00 0 
793e58000000-793e581f5000 rw-p 00000000 00:00 0 
793e581f5000-793e5c000000 ---p 00000000 00:00 0 
793e5c000000-793e5c024000 rw-p 00000000 00:00 0 
793e5c024000-793e60000000 ---p 00000000 00:00 0 
793e60000000-793e60024000 rw-p 00000000 00:00 0 
793e60024000-793e64000000 ---p 00000000 00:00 0 
793e64000000-793e64021000 rw-p 00000000 00:00 0 
793e64021000-793e68000000 ---p 00000000 00:00 0 
793e68000000-793e68021000 rw-p 00000000 00:00 0 
793e68021000-793e6c000000 ---p 00000000 00:00 0 
793e6c000000-793e6f173000 rw-p 00000000 00:00 0 
793e6f173000-793e70000000 ---p 00000000 00:00 0 
793e70000000-793e7002d000 rw-p 00000000 00:00 0 
793e7002d000-793e74000000 ---p 00000000 00:00 0 
793e74000000-793e7403e000 rw-p 00000000 00:00 0 
793e7403e000-793e78000000 ---p 00000000 00:00 0 
793e78000000-793e78057000 rw-p 00000000 00:00 0 
793e78057000-793e7c000000 ---p 00000000 00:00 0 
793e7c000000-793e7c021000 rw-p 00000000 00:00 0 
793e7c021000-793e80000000 ---p 00000000 00:00 0 
793e80000000-793e80026000 rw-p 00000000 00:00 0 
793e80026000-793e84000000 ---p 00000000 00:00 0 
793e84000000-793e84021000 rw-p 00000000 00:00 0 
793e84021000-793e88000000 ---p 00000000 00:00 0 
793e88000000-793e88026000 rw-p 00000000 00:00 0 
793e88026000-793e8c000000 ---p 00000000 00:00 0 
793e8c000000-793e8c024000 rw-p 00000000 00:00 0 
793e8c024000-793e90000000 ---p 00000000 00:00 0 
793e90000000-793e90021000 rw-p 00000000 00:00 0 
793e90021000-793e94000000 ---p 00000000 00:00 0 
793e94000000-793e94021000 rw-p 00000000 00:00 0 
793e94021000-793e98000000 ---p 00000000 00:00 0 
793e98000000-793e98021000 rw-p 00000000 00:00 0 
793e98021000-793e9c000000 ---p 00000000 00:00 0 
793e9c000000-793e9c021000 rw-p 00000000 00:00 0 
793e9c021000-793ea0000000 ---p 00000000 00:00 0 
793ea0000000-793ea0103000 rw-p 00000000 00:00 0 
793ea0103000-793ea4000000 ---p 00000000 00:00 0 
793ea4000000-793ea4116000 rw-p 00000000 00:00 0 
793ea4116000-793ea8000000 ---p 00000000 00:00 0 
793ea8000000-793ea8021000 rw-p 00000000 00:00 0 
793ea8021000-793eac000000 ---p 00000000 00:00 0 
793eac000000-793eac021000 rw-p 00000000 00:00 0 
793eac021000-793eb0000000 ---p 00000000 00:00 0 
793eb0000000-793eb0021000 rw-p 00000000 00:00 0 
793eb0021000-793eb4000000 ---p 00000000 00:00 0 
793eb4000000-793eb4021000 rw-p 00000000 00:00 0 
793eb4021000-793eb8000000 ---p 00000000 00:00 0 
793eb8000000-793eb8351000 rw-p 00000000 00:00 0 
793eb8351000-793ebc000000 ---p 00000000 00:00 0 
793ebc000000-793ebc021000 rw-p 00000000 00:00 0 
793ebc021000-793ec0000000 ---p 00000000 00:00 0 
793ec0000000-793ec1056000 rw-p 00000000 00:00 0 
793ec1056000-793ec4000000 ---p 00000000 00:00 0 
793ec4000000-793ec54c5000 rw-p 00000000 00:00 0 
793ec54c5000-793ec8000000 ---p 00000000 00:00 0 
793ec8000000-793ec94dd000 rw-p 00000000 00:00 0 
793ec94dd000-793ecc000000 ---p 00000000 00:00 0 
793ecc000000-793ecd6a0000 rw-p 00000000 00:00 0 
793ecd6a0000-793ed0000000 ---p 00000000 00:00 0 
793ed0000000-793ed0080000 rw-p 00000000 00:00 0 
793ed0080000-793ed4000000 ---p 00000000 00:00 0 
793ed4000000-793ed4021000 rw-p 00000000 00:00 0 
793ed4021000-793ed8000000 ---p 00000000 00:00 0 
793ed8000000-793ed8321000 rw-p 00000000 00:00 0 
793ed8321000-793edc000000 ---p 00000000 00:00 0 
793edc000000-793edd493000 rw-p 00000000 00:00 0 
793edd493000-793ee0000000 ---p 00000000 00:00 0 
793ee0000000-793ee06d5000 rw-p 00000000 00:00 0 
793ee06d5000-793ee4000000 ---p 00000000 00:00 0 
793ee4000000-793ee46d2000 rw-p 00000000 00:00 0 
793ee46d2000-793ee8000000 ---p 00000000 00:00 0 
793ee8000000-793ee8032000 rw-p 00000000 00:00 0 
793ee8032000-793eec000000 ---p 00000000 00:00 0 
793eec000000-793eedaf5000 rw-p 00000000 00:00 0 
793eedaf5000-793ef0000000 ---p 00000000 00:00 0 
793ef0000000-793ef13ce000 rw-p 00000000 00:00 0 
793ef13ce000-793ef4000000 ---p 00000000 00:00 0 
793ef4000000-793ef5686000 rw-p 00000000 00:00 0 
793ef5686000-793ef8000000 ---p 00000000 00:00 0 
793ef8000000-793ef8093000 rw-p 00000000 00:00 0 
793ef8093000-793efc000000 ---p 00000000 00:00 0 
793efc000000-793efc087000 rw-p 00000000 00:00 0 
793efc087000-793f00000000 ---p 00000000 00:00 0 
793f00000000-793f000d1000 rw-p 00000000 00:00 0 
793f000d1000-793f04000000 ---p 00000000 00:00 0 
793f04010000-793f040bd000 r-xp 00000000 00:33 2973758                    /home/kigawa/.sdkman/candidates/java/21.0.10-tem/lib/libawt.so
793f040bd000-793f040be000 ---p 000ad000 00:33 2973758                    /home/kigawa/.sdkman/candidates/java/21.0.10-tem/lib/libawt.so
793f040be000-793f040bf000 r--p 000ad000 00:33 2973758                    /home/kigawa/.sdkman/candidates/java/21.0.10-tem/lib/libawt.so
793f040bf000-793f040ca000 rw-p 000ae000 00:33 2973758                    /home/kigawa/.sdkman/candidates/java/21.0.10-tem/lib/libawt.so
793f040ca000-793f040ef000 rw-p 00000000 00:00 0 
793f040ef000-793f040f3000 ---p 00000000 00:00 0 
793f040f3000-793f041ef000 rw-p 00000000 00:00 0 
793f041ef000-793f041f3000 ---p 00000000 00:00 0 
793f041f3000-793f042ef000 rw-p 00000000 00:00 0 
793f042ef000-793f042f3000 ---p 00000000 00:00 0 
793f042f3000-793f043ef000 rw-p 00000000 00:00 0 
793f043ef000-793f043f3000 ---p 00000000 00:00 0 
793f043f3000-793f044ef000 rw-p 00000000 00:00 0 
793f044ef000-793f044f3000 ---p 00000000 00:00 0 
793f044f3000-793f045ef000 rw-p 00000000 00:00 0 
793f045ef000-793f045f3000 ---p 00000000 00:00 0 
793f045f3000-793f046ef000 rw-p 00000000 00:00 0 
793f046ef000-793f046f3000 ---p 00000000 00:00 0 
793f046f3000-793f047ef000 rw-p 00000000 00:00 0 
793f047ef000-793f047f0000 ---p 00000000 00:00 0 
793f047f0000-793f048f0000 rw-p 00000000 00:00 0 
793f048f0000-793f048f1000 ---p 00000000 00:00 0 
793f048f1000-793f049f1000 rw-p 00000000 00:00 0 
793f049f1000-793f049f2000 ---p 00000000 00:00 0 
793f049f2000-793f04af2000 rw-p 00000000 00:00 0 
793f04af2000-793f04af6000 ---p 00000000 00:00 0 
793f04af6000-793f04bf2000 rw-p 00000000 00:00 0 
793f04bf2000-793f04bf6000 ---p 00000000 00:00 0 
793f04bf6000-793f04cf2000 rw-p 00000000 00:00 0 
793f04cf2000-793f04cf6000 ---p 00000000 00:00 0 
793f04cf6000-793f04df2000 rw-p 00000000 00:00 0 
793f04df2000-793f04df6000 ---p 00000000 00:00 0 
793f04df6000-793f04ef2000 rw-p 00000000 00:00 0 
793f04ef2000-793f04ef6000 ---p 00000000 00:00 0 
793f04ef6000-793f04ff2000 rw-p 00000000 00:00 0 
793f04ff2000-793f04ff6000 ---p 00000000 00:00 0 
793f04ff6000-793f050f2000 rw-p 00000000 00:00 0 
793f050f2000-793f050f6000 ---p 00000000 00:00 0 
793f050f6000-793f051f2000 rw-p 00000000 00:00 0 
793f051f2000-793f051f6000 ---p 00000000 00:00 0 
793f051f6000-793f052f2000 rw-p 00000000 00:00 0 
793f052f2000-793f052f6000 ---p 00000000 00:00 0 
793f052f6000-793f053f2000 rw-p 00000000 00:00 0 
793f053f2000-793f053f6000 ---p 00000000 00:00 0 
793f053f6000-793f054f2000 rw-p 00000000 00:00 0 
793f054f2000-793f054f6000 ---p 00000000 00:00 0 
793f054f6000-793f055f2000 rw-p 00000000 00:00 0 
793f055f2000-793f055f6000 ---p 00000000 00:00 0 
793f055f6000-793f056f2000 rw-p 00000000 00:00 0 
793f056f2000-793f056f6000 ---p 00000000 00:00 0 
793f056f6000-793f057f2000 rw-p 00000000 00:00 0 
793f057f2000-793f057f3000 ---p 00000000 00:00 0 
793f057f3000-793f058f3000 rw-p 00000000 00:00 0 
793f058f3000-793f058f4000 ---p 00000000 00:00 0 
793f058f4000-793f059f4000 rw-p 00000000 00:00 0 
793f059f4000-793f059f5000 ---p 00000000 00:00 0 
793f059f5000-793f05af5000 rw-p 00000000 00:00 0 
793f05af5000-793f05af6000 ---p 00000000 00:00 0 
793f05af6000-793f05bf6000 rw-p 00000000 00:00 0 
793f05bf6000-793f05bf7000 ---p 00000000 00:00 0 
793f05bf7000-793f05cf7000 rw-p 00000000 00:00 0 
793f05cf7000-793f05cf8000 ---p 00000000 00:00 0 
793f05cf8000-793f05df8000 rw-p 00000000 00:00 0 
793f05df8000-793f05df9000 ---p 00000000 00:00 0 
793f05df9000-793f05ef9000 rw-p 00000000 00:00 0 
793f05ef9000-793f05efa000 ---p 00000000 00:00 0 
793f05efa000-793f05ffa000 rw-p 00000000 00:00 0 
793f05ffa000-793f05ffb000 ---p 00000000 00:00 0 
793f05ffb000-793f060fb000 rw-p 00000000 00:00 0 
793f060fb000-793f060fc000 ---p 00000000 00:00 0 
793f060fc000-793f061fc000 rw-p 00000000 00:00 0 
793f061fc000-793f061fd000 ---p 00000000 00:00 0 
793f061fd000-793f062fd000 rw-p 00000000 00:00 0 
793f062fd000-793f062fe000 ---p 00000000 00:00 0 
793f062fe000-793f063fe000 rw-p 00000000 00:00 0 
793f063fe000-793f063ff000 ---p 00000000 00:00 0 
793f063ff000-793f064ff000 rw-p 00000000 00:00 0 
793f064ff000-793f06500000 ---p 00000000 00:00 0 
793f06500000-793f06600000 rw-p 00000000 00:00 0 
793f06600000-793f06605000 r-xp 00000000 00:33 335774                     /home/kigawa/.gradle/native/660c5614fbf4a5f2a75b1949f50a0caf5cd603558e7d8a26e50b933a0cfb79d1/linux-amd64/libnative-platform.so
793f06605000-793f06805000 ---p 00005000 00:33 335774                     /home/kigawa/.gradle/native/660c5614fbf4a5f2a75b1949f50a0caf5cd603558e7d8a26e50b933a0cfb79d1/linux-amd64/libnative-platform.so
793f06805000-793f06806000 r--p 00005000 00:33 335774                     /home/kigawa/.gradle/native/660c5614fbf4a5f2a75b1949f50a0caf5cd603558e7d8a26e50b933a0cfb79d1/linux-amd64/libnative-platform.so
793f06806000-793f06807000 rw-p 00006000 00:33 335774                     /home/kigawa/.gradle/native/660c5614fbf4a5f2a75b1949f50a0caf5cd603558e7d8a26e50b933a0cfb79d1/linux-amd64/libnative-platform.so
793f06870000-793f06874000 ---p 00000000 00:00 0 
793f06874000-793f06970000 rw-p 00000000 00:00 0 
793f06970000-793f069ac000 r--p 00000000 00:33 335814                     /home/kigawa/.gradle/native/0.2.8/x86_64-linux-gnu/libgradle-fileevents.so
793f069ac000-793f069f4000 r-xp 0003b000 00:33 335814                     /home/kigawa/.gradle/native/0.2.8/x86_64-linux-gnu/libgradle-fileevents.so
793f069f4000-793f069fd000 r--p 00082000 00:33 335814                     /home/kigawa/.gradle/native/0.2.8/x86_64-linux-gnu/libgradle-fileevents.so
793f069fd000-793f069fe000 rw-p 0008a000 00:33 335814                     /home/kigawa/.gradle/native/0.2.8/x86_64-linux-gnu/libgradle-fileevents.so
793f069fe000-793f06a00000 rw-p 00000000 00:00 0 
793f06a00000-793f06a04000 ---p 00000000 00:00 0 
793f06a04000-793f06b00000 rw-p 00000000 00:00 0 
793f06b00000-793f06b04000 ---p 00000000 00:00 0 
793f06b04000-793f06c00000 rw-p 00000000 00:00 0 
793f06c00000-793f06c04000 ---p 00000000 00:00 0 
793f06c04000-793f06d00000 rw-p 00000000 00:00 0 
793f06d00000-793f06d04000 ---p 00000000 00:00 0 
793f06d04000-793f06e00000 rw-p 00000000 00:00 0 
793f06e00000-793f06e04000 ---p 00000000 00:00 0 
793f06e04000-793f06f00000 rw-p 00000000 00:00 0 
793f06f00000-793f06f04000 ---p 00000000 00:00 0 
793f06f04000-793f07000000 rw-p 00000000 00:00 0 
793f07000000-793f07400000 rw-p 00000000 00:00 0 
793f07400000-793f07900000 rw-p 00000000 00:00 0 
793f07900000-793f07a00000 rw-p 00000000 00:00 0 
793f07a00000-793f07d80000 rw-p 00000000 00:00 0 
793f07d80000-793f07e00000 rw-p 00000000 00:00 0 
793f07e00000-793f08700000 rw-p 00000000 00:00 0 
793f08700000-793f08800000 rw-p 00000000 00:00 0 
793f08800000-793f09100000 rw-p 00000000 00:00 0 
793f09100000-793f09200000 rw-p 00000000 00:00 0 
793f09200000-793f09f00000 rw-p 00000000 00:00 0 
793f09f00000-793f0a000000 rw-p 00000000 00:00 0 
793f0a000000-793f0a700000 rw-p 00000000 00:00 0 
793f0a700000-793f0a800000 rw-p 00000000 00:00 0 
793f0a800000-793f0a980000 rw-p 00000000 00:00 0 
793f0a980000-793f0ab00000 rw-p 00000000 00:00 0 
793f0ab00000-793f0b000000 rw-p 00000000 00:00 0 
793f0b000000-793f0bc9b000 rw-p 00001000 00:33 2973800                    /home/kigawa/.sdkman/candidates/java/21.0.10-tem/lib/server/classes.jsa
793f0bc9b000-793f0c000000 ---p 00000000 00:00 0 
793f0c000000-793f0c040000 rw-p 00000000 00:00 0 
793f0c040000-793f0c080000 rw-p 00000000 00:00 0 
793f0c080000-793f0c140000 rw-p 00000000 00:00 0 
793f0c140000-793f0c180000 rw-p 00000000 00:00 0 
793f0c180000-793f0c580000 rw-p 00000000 00:00 0 
793f0c580000-793f0ca00000 rw-p 00000000 00:00 0 
793f0ca00000-793f0cb40000 rw-p 00000000 00:00 0 
793f0cb40000-793f0cb80000 rw-p 00000000 00:00 0 
793f0cb80000-793f0d140000 rw-p 00000000 00:00 0 
793f0d140000-793f0d180000 rw-p 00000000 00:00 0 
793f0d180000-793f0db00000 rw-p 00000000 00:00 0 
793f0db00000-793f0db40000 rw-p 00000000 00:00 0 
793f0db40000-793f4c000000 ---p 00000000 00:00 0 
793f4c000000-793f4c0c1000 rw-p 00000000 00:00 0 
793f4c0c1000-793f50000000 ---p 00000000 00:00 0 
793f50000000-793f50155000 rw-p 00000000 00:00 0 
793f50155000-793f54000000 ---p 00000000 00:00 0 
793f54000000-793f540ad000 rw-p 00000000 00:00 0 
793f540ad000-793f58000000 ---p 00000000 00:00 0 
793f58053000-793f58057000 ---p 00000000 00:00 0 
793f58057000-793f58075000 rw-p 00000000 00:00 0 
793f58075000-793f58079000 ---p 00000000 00:00 0 
793f58079000-793f58175000 rw-p 00000000 00:00 0 
793f58175000-793f58179000 ---p 00000000 00:00 0 
793f58179000-793f58275000 rw-p 00000000 00:00 0 
793f58275000-793f58279000 ---p 00000000 00:00 0 
793f58279000-793f58375000 rw-p 00000000 00:00 0 
793f58375000-793f58379000 ---p 00000000 00:00 0 
793f58379000-793f58475000 rw-p 00000000 00:00 0 
793f58475000-793f58479000 ---p 00000000 00:00 0 
793f58479000-793f58575000 rw-p 00000000 00:00 0 
793f58575000-793f58579000 ---p 00000000 00:00 0 
793f58579000-793f58675000 rw-p 00000000 00:00 0 
793f58675000-793f58679000 ---p 00000000 00:00 0 
793f58679000-793f58775000 rw-p 00000000 00:00 0 
793f58775000-793f58779000 ---p 00000000 00:00 0 
793f58779000-793f58875000 rw-p 00000000 00:00 0 
793f58875000-793f58879000 ---p 00000000 00:00 0 
793f58879000-793f58975000 rw-p 00000000 00:00 0 
793f58975000-793f58979000 ---p 00000000 00:00 0 
793f58979000-793f58a75000 rw-p 00000000 00:00 0 
793f58a75000-793f590f1000 r--p 00000000 00:1c 328948                     /usr/lib/locale/locale-archive
793f590f1000-793f590f2000 ---p 00000000 00:00 0 
793f590f2000-793f591f2000 rw-p 00000000 00:00 0 
793f591f2000-793f591f3000 ---p 00000000 00:00 0 
793f591f3000-793f592f3000 rw-p 00000000 00:00 0 
793f592f3000-793f592f4000 ---p 00000000 00:00 0 
793f592f4000-793f593f4000 rw-p 00000000 00:00 0 
793f593f4000-793f593f5000 ---p 00000000 00:00 0 
793f593f5000-793f594f5000 rw-p 00000000 00:00 0 
793f594f5000-793f5c0ec000 rw-p 00000000 00:00 0 
793f5c0ec000-793f60000000 ---p 00000000 00:00 0 
793f60000000-793f600c1000 rw-p 00000000 00:00 0 
793f600c1000-793f64000000 ---p 00000000 00:00 0 
793f64000000-793f6409d000 rw-p 00000000 00:00 0 
793f6409d000-793f68000000 ---p 00000000 00:00 0 
793f68007000-793f6800b000 ---p 00000000 00:00 0 
793f6800b000-793f68029000 rw-p 00000000 00:00 0 
793f68029000-793f680f7000 r-xp 00000000 00:33 2973706                    /home/kigawa/.sdkman/candidates/java/21.0.10-tem/lib/libjsvml.so
793f680f7000-793f680f8000 r--p 000cd000 00:33 2973706                    /home/kigawa/.sdkman/candidates/java/21.0.10-tem/lib/libjsvml.so
793f680f8000-793f680f9000 rw-p 000ce000 00:33 2973706                    /home/kigawa/.sdkman/candidates/java/21.0.10-tem/lib/libjsvml.so
793f680f9000-793f684fd000 rw-p 00000000 00:00 0 
793f684fd000-793f684fe000 ---p 00000000 00:00 0 
793f684fe000-793f685fe000 rw-p 00000000 00:00 0 
793f685fe000-793f685ff000 ---p 00000000 00:00 0 
793f685ff000-793f686ff000 rw-p 00000000 00:00 0 
793f686ff000-793f68700000 ---p 00000000 00:00 0 
793f68700000-793f68800000 rw-p 00000000 00:00 0 
793f68800000-793f6b850000 rwxp 00000000 00:00 0 
793f6b850000-793f6fc5f000 ---p 00000000 00:00 0 
793f6fc5f000-793f7008f000 rwxp 00000000 00:00 0 
793f7008f000-793f703a0000 ---p 00000000 00:00 0 
793f703a0000-793f71120000 rwxp 00000000 00:00 0 
793f71120000-793f77800000 ---p 00000000 00:00 0 
793f7780a000-793f77811000 r-xp 00000000 00:33 2973698                    /home/kigawa/.sdkman/candidates/java/21.0.10-tem/lib/libawt_headless.so
793f77811000-793f77812000 r--p 00006000 00:33 2973698                    /home/kigawa/.sdkman/candidates/java/21.0.10-tem/lib/libawt_headless.so
793f77812000-793f77813000 rw-p 00007000 00:33 2973698                    /home/kigawa/.sdkman/candidates/java/21.0.10-tem/lib/libawt_headless.so
793f77813000-793f77834000 r--p 00000000 00:1c 270032                     /usr/share/locale-langpack/ja/LC_MESSAGES/libc.mo
793f77834000-793f7783b000 r--s 00000000 00:1c 285584                     /usr/lib/x86_64-linux-gnu/gconv/gconv-modules.cache
793f7783b000-793f7783d000 r-xp 00000000 00:33 2973708                    /home/kigawa/.sdkman/candidates/java/21.0.10-tem/lib/libextnet.so
793f7783d000-793f7783e000 r--p 00001000 00:33 2973708                    /home/kigawa/.sdkman/candidates/java/21.0.10-tem/lib/libextnet.so
793f7783e000-793f7783f000 rw-p 00002000 00:33 2973708                    /home/kigawa/.sdkman/candidates/java/21.0.10-tem/lib/libextnet.so
793f7783f000-793f77845000 r-xp 00000000 00:33 2973738                    /home/kigawa/.sdkman/candidates/java/21.0.10-tem/lib/libmanagement_ext.so
793f77845000-793f77846000 r--p 00005000 00:33 2973738                    /home/kigawa/.sdkman/candidates/java/21.0.10-tem/lib/libmanagement_ext.so
793f77846000-793f77847000 rw-p 00006000 00:33 2973738                    /home/kigawa/.sdkman/candidates/java/21.0.10-tem/lib/libmanagement_ext.so
793f77847000-793f7784b000 r-xp 00000000 00:33 2973736                    /home/kigawa/.sdkman/candidates/java/21.0.10-tem/lib/libmanagement.so
793f7784b000-793f7784c000 r--p 00003000 00:33 2973736                    /home/kigawa/.sdkman/candidates/java/21.0.10-tem/lib/libmanagement.so
793f7784c000-793f7784d000 rw-p 00004000 00:33 2973736                    /home/kigawa/.sdkman/candidates/java/21.0.10-tem/lib/libmanagement.so
793f7784d000-793f7785a000 r-xp 00000000 00:33 2973716                    /home/kigawa/.sdkman/candidates/java/21.0.10-tem/lib/libverify.so
793f7785a000-793f7785c000 r--p 0000c000 00:33 2973716                    /home/kigawa/.sdkman/candidates/java/21.0.10-tem/lib/libverify.so
793f7785c000-793f7785d000 rw-p 0000e000 00:33 2973716                    /home/kigawa/.sdkman/candidates/java/21.0.10-tem/lib/libverify.so
793f7785d000-793f77869000 r-xp 00000000 00:33 2973700                    /home/kigawa/.sdkman/candidates/java/21.0.10-tem/lib/libnet.so
793f77869000-793f7786a000 r--p 0000b000 00:33 2973700                    /home/kigawa/.sdkman/candidates/java/21.0.10-tem/lib/libnet.so
793f7786a000-793f7786b000 rw-p 0000c000 00:33 2973700                    /home/kigawa/.sdkman/candidates/java/21.0.10-tem/lib/libnet.so
793f7786b000-793f80000000 r--s 00000000 00:33 2973664                    /home/kigawa/.sdkman/candidates/java/21.0.10-tem/lib/modules
793f80000000-793f817b2000 rw-p 00000000 00:00 0 
793f817b2000-793f84000000 ---p 00000000 00:00 0 
793f84002000-793f8401d000 r-xp 00000000 00:33 2973760                    /home/kigawa/.sdkman/candidates/java/21.0.10-tem/lib/libzip.so
793f8401d000-793f8401e000 r--p 0001a000 00:33 2973760                    /home/kigawa/.sdkman/candidates/java/21.0.10-tem/lib/libzip.so
793f8401e000-793f8401f000 rw-p 0001b000 00:33 2973760                    /home/kigawa/.sdkman/candidates/java/21.0.10-tem/lib/libzip.so
793f8401f000-793f84a4c000 rw-p 00000000 00:00 0 
793f84a4c000-793f84e64000 ---p 00000000 00:00 0 
793f84e64000-793f84e68000 rw-p 00000000 00:00 0 
793f84e68000-793f84fac000 ---p 00000000 00:00 0 
793f84fac000-793f84fb0000 rw-p 00000000 00:00 0 
793f84fb0000-793f861b0000 ---p 00000000 00:00 0 
793f861b0000-793f8630a000 rw-p 00000000 00:00 0 
793f8630a000-793f8638c000 ---p 00000000 00:00 0 
793f8638c000-793f8638d000 rw-p 00000000 00:00 0 
793f8638d000-793f863b5000 ---p 00000000 00:00 0 
793f863b5000-793f863b6000 rw-p 00000000 00:00 0 
793f863b6000-793f865f6000 ---p 00000000 00:00 0 
793f865f6000-793f8670a000 rw-p 00000000 00:00 0 
793f8670a000-793f8678c000 ---p 00000000 00:00 0 
793f8678c000-793f8678d000 rw-p 00000000 00:00 0 
793f8678d000-793f867b5000 ---p 00000000 00:00 0 
793f867b5000-793f867b6000 rw-p 00000000 00:00 0 
793f867b6000-793f869f6000 ---p 00000000 00:00 0 
793f869f6000-793f86a00000 rw-p 00000000 00:00 0 
793f86a00000-793f86a01000 r-xp 00000000 00:33 2973810                    /home/kigawa/.sdkman/candidates/java/21.0.10-tem/lib/librmi.so
793f86a01000-793f86a02000 r--p 00000000 00:33 2973810                    /home/kigawa/.sdkman/candidates/java/21.0.10-tem/lib/librmi.so
793f86a02000-793f86a03000 rw-p 00001000 00:33 2973810                    /home/kigawa/.sdkman/candidates/java/21.0.10-tem/lib/librmi.so
793f86a03000-793f86a17000 r-xp 00000000 00:33 2973710                    /home/kigawa/.sdkman/candidates/java/21.0.10-tem/lib/libnio.so
793f86a17000-793f86a18000 r--p 00013000 00:33 2973710                    /home/kigawa/.sdkman/candidates/java/21.0.10-tem/lib/libnio.so
793f86a18000-793f86a19000 rw-p 00014000 00:33 2973710                    /home/kigawa/.sdkman/candidates/java/21.0.10-tem/lib/libnio.so
793f86a5a000-793f87984000 rw-p 00000000 00:00 0 
793f87984000-793f87a52000 ---p 00000000 00:00 0 
793f87a52000-793f87ab3000 rw-p 00000000 00:00 0 
793f87ab3000-793f87b3b000 ---p 00000000 00:00 0 
793f87b3b000-793f87b44000 rw-p 00000000 00:00 0 
793f87b44000-793f87b4a000 ---p 00000000 00:00 0 
793f87b4a000-793f87b6b000 r-xp 00000000 00:33 2973794                    /home/kigawa/.sdkman/candidates/java/21.0.10-tem/lib/libjava.so
793f87b6b000-793f87b6c000 r--p 00020000 00:33 2973794                    /home/kigawa/.sdkman/candidates/java/21.0.10-tem/lib/libjava.so
793f87b6c000-793f87b6d000 rw-p 00021000 00:33 2973794                    /home/kigawa/.sdkman/candidates/java/21.0.10-tem/lib/libjava.so
793f87b6d000-793f87b6e000 rw-p 00000000 00:00 0 
793f87b6e000-793f87b89000 r-xp 00000000 00:33 2973774                    /home/kigawa/.sdkman/candidates/java/21.0.10-tem/lib/libjimage.so
793f87b89000-793f87b8a000 ---p 0001b000 00:33 2973774                    /home/kigawa/.sdkman/candidates/java/21.0.10-tem/lib/libjimage.so
793f87b8a000-793f87b8c000 r--p 0001b000 00:33 2973774                    /home/kigawa/.sdkman/candidates/java/21.0.10-tem/lib/libjimage.so
793f87b8c000-793f87b8d000 rw-p 0001d000 00:33 2973774                    /home/kigawa/.sdkman/candidates/java/21.0.10-tem/lib/libjimage.so
793f87b8d000-793f87b91000 ---p 00000000 00:00 0 
793f87b91000-793f87c8d000 rw-p 00000000 00:00 0 
793f87c8d000-793f87c9d000 r--p 00000000 00:1c 283182                     /usr/lib/x86_64-linux-gnu/libm.so.6
793f87c9d000-793f87d1c000 r-xp 00010000 00:1c 283182                     /usr/lib/x86_64-linux-gnu/libm.so.6
793f87d1c000-793f87d74000 r--p 0008f000 00:1c 283182                     /usr/lib/x86_64-linux-gnu/libm.so.6
793f87d74000-793f87d75000 r--p 000e7000 00:1c 283182                     /usr/lib/x86_64-linux-gnu/libm.so.6
793f87d75000-793f87d76000 rw-p 000e8000 00:1c 283182                     /usr/lib/x86_64-linux-gnu/libm.so.6
793f87d76000-793f87d77000 r--p 00000000 00:1c 285590                     /usr/lib/x86_64-linux-gnu/librt.so.1
793f87d77000-793f87d78000 r-xp 00001000 00:1c 285590                     /usr/lib/x86_64-linux-gnu/librt.so.1
793f87d78000-793f87d79000 r--p 00002000 00:1c 285590                     /usr/lib/x86_64-linux-gnu/librt.so.1
793f87d79000-793f87d7a000 r--p 00002000 00:1c 285590                     /usr/lib/x86_64-linux-gnu/librt.so.1
793f87d7a000-793f87d7b000 rw-p 00003000 00:1c 285590                     /usr/lib/x86_64-linux-gnu/librt.so.1
793f87d7b000-793f89198000 r-xp 00000000 00:33 2973806                    /home/kigawa/.sdkman/candidates/java/21.0.10-tem/lib/server/libjvm.so
793f89198000-793f8926d000 r--p 0141c000 00:33 2973806                    /home/kigawa/.sdkman/candidates/java/21.0.10-tem/lib/server/libjvm.so
793f8926d000-793f8929d000 rw-p 014f1000 00:33 2973806                    /home/kigawa/.sdkman/candidates/java/21.0.10-tem/lib/server/libjvm.so
793f8929d000-793f89305000 rw-p 00000000 00:00 0 
793f89305000-793f8932d000 r--p 00000000 00:1c 283180                     /usr/lib/x86_64-linux-gnu/libc.so.6
793f8932d000-793f894b5000 r-xp 00028000 00:1c 283180                     /usr/lib/x86_64-linux-gnu/libc.so.6
793f894b5000-793f89504000 r--p 001b0000 00:1c 283180                     /usr/lib/x86_64-linux-gnu/libc.so.6
793f89504000-793f89508000 r--p 001fe000 00:1c 283180                     /usr/lib/x86_64-linux-gnu/libc.so.6
793f89508000-793f8950a000 rw-p 00202000 00:1c 283180                     /usr/lib/x86_64-linux-gnu/libc.so.6
793f8950a000-793f89517000 rw-p 00000000 00:00 0 
793f89517000-793f89518000 r--p 00000000 00:1c 273894                     /usr/lib/x86_64-linux-gnu/libdl.so.2
793f89518000-793f89519000 r-xp 00001000 00:1c 273894                     /usr/lib/x86_64-linux-gnu/libdl.so.2
793f89519000-793f8951a000 r--p 00002000 00:1c 273894                     /usr/lib/x86_64-linux-gnu/libdl.so.2
793f8951a000-793f8951b000 r--p 00002000 00:1c 273894                     /usr/lib/x86_64-linux-gnu/libdl.so.2
793f8951b000-793f8951c000 rw-p 00003000 00:1c 273894                     /usr/lib/x86_64-linux-gnu/libdl.so.2
793f8951c000-793f8951d000 r--p 00000000 00:1c 279400                     /usr/lib/x86_64-linux-gnu/libpthread.so.0
793f8951d000-793f8951e000 r-xp 00001000 00:1c 279400                     /usr/lib/x86_64-linux-gnu/libpthread.so.0
793f8951e000-793f8951f000 r--p 00002000 00:1c 279400                     /usr/lib/x86_64-linux-gnu/libpthread.so.0
793f8951f000-793f89520000 r--p 00002000 00:1c 279400                     /usr/lib/x86_64-linux-gnu/libpthread.so.0
793f89520000-793f89521000 rw-p 00003000 00:1c 279400                     /usr/lib/x86_64-linux-gnu/libpthread.so.0
793f89523000-793f8952b000 rw-s 00000000 00:1c 905774                     /tmp/hsperfdata_kigawa/1068445
793f8952b000-793f89535000 r-xp 00000000 00:33 2973730                    /home/kigawa/.sdkman/candidates/java/21.0.10-tem/lib/libinstrument.so
793f89535000-793f89536000 ---p 0000a000 00:33 2973730                    /home/kigawa/.sdkman/candidates/java/21.0.10-tem/lib/libinstrument.so
793f89536000-793f89537000 r--p 0000a000 00:33 2973730                    /home/kigawa/.sdkman/candidates/java/21.0.10-tem/lib/libinstrument.so
793f89537000-793f89538000 rw-p 0000b000 00:33 2973730                    /home/kigawa/.sdkman/candidates/java/21.0.10-tem/lib/libinstrument.so
793f89538000-793f89539000 ---p 00000000 00:00 0 
793f89539000-793f8953a000 r--p 00000000 00:00 0 
793f8953a000-793f8953b000 ---p 00000000 00:00 0 
793f8953b000-793f89554000 r-xp 00000000 00:33 2973788                    /home/kigawa/.sdkman/candidates/java/21.0.10-tem/lib/libjli.so
793f89554000-793f89555000 r--p 00018000 00:33 2973788                    /home/kigawa/.sdkman/candidates/java/21.0.10-tem/lib/libjli.so
793f89555000-793f89556000 rw-p 00019000 00:33 2973788                    /home/kigawa/.sdkman/candidates/java/21.0.10-tem/lib/libjli.so
793f89556000-793f89558000 rw-p 00000000 00:00 0 
793f89558000-793f8955c000 r--p 00000000 00:00 0                          [vvar]
793f8955c000-793f8955e000 r--p 00000000 00:00 0                          [vvar_vclock]
793f8955e000-793f89560000 r-xp 00000000 00:00 0                          [vdso]
793f89560000-793f89561000 r--p 00000000 00:1c 283174                     /usr/lib/x86_64-linux-gnu/ld-linux-x86-64.so.2
793f89561000-793f8958c000 r-xp 00001000 00:1c 283174                     /usr/lib/x86_64-linux-gnu/ld-linux-x86-64.so.2
793f8958c000-793f89596000 r--p 0002c000 00:1c 283174                     /usr/lib/x86_64-linux-gnu/ld-linux-x86-64.so.2
793f89596000-793f89598000 r--p 00036000 00:1c 283174                     /usr/lib/x86_64-linux-gnu/ld-linux-x86-64.so.2
793f89598000-793f8959a000 rw-p 00038000 00:1c 283174                     /usr/lib/x86_64-linux-gnu/ld-linux-x86-64.so.2
7ffeb12c2000-7ffeb12e4000 rw-p 00000000 00:00 0                          [stack]
ffffffffff600000-ffffffffff601000 --xp 00000000 00:00 0                  [vsyscall]
Total number of mappings: 947

JVMTI agents:
/home/kigawa/.gradle/wrapper/dists/gradle-9.2.1-bin/2t0n5ozlw9xmuyvbp7dnzaxug/gradle-9.2.1/lib/agents/gradle-instrumentation-agent-9.2.1.jar path:none, loaded, initialized, instrumentlib options:none


VM Arguments:
jvm_args: --add-opens=java.base/java.lang=ALL-UNNAMED --add-opens=java.base/java.lang.invoke=ALL-UNNAMED --add-opens=java.base/java.util=ALL-UNNAMED --add-opens=java.prefs/java.util.prefs=ALL-UNNAMED --add-exports=jdk.compiler/com.sun.tools.javac.api=ALL-UNNAMED --add-exports=jdk.compiler/com.sun.tools.javac.util=ALL-UNNAMED --add-opens=java.base/java.util=ALL-UNNAMED --add-opens=java.prefs/java.util.prefs=ALL-UNNAMED --add-opens=java.base/java.nio.charset=ALL-UNNAMED --add-opens=java.base/java.net=ALL-UNNAMED --add-opens=java.base/java.util.concurrent=ALL-UNNAMED --add-opens=java.base/java.util.concurrent.atomic=ALL-UNNAMED --add-opens=java.xml/javax.xml.namespace=ALL-UNNAMED --add-opens=java.base/java.time=ALL-UNNAMED -Xmx2048m -Dfile.encoding=UTF-8 -Duser.country=JP -Duser.language=ja -Duser.variant -javaagent:/home/kigawa/.gradle/wrapper/dists/gradle-9.2.1-bin/2t0n5ozlw9xmuyvbp7dnzaxug/gradle-9.2.1/lib/agents/gradle-instrumentation-agent-9.2.1.jar 
java_command: org.gradle.launcher.daemon.bootstrap.GradleDaemon 9.2.1
java_class_path (initial): /home/kigawa/.gradle/wrapper/dists/gradle-9.2.1-bin/2t0n5ozlw9xmuyvbp7dnzaxug/gradle-9.2.1/lib/gradle-daemon-main-9.2.1.jar
Launcher Type: SUN_STANDARD

[Global flags]
     intx CICompilerCount                          = 12                                        {product} {ergonomic}
     uint ConcGCThreads                            = 4                                         {product} {ergonomic}
     uint G1ConcRefinementThreads                  = 15                                        {product} {ergonomic}
   size_t G1HeapRegionSize                         = 1048576                                   {product} {ergonomic}
    uintx GCDrainStackTargetSize                   = 64                                        {product} {ergonomic}
   size_t InitialHeapSize                          = 918552576                                 {product} {ergonomic}
   size_t MarkStackSize                            = 4194304                                   {product} {ergonomic}
   size_t MaxHeapSize                              = 2147483648                                {product} {command line}
   size_t MaxNewSize                               = 1287651328                                {product} {ergonomic}
   size_t MinHeapDeltaBytes                        = 1048576                                   {product} {ergonomic}
   size_t MinHeapSize                              = 8388608                                   {product} {ergonomic}
    uintx NonNMethodCodeHeapSize                   = 7602480                                {pd product} {ergonomic}
    uintx NonProfiledCodeHeapSize                  = 122027880                              {pd product} {ergonomic}
    uintx ProfiledCodeHeapSize                     = 122027880                              {pd product} {ergonomic}
    uintx ReservedCodeCacheSize                    = 251658240                              {pd product} {ergonomic}
     bool SegmentedCodeCache                       = true                                      {product} {ergonomic}
   size_t SoftMaxHeapSize                          = 2147483648                             {manageable} {ergonomic}
     bool UseCompressedOops                        = true                           {product lp64_product} {ergonomic}
     bool UseG1GC                                  = true                                      {product} {ergonomic}

Logging:
Log output configuration:
 #0: stdout all=warning uptime,level,tags foldmultilines=false
 #1: stderr all=off uptime,level,tags foldmultilines=false

Release file:
IMPLEMENTOR="Eclipse Adoptium"
IMPLEMENTOR_VERSION="Temurin-21.0.10+7"
JAVA_RUNTIME_VERSION="21.0.10+7-LTS"
JAVA_VERSION="21.0.10"
JAVA_VERSION_DATE="2026-01-20"
LIBC="gnu"
MODULES="java.base java.compiler java.datatransfer java.xml java.prefs java.desktop java.instrument java.logging java.management java.security.sasl java.naming java.rmi java.management.rmi java.net.http java.scripting java.security.jgss java.transaction.xa java.sql java.sql.rowset java.xml.crypto java.se java.smartcardio jdk.accessibility jdk.internal.jvmstat jdk.attach jdk.charsets jdk.internal.opt jdk.zipfs jdk.compiler jdk.crypto.ec jdk.crypto.cryptoki jdk.dynalink jdk.internal.ed jdk.editpad jdk.hotspot.agent jdk.httpserver jdk.incubator.vector jdk.internal.le jdk.internal.vm.ci jdk.internal.vm.compiler jdk.internal.vm.compiler.management jdk.jartool jdk.javadoc jdk.jcmd jdk.management jdk.management.agent jdk.jconsole jdk.jdeps jdk.jdwp.agent jdk.jdi jdk.jfr jdk.jlink jdk.jpackage jdk.jshell jdk.jsobject jdk.jstatd jdk.localedata jdk.management.jfr jdk.naming.dns jdk.naming.rmi jdk.net jdk.nio.mapmode jdk.random jdk.sctp jdk.security.auth jdk.security.jgss jdk.unsupported jdk.unsupported.desktop jdk.xml.dom"
OS_ARCH="x86_64"
OS_NAME="Linux"
SOURCE=".:git:a633eafe0fcc"
BUILD_SOURCE="git:458965074606f027bd5afce2cfd5c1055dea0438"
BUILD_SOURCE_REPO="https://github.com/adoptium/temurin-build.git"
SOURCE_REPO="https://github.com/adoptium/jdk21u.git"
FULL_VERSION="21.0.10+7-LTS"
SEMANTIC_VERSION="21.0.10+7"
BUILD_INFO="OS: Linux Version: 6.8.0-1044-azure"
JVM_VARIANT="Hotspot"
JVM_VERSION="21.0.10+7-LTS"
IMAGE_TYPE="JDK"

Environment Variables:
JAVA_HOME=/home/kigawa/.sdkman/candidates/java/current
PATH=/home/kigawa/.local/bin:/home/kigawa/bin:/tank/var/user/dev/kigawa/kutil-bash/bin:/home/kigawa/.opencode/bin:/home/kigawa/.local/bin:/tank/var/user/dev/kigawa/kutil-bash/bin:/home/kigawa/.opencode/bin:/home/kigawa/.local/bin:/home/kigawa/.sdkman/candidates/kotlin/current/bin:/home/kigawa/.sdkman/candidates/java/current/bin:/home/kigawa/.local/bin:/home/kigawa/bin:/home/kigawa/.nvm/versions/node/v24.15.0/bin:/home/kigawa/.local/bin:/home/kigawa/bin:/usr/local/sbin:/usr/local/bin:/usr/sbin:/usr/bin:/sbin:/bin:/usr/games:/usr/local/games:/snap/bin:/snap/bin:/home/kigawa/.dotnet/tools:/home/kigawa/.local/share/JetBrains/Toolbox/scripts:/home/kigawa/.lmstudio/bin:/home/kigawa/.local/share/JetBrains/Toolbox/scripts:/home/kigawa/.lmstudio/bin:/usr/local/go/bin:/home/kigawa/go/bin:/home/kigawa/.lmstudio/bin:/usr/local/go/bin:/home/kigawa/go/bin:/home/kigawa/.lmstudio/bin:/home/kigawa/.local/share/JetBrains/Toolbox/scripts:/home/kigawa/.lmstudio/bin
USERNAME=kigawa
SHELL=/bin/bash
DISPLAY=:1
LANG=ja_JP.UTF-8
LC_NUMERIC=ja_JP.UTF-8
LC_TIME=ja_JP.UTF-8
TERM=tmux-256color

Active Locale:
LC_ALL=ja_JP.UTF-8
LC_COLLATE=ja_JP.UTF-8
LC_CTYPE=ja_JP.UTF-8
LC_MESSAGES=ja_JP.UTF-8
LC_MONETARY=ja_JP.UTF-8
LC_NUMERIC=ja_JP.UTF-8
LC_TIME=ja_JP.UTF-8

Signal Handlers:
   SIGSEGV: crash_handler in libjvm.so, mask=11100100010111111101111111111110, flags=SA_RESTART|SA_SIGINFO, unblocked
    SIGBUS: crash_handler in libjvm.so, mask=11100100010111111101111111111110, flags=SA_RESTART|SA_SIGINFO, unblocked
    SIGFPE: crash_handler in libjvm.so, mask=11100100010111111101111111111110, flags=SA_RESTART|SA_SIGINFO, unblocked
   SIGPIPE: javaSignalHandler in libjvm.so, mask=11100100010111111101111111111110, flags=SA_RESTART|SA_SIGINFO, blocked
   SIGXFSZ: javaSignalHandler in libjvm.so, mask=11100100010111111101111111111110, flags=SA_RESTART|SA_SIGINFO, blocked
    SIGILL: crash_handler in libjvm.so, mask=11100100010111111101111111111110, flags=SA_RESTART|SA_SIGINFO, unblocked
   SIGUSR2: SR_handler in libjvm.so, mask=00000000000000000000000000000000, flags=SA_RESTART|SA_SIGINFO, blocked
    SIGHUP: UserHandler in libjvm.so, mask=11100100010111111101111111111110, flags=SA_RESTART|SA_SIGINFO, blocked
    SIGINT: UserHandler in libjvm.so, mask=11100100010111111101111111111110, flags=SA_RESTART|SA_SIGINFO, blocked
   SIGTERM: UserHandler in libjvm.so, mask=11100100010111111101111111111110, flags=SA_RESTART|SA_SIGINFO, blocked
   SIGQUIT: UserHandler in libjvm.so, mask=11100100010111111101111111111110, flags=SA_RESTART|SA_SIGINFO, blocked
   SIGTRAP: crash_handler in libjvm.so, mask=11100100010111111101111111111110, flags=SA_RESTART|SA_SIGINFO, unblocked


Periodic native trim disabled

---------------  S Y S T E M  ---------------

OS:
DISTRIB_ID=Ubuntu
DISTRIB_RELEASE=24.04
DISTRIB_CODENAME=noble
DISTRIB_DESCRIPTION="Ubuntu 24.04.4 LTS"
uname: Linux 6.17.0-19-generic #19~24.04.2-Ubuntu SMP PREEMPT_DYNAMIC Fri Mar  6 23:08:46 UTC 2 x86_64
OS uptime: 8 days 8:31 hours
libc: glibc 2.39 NPTL 2.39 
rlimit (soft/hard): STACK 12500k/infinity , CORE 0k/infinity , NPROC 222634/222634 , NOFILE 1048576/1048576 , AS infinity/infinity , CPU infinity/infinity , DATA infinity/infinity , FSIZE infinity/infinity , MEMLOCK 7161168k/7161168k
load average: 3.53 3.31 5.34

/proc/meminfo:
MemTotal:       57289360 kB
MemFree:          585760 kB
MemAvailable:    8532384 kB
Buffers:            1852 kB
Cached:          5165784 kB
SwapCached:       694112 kB
Active:         16673460 kB
Inactive:       11018504 kB
Active(anon):   14337948 kB
Inactive(anon):  8353620 kB
Active(file):    2335512 kB
Inactive(file):  2664884 kB
Unevictable:       13624 kB
Mlocked:           13624 kB
SwapTotal:      25165816 kB
SwapFree:       15921820 kB
Zswap:                 0 kB
Zswapped:              0 kB
Dirty:               796 kB
Writeback:             0 kB
AnonPages:      22453680 kB
Mapped:          4161536 kB
Shmem:            186772 kB
KReclaimable:    4143992 kB
Slab:           11338580 kB
SReclaimable:    4143992 kB
SUnreclaim:      7194588 kB
KernelStack:       81872 kB
PageTables:       258908 kB
SecPageTables:      6860 kB
NFS_Unstable:          0 kB
Bounce:                0 kB
WritebackTmp:          0 kB
CommitLimit:    53810496 kB
Committed_AS:   60653260 kB
VmallocTotal:   34359738367 kB
VmallocUsed:     1539352 kB
VmallocChunk:          0 kB
Percpu:            37920 kB
HardwareCorrupted:     0 kB
AnonHugePages:      2048 kB
ShmemHugePages:        0 kB
ShmemPmdMapped:        0 kB
FileHugePages:         0 kB
FilePmdMapped:         0 kB
CmaTotal:              0 kB
CmaFree:               0 kB
Unaccepted:            0 kB
Balloon:               0 kB
HugePages_Total:       0
HugePages_Free:        0
HugePages_Rsvd:        0
HugePages_Surp:        0
Hugepagesize:       2048 kB
Hugetlb:               0 kB
DirectMap4k:    21529088 kB
DirectMap2M:    35846144 kB
DirectMap1G:     2097152 kB

/sys/kernel/mm/transparent_hugepage/enabled: always [madvise] never
/sys/kernel/mm/transparent_hugepage/hpage_pmd_size: 2097152
/sys/kernel/mm/transparent_hugepage/defrag (defrag/compaction efforts parameter): always defer defer+madvise [madvise] never

Process Memory:
Virtual Size: 14701996K (peak: 14834516K)
Resident Set Size: 1267124K (peak: 1267124K) (anon: 1245156K, file: 21968K, shmem: 0K)
Swapped out: 0K
C-Heap outstanding allocations: 242281K, retained: 211298K
glibc malloc tunables: (default)

/proc/sys/kernel/threads-max (system-wide limit on the number of threads): 445269
/proc/sys/vm/max_map_count (maximum number of memory map areas a process may have): 1048576
/proc/sys/vm/swappiness (control to define how aggressively the kernel swaps out anonymous memory): 60
/proc/sys/kernel/pid_max (system-wide limit on number of process identifiers): 4194304

container information not found.
Steal ticks since vm start: 0
Steal ticks percentage since vm start:  0.000

CPU: total 20 (initial active 20) (10 cores per cpu, 2 threads per core) family 6 model 151 stepping 2 microcode 0x3e, cx8, cmov, fxsr, ht, mmx, 3dnowpref, sse, sse2, sse3, ssse3, sse4.1, sse4.2, popcnt, lzcnt, tsc, tscinvbit, avx, avx2, aes, erms, clmul, bmi1, bmi2, adx, sha, fma, vzeroupper, clflush, clflushopt, clwb, serialize, rdtscp, rdpid, fsrm, f16c, pku, ospke, cet_ibt, cet_ss
CPU Model and flags from /proc/cpuinfo:
model name	: 12th Gen Intel(R) Core(TM) i7-12700
flags		: fpu vme de pse tsc msr pae mce cx8 apic sep mtrr pge mca cmov pat pse36 clflush dts acpi mmx fxsr sse sse2 ss ht tm pbe syscall nx pdpe1gb rdtscp lm constant_tsc art arch_perfmon pebs bts rep_good nopl xtopology nonstop_tsc cpuid aperfmperf tsc_known_freq pni pclmulqdq dtes64 monitor ds_cpl vmx smx est tm2 ssse3 sdbg fma cx16 xtpr pdcm pcid sse4_1 sse4_2 x2apic movbe popcnt tsc_deadline_timer aes xsave avx f16c rdrand lahf_lm abm 3dnowprefetch cpuid_fault epb ssbd ibrs ibpb stibp ibrs_enhanced tpr_shadow flexpriority ept vpid ept_ad fsgsbase tsc_adjust bmi1 avx2 smep bmi2 erms invpcid rdseed adx smap clflushopt clwb intel_pt sha_ni xsaveopt xsavec xgetbv1 xsaves split_lock_detect user_shstk avx_vnni dtherm ida arat pln pts hwp hwp_notify hwp_act_window hwp_epp hwp_pkg_req hfi vnmi umip pku ospke waitpkg gfni vaes vpclmulqdq rdpid movdiri movdir64b fsrm md_clear serialize pconfig arch_lbr ibt flush_l1d arch_capabilities

Online cpus: 0-19
Offline cpus: 
BIOS frequency limitation: <Not Available>
Frequency switch latency (ns): 0
Available cpu frequencies: <Not Available>
Current governor: powersave
Core performance/turbo boost: <Not Available>

Memory: 4k page, physical 57289360k(8532888k free), swap 25165816k(15921820k free)
Page Sizes: 4k

vm_info: OpenJDK 64-Bit Server VM (21.0.10+7-LTS) for linux-amd64 JRE (21.0.10+7-LTS), built on 2026-01-20T00:00:00Z by "admin" with gcc 11.3.0

END.
