#
# A fatal error has been detected by the Java Runtime Environment:
#
#  SIGSEGV (0xb) at pc=0x000070013fdbe25c, pid=1074231, tid=1074299
#
# JRE version: OpenJDK Runtime Environment Temurin-21.0.10+7 (21.0.10+7) (build 21.0.10+7-LTS)
# Java VM: OpenJDK 64-Bit Server VM Temurin-21.0.10+7 (21.0.10+7-LTS, mixed mode, sharing, tiered, compressed oops, compressed class ptrs, g1 gc, linux-amd64)
# Problematic frame:
# V  [libjvm.so+0x81f25c]  G1ParScanThreadState::trim_queue_to_threshold(unsigned int)+0x173c
#
# Core dump will be written. Default location: Core dumps may be processed with "/usr/share/apport/apport -p%p -s%s -c%c -d%d -P%P -u%u -g%g -F%F -- %E" (or dumping to /tank/var/user/dev/kigawa-net/kalender/core.1074231)
#
# If you would like to submit a bug report, please visit:
#   https://github.com/adoptium/adoptium-support/issues
#

---------------  S U M M A R Y ------------

Command Line: --add-opens=java.base/java.lang=ALL-UNNAMED --add-opens=java.base/java.lang.invoke=ALL-UNNAMED --add-opens=java.base/java.util=ALL-UNNAMED --add-opens=java.prefs/java.util.prefs=ALL-UNNAMED --add-exports=jdk.compiler/com.sun.tools.javac.api=ALL-UNNAMED --add-exports=jdk.compiler/com.sun.tools.javac.util=ALL-UNNAMED --add-opens=java.base/java.util=ALL-UNNAMED --add-opens=java.prefs/java.util.prefs=ALL-UNNAMED --add-opens=java.base/java.nio.charset=ALL-UNNAMED --add-opens=java.base/java.net=ALL-UNNAMED --add-opens=java.base/java.util.concurrent=ALL-UNNAMED --add-opens=java.base/java.util.concurrent.atomic=ALL-UNNAMED --add-opens=java.xml/javax.xml.namespace=ALL-UNNAMED --add-opens=java.base/java.time=ALL-UNNAMED -Xmx2048m -Dfile.encoding=UTF-8 -Duser.country=JP -Duser.language=ja -Duser.variant -javaagent:/home/kigawa/.gradle/wrapper/dists/gradle-9.2.1-bin/2t0n5ozlw9xmuyvbp7dnzaxug/gradle-9.2.1/lib/agents/gradle-instrumentation-agent-9.2.1.jar org.gradle.launcher.daemon.bootstrap.GradleDaemon 9.2.1

Host: 12th Gen Intel(R) Core(TM) i7-12700, 20 cores, 54G, Ubuntu 24.04.4 LTS
Time: Fri May 29 11:49:17 2026 JST elapsed time: 2380.091850 seconds (0d 0h 39m 40s)

---------------  T H R E A D  ---------------

Current thread (0x00007000b400beb0):  WorkerThread "GC Thread#5"    [id=1074299, stack(0x00007000c59fc000,0x00007000c5afc000) (1024K)]

Stack: [0x00007000c59fc000,0x00007000c5afc000],  sp=0x00007000c5afa9a0,  free space=1018k
Native frames: (J=compiled Java code, j=interpreted, Vv=VM code, C=native code)
V  [libjvm.so+0x81f25c]  G1ParScanThreadState::trim_queue_to_threshold(unsigned int)+0x173c
V  [libjvm.so+0x84130e]  G1ParCopyClosure<(G1Barrier)1, false>::do_oop(oopDesc**)+0xde
V  [libjvm.so+0x628600]  ClassLoaderData::oops_do(OopClosure*, int, bool)+0xc0
V  [libjvm.so+0x81a3b9]  G1CLDScanClosure::do_cld(ClassLoaderData*)+0x39
V  [libjvm.so+0x62d769]  ClassLoaderDataGraph::roots_cld_do(CLDClosure*, CLDClosure*)+0x39
V  [libjvm.so+0x843698]  G1RootProcessor::process_java_roots(G1RootClosures*, G1GCPhaseTimes*, unsigned int)+0xd8
V  [libjvm.so+0x843d11]  G1RootProcessor::evacuate_roots(G1ParScanThreadState*, unsigned int)+0x61
V  [libjvm.so+0x857c72]  G1EvacuateRegionsTask::scan_roots(G1ParScanThreadState*, unsigned int)+0x22
V  [libjvm.so+0x857ef9]  G1EvacuateRegionsBaseTask::work(unsigned int)+0x89
V  [libjvm.so+0x10404e0]  WorkerThread::run()+0x80
V  [libjvm.so+0xf84d48]  Thread::call_run()+0xa8
V  [libjvm.so+0xd0e2da]  thread_native_entry(Thread*)+0xda
C  [libc.so.6+0x9caa4]

siginfo: si_signo: 11 (SIGSEGV), si_code: 1 (SEGV_MAPERR), si_addr: 0x0000000008000000

Registers:
RAX=0x0000000000000000, RBX=0x000070006803e4c0, RCX=0x0000000000000014, RDX=0x0000000000000000
RSP=0x00007000c5afa9a0, RBP=0x00007000c5afaa40, RSI=0x0000000000000000, RDI=0x0000000000000080
R8 =0x0000000000000003, R9 =0x000000000000007e, R10=0x0000000093506018, R11=0x0000000093506018
R12=0x0000000094b7df7d, R13=0x0000000008000000, R14=0x00006fff3020c3d0, R15=0x0000000000000000
RIP=0x000070013fdbe25c, EFLAGS=0x0000000000010246, CSGSFS=0x002b000000000033, ERR=0x0000000000000004
  TRAPNO=0x000000000000000e

XMM[0]=0x0000002900001270 0x0000000000000009
XMM[1]=0x0000000000000000 0x0000000000000000
XMM[2]=0x0000000000000000 0x0000000000000000
XMM[3]=0x0000000000000000 0x0000000000000000
XMM[4]=0x96ccada096ccad50 0x96ccad0800000000
XMM[5]=0x0000000000000000 0x0000000000000000
XMM[6]=0x0000000000000000 0x0000000000000000
XMM[7]=0x0000000000000000 0x0000000000000000
XMM[8]=0x839f3580839f3648 0x80fdea70839f37a8
XMM[9]=0x0000000000000000 0x0000000000000000
XMM[10]=0x3f3f3f3f3f3f3f3f 0x3f3f3f3f3f3f3f3f
XMM[11]=0x9999999999999999 0x9999999999999999
XMM[12]=0x2020202020202020 0x2020202020202020
XMM[13]=0x0000000000000000 0x0000000000000000
XMM[14]=0x0000000000000000 0x0000000000000000
XMM[15]=0x0000000000000000 0x0000000000000000
  MXCSR=0x00001fa2


Register to memory mapping:

RAX=0x0 is null
RBX=0x000070006803e4c0 points into unknown readable memory: 0x00007001409c8e98 | 98 8e 9c 40 01 70 00 00
RCX=0x0000000000000014 is an unknown value
RDX=0x0 is null
RSP=0x00007000c5afa9a0 points into unknown readable memory: 0x0000000094b7dff0 | f0 df b7 94 00 00 00 00
RBP=0x00007000c5afaa40 points into unknown readable memory: 0x00007000c5afaa90 | 90 aa af c5 00 70 00 00
RSI=0x0 is null
RDI=0x0000000000000080 is an unknown value
R8 =0x0000000000000003 is an unknown value
R9 =0x000000000000007e is an unknown value
R10=0x0000000093506018 is an oop: java.lang.Class 
{0x0000000093506018} - klass: 'java/lang/Class'
 - ---- fields (total size 15 words):
 - private volatile transient 'classRedefinedCount' 'I' @12  0 (0x00000000)
 - injected 'klass' 'J' @16  123148662832248 (0x00007000c84d7c78)
 - injected 'array_klass' 'J' @24  123148659858952 (0x00007000c8201e08)
 - injected 'oop_size' 'I' @32  15 (0x0000000f)
 - injected 'static_oop_field_count' 'I' @36  2 (0x00000002)
 - private volatile transient 'cachedConstructor' 'Ljava/lang/reflect/Constructor;' @40  null (0x00000000)
 - private transient 'name' 'Ljava/lang/String;' @44  "org.jetbrains.kotlin.name.FqName"{0x0000000080942b38} (0x80942b38)
 - private transient 'module' 'Ljava/lang/Module;' @48  a 'java/lang/Module'{0x000000008cacd7c8} (0x8cacd7c8)
 - private final 'classLoader' 'Ljava/lang/ClassLoader;' @52  a 'java/net/URLClassLoader'{0x000000008fc80000} (0x8fc80000)
 - private transient 'classData' 'Ljava/lang/Object;' @56  null (0x00000000)
 - private transient 'packageName' 'Ljava/lang/String;' @60  "org.jetbrains.kotlin.name"{0x0000000080942b80} (0x80942b80)
 - private final 'componentType' 'Ljava/lang/Class;' @64  null (0x00000000)
 - private volatile transient 'reflectionData' 'Ljava/lang/ref/SoftReference;' @68  a 'java/lang/ref/SoftReference'{0x000000009b217060} (0x9b217060)
 - private volatile transient 'genericInfo' 'Lsun/reflect/generics/repository/ClassRepository;' @72  null (0x00000000)
 - private volatile transient 'enumConstants' '[Ljava/lang/Object;' @76  null (0x00000000)
 - private volatile transient 'enumConstantDirectory' 'Ljava/util/Map;' @80  null (0x00000000)
 - private volatile transient 'annotationData' 'Ljava/lang/Class$AnnotationData;' @84  null (0x00000000)
 - private volatile transient 'annotationType' 'Lsun/reflect/annotation/AnnotationType;' @88  null (0x00000000)
 - transient 'classValueMap' 'Ljava/lang/ClassValue$ClassValueMap;' @92  null (0x00000000)
 - injected 'protection_domain' 'Ljava/lang/Object;' @96  a 'java/security/ProtectionDomain'{0x000000008fed3220} (0x8fed3220)
 - injected 'signers_name' 'Ljava/lang/Object;' @100  null (0x00000000)
 - injected 'source_file' 'Ljava/lang/Object;' @104  null (0x00000000)
 - injected '<init_lock>' 'Ljava/lang/Object;' @108  null (0x00000000)
 - signature: Lorg/jetbrains/kotlin/name/FqName;
 - ---- static fields (2):
 - public static final 'Companion' 'Lorg/jetbrains/kotlin/name/FqName$Companion;' @112  a 'org/jetbrains/kotlin/name/FqName$Companion'{0x00000000935060c8} (0x935060c8)
 - public static final 'ROOT' 'Lorg/jetbrains/kotlin/name/FqName;' @116  a 'org/jetbrains/kotlin/name/FqName'{0x0000000093506090} (0x93506090)
R11=0x0000000093506018 is an oop: java.lang.Class 
{0x0000000093506018} - klass: 'java/lang/Class'
 - ---- fields (total size 15 words):
 - private volatile transient 'classRedefinedCount' 'I' @12  0 (0x00000000)
 - injected 'klass' 'J' @16  123148662832248 (0x00007000c84d7c78)
 - injected 'array_klass' 'J' @24  123148659858952 (0x00007000c8201e08)
 - injected 'oop_size' 'I' @32  15 (0x0000000f)
 - injected 'static_oop_field_count' 'I' @36  2 (0x00000002)
 - private volatile transient 'cachedConstructor' 'Ljava/lang/reflect/Constructor;' @40  null (0x00000000)
 - private transient 'name' 'Ljava/lang/String;' @44  "org.jetbrains.kotlin.name.FqName"{0x0000000080942b38} (0x80942b38)
 - private transient 'module' 'Ljava/lang/Module;' @48  a 'java/lang/Module'{0x000000008cacd7c8} (0x8cacd7c8)
 - private final 'classLoader' 'Ljava/lang/ClassLoader;' @52  a 'java/net/URLClassLoader'{0x000000008fc80000} (0x8fc80000)
 - private transient 'classData' 'Ljava/lang/Object;' @56  null (0x00000000)
 - private transient 'packageName' 'Ljava/lang/String;' @60  "org.jetbrains.kotlin.name"{0x0000000080942b80} (0x80942b80)
 - private final 'componentType' 'Ljava/lang/Class;' @64  null (0x00000000)
 - private volatile transient 'reflectionData' 'Ljava/lang/ref/SoftReference;' @68  a 'java/lang/ref/SoftReference'{0x000000009b217060} (0x9b217060)
 - private volatile transient 'genericInfo' 'Lsun/reflect/generics/repository/ClassRepository;' @72  null (0x00000000)
 - private volatile transient 'enumConstants' '[Ljava/lang/Object;' @76  null (0x00000000)
 - private volatile transient 'enumConstantDirectory' 'Ljava/util/Map;' @80  null (0x00000000)
 - private volatile transient 'annotationData' 'Ljava/lang/Class$AnnotationData;' @84  null (0x00000000)
 - private volatile transient 'annotationType' 'Lsun/reflect/annotation/AnnotationType;' @88  null (0x00000000)
 - transient 'classValueMap' 'Ljava/lang/ClassValue$ClassValueMap;' @92  null (0x00000000)
 - injected 'protection_domain' 'Ljava/lang/Object;' @96  a 'java/security/ProtectionDomain'{0x000000008fed3220} (0x8fed3220)
 - injected 'signers_name' 'Ljava/lang/Object;' @100  null (0x00000000)
 - injected 'source_file' 'Ljava/lang/Object;' @104  null (0x00000000)
 - injected '<init_lock>' 'Ljava/lang/Object;' @108  null (0x00000000)
 - signature: Lorg/jetbrains/kotlin/name/FqName;
 - ---- static fields (2):
 - public static final 'Companion' 'Lorg/jetbrains/kotlin/name/FqName$Companion;' @112  a 'org/jetbrains/kotlin/name/FqName$Companion'{0x00000000935060c8} (0x935060c8)
 - public static final 'ROOT' 'Lorg/jetbrains/kotlin/name/FqName;' @116  a 'org/jetbrains/kotlin/name/FqName'{0x0000000093506090} (0x93506090)
R12=0x0000000094b7df7d is pointing into object: java.lang.Class 
{0x0000000094b7df30} - klass: 'java/lang/Class'
 - ---- fields (total size 14 words):
 - private volatile transient 'classRedefinedCount' 'I' @12  0 (0x00000000)
 - injected 'klass' 'J' @16  123148659858952 (0x00007000c8201e08)
 - injected 'array_klass' 'J' @24  0 (0x0000000000000000)
 - injected 'oop_size' 'I' @32  14 (0x0000000e)
 - injected 'static_oop_field_count' 'I' @36  0 (0x00000000)
 - private volatile transient 'cachedConstructor' 'Ljava/lang/reflect/Constructor;' @40  null (0x00000000)
 - private transient 'name' 'Ljava/lang/String;' @44  null (0x00000000)
 - private transient 'module' 'Ljava/lang/Module;' @48  a 'java/lang/Module'{0x000000008cacd7c8} (0x8cacd7c8)
 - private final 'classLoader' 'Ljava/lang/ClassLoader;' @52  a 'java/net/URLClassLoader'{0x000000008fc80000} (0x8fc80000)
 - private transient 'classData' 'Ljava/lang/Object;' @56  null (0x00000000)
 - private transient 'packageName' 'Ljava/lang/String;' @60  null (0x00000000)
 - private final 'componentType' 'Ljava/lang/Class;' @64  a 'java/lang/Class'{0x0000000093506018} = 'org/jetbrains/kotlin/name/FqName' (0x93506018)
 - private volatile transient 'reflectionData' 'Ljava/lang/ref/SoftReference;' @68  null (0x00000000)
 - private volatile transient 'genericInfo' 'Lsun/reflect/generics/repository/ClassRepository;' @72  null (0x00000000)
 - private volatile transient 'enumConstants' '[Ljava/lang/Object;' @76  
[error occurred during error reporting (printing register info), id 0xb, SIGSEGV (0xb) at pc=0x0000700140292bac]
R13=0x0000000008000000 is an unknown value
R14=0x00006fff3020c3d0 points into unknown readable memory: 0x0000000094b7dff0 | f0 df b7 94 00 00 00 00
R15=0x0 is null

Top of Stack: (sp=0x00007000c5afa9a0)
0x00007000c5afa9a0:   0000000094b7dff0 0000000096e175a8
0x00007000c5afa9b0:   000070006803e4c0 000000000000000b
0x00007000c5afa9c0:   00007000c5afaa40 000070006803e4c0
0x00007000c5afa9d0:   00006fff3020c418 00006fff3020c4d0
0x00007000c5afa9e0:   00006fff3020c300 0000700140a95eb0
0x00007000c5afa9f0:   00000040c5afaa00 0000000093506018
0x00007000c5afaa00:   00007000c5afaa20 00007001402b8636
0x00007000c5afaa10:   00000000000b0d18 000070006803e4c0
0x00007000c5afaa20:   00006fff3020c418 00006fff3020c4d0
0x00007000c5afaa30:   00006fff3020c3d0 00007000c5afab50
0x00007000c5afaa40:   00007000c5afaa90 000070013fde030e
0x00007000c5afaa50:   0000022a27a2ade9 0000000000000000
0x00007000c5afaa60:   0000022a27a2cc45 0000000000000000
0x00007000c5afaa70:   00006fff3020c420 000070006804a9d8
0x00007000c5afaa80:   00006fff3020c4d0 00006fff3020c3d0
0x00007000c5afaa90:   00007000c5afaac0 000070013fbc7600
0x00007000c5afaaa0:   000070006804aa38 000070006804aa38
0x00007000c5afaab0:   000070006804aa38 0000000000000003
0x00007000c5afaac0:   00007000c5afab00 000070013fdb93b9
0x00007000c5afaad0:   00000000000b0d18 000000000838052f
0x00007000c5afaae0:   00007000c5afab00 0000700140532bcf
0x00007000c5afaaf0:   00006fff3401f350 000070006804aa38
0x00007000c5afab00:   00007000c5afab30 000070013fbcc769
0x00007000c5afab10:   0000022a26c87516 000070013c307f30
0x00007000c5afab20:   000070006804a9a0 000070006804aa38
0x00007000c5afab30:   00007000c5afabe0 000070013fde2698
0x00007000c5afab40:   000070006804aa50 01007000c5afac60
0x00007000c5afab50:   00007001409c8aa8 0000022a26c87516
0x00007000c5afab60:   0000000000000000 0000700100000005
0x00007000c5afab70:   00007000b4001040 0000000000000003
0x00007000c5afab80:   0000000000000000 0000000000000000
0x00007000c5afab90:   0000000000000000 000070006803e4c0 

Instructions: (pc=0x000070013fdbe25c)
0x000070013fdbe15c:   02 00 00 e9 3b ff ff ff 0f 1f 40 00 49 8b b5 b0
0x000070013fdbe16c:   02 00 00 48 c1 e0 03 48 85 f6 0f 85 88 03 00 00
0x000070013fdbe17c:   49 8b 95 80 02 00 00 48 8d 78 08 48 8d 05 62 90
0x000070013fdbe18c:   fb ff 48 89 4d a0 44 89 45 a8 4d 8d 95 80 02 00
0x000070013fdbe19c:   00 48 8b 12 4c 89 4d b8 48 39 c2 0f 85 e5 17 00
0x000070013fdbe1ac:   00 31 d2 be 05 00 00 00 e8 37 36 c1 ff 4c 8b 4d
0x000070013fdbe1bc:   b8 44 8b 45 a8 48 89 c2 49 8b 85 88 02 00 00 48
0x000070013fdbe1cc:   8b 4d a0 48 8d 04 c2 49 8b b5 b8 02 00 00 48 89
0x000070013fdbe1dc:   30 49 8b 85 a8 02 00 00 49 89 95 b8 02 00 00 48
0x000070013fdbe1ec:   85 f6 74 07 49 03 85 88 02 00 00 49 89 85 a8 02
0x000070013fdbe1fc:   00 00 b8 01 00 00 00 e9 83 fd ff ff 0f 1f 84 00
0x000070013fdbe20c:   00 00 00 00 48 8d 05 99 7c cd 00 45 8b 6c 24 ff
0x000070013fdbe21c:   8b 70 08 48 8b 10 48 89 45 a8 48 8b 43 08 89 f1
0x000070013fdbe22c:   49 d3 e5 8b 88 b8 05 00 00 48 8b 80 a8 05 00 00
0x000070013fdbe23c:   49 01 d5 4c 89 ef 48 d3 ef 48 8d 04 78 44 0f b6
0x000070013fdbe24c:   38 0f b6 40 01 88 45 a0 84 c0 0f 88 d4 f3 ff ff
0x000070013fdbe25c:   4d 8b 5d 00 4d 89 d8 41 83 e0 03 49 83 f8 03 0f
0x000070013fdbe26c:   85 f9 05 00 00 49 83 e3 fc 4c 8d 3d 38 a4 d1 00
0x000070013fdbe27c:   4c 89 5d b8 4d 89 d9 4c 8b 55 b8 89 f1 49 8d 7c
0x000070013fdbe28c:   24 ff 49 31 f9 4c 89 d0 48 29 d0 48 d3 e8 41 89
0x000070013fdbe29c:   44 24 ff 41 8b 0f 49 d3 e9 4d 85 c9 0f 84 82 f3
0x000070013fdbe2ac:   ff ff 48 8b 43 08 8b 88 b8 05 00 00 48 8b 90 a8
0x000070013fdbe2bc:   05 00 00 48 89 f8 48 d3 e8 80 7c 42 01 fe 0f 84
0x000070013fdbe2cc:   60 f3 ff ff 4c 89 d0 48 d3 e8 48 8d 04 42 80 78
0x000070013fdbe2dc:   01 00 0f 89 4c f3 ff ff 80 38 00 0f 84 43 f3 ff
0x000070013fdbe2ec:   ff 48 8d 15 6c 98 d0 00 48 8b 43 60 8b 0a 48 d3
0x000070013fdbe2fc:   ef 48 89 fe e9 03 f3 ff ff 0f 1f 00 48 89 fe 48
0x000070013fdbe30c:   83 c2 08 4c 89 c7 ff d0 4c 8b 5d b8 e9 ce ea ff
0x000070013fdbe31c:   ff 0f 1f 00 49 8b 8e b0 02 00 00 48 c1 e0 03 48
0x000070013fdbe32c:   85 c9 0f 84 4d 03 00 00 49 8b 96 c0 02 00 00 48
0x000070013fdbe33c:   83 e9 01 48 01 d0 48 8b 30 49 89 8e b0 02 00 00
0x000070013fdbe34c:   49 89 b6 c0 02 00 00 49 8b 8e b8 02 00 00 48 89 


Stack slot to memory mapping:

stack at sp + 0 slots: 0x0000000094b7dff0 is an oop: [Ljava.lang.Object; 
{0x0000000094b7dff0} - klass: 'java/lang/Object'[]
 - length: 18
stack at sp + 1 slots: 0x0000000096e175a8 is an oop: [Ljava.lang.Object; 
{0x0000000096e175a8} - klass: 'java/lang/Object'[]
 - length: 18
stack at sp + 2 slots: 0x000070006803e4c0 points into unknown readable memory: 0x00007001409c8e98 | 98 8e 9c 40 01 70 00 00
stack at sp + 3 slots: 0x000000000000000b is an unknown value
stack at sp + 4 slots: 0x00007000c5afaa40 points into unknown readable memory: 0x00007000c5afaa90 | 90 aa af c5 00 70 00 00
stack at sp + 5 slots: 0x000070006803e4c0 points into unknown readable memory: 0x00007001409c8e98 | 98 8e 9c 40 01 70 00 00
stack at sp + 6 slots: 0x00006fff3020c418 points into unknown readable memory: 0x0000000094b7e100 | 00 e1 b7 94 00 00 00 00
stack at sp + 7 slots: 0x00006fff3020c4d0 points into unknown readable memory: 0x6e69727400000020 | 20 00 00 00 74 72 69 6e


---------------  P R O C E S S  ---------------

Threads class SMR info:
_java_thread_list=0x00006fff9400bec0, length=296, elements={
0x0000700138030270, 0x0000700138422ef0, 0x0000700138424460, 0x0000700138425bf0,
0x0000700138427230, 0x00007001384287d0, 0x000070013842a390, 0x000070013842ba50,
0x0000700138489450, 0x00007001384e6320, 0x00007001396653d0, 0x00007001396fdb70,
0x000070013973b060, 0x0000700028227340, 0x000070002822c120, 0x000070002826a800,
0x0000700028f40de0, 0x0000700028f46a90, 0x000070002909bcf0, 0x000070002a7756f0,
0x00006fff48bd9630, 0x00006fff48be0b70, 0x00006fff4948d810, 0x00006fff488a58e0,
0x00006fff488af780, 0x00006fff48061770, 0x00006fff4804f290, 0x00006fff3c251540,
0x00006fff3c252e10, 0x00006fff3ca5ba00, 0x00007000a04b74f0, 0x00006fff28002700,
0x0000700034018270, 0x00006ffe70006560, 0x00006ffe6004ac40, 0x00007000140a8410,
0x0000700014180d30, 0x00007000140ca7e0, 0x00006fff28003c20, 0x00006fff280011a0,
0x00006ffe70007430, 0x00006ffe601f14d0, 0x00006fff3c0052a0, 0x00006fff44322840,
0x00006fff44432dc0, 0x00006fff4431f5f0, 0x00006ffe70004e80, 0x00006ffe70005590,
0x00006ffe6001f880, 0x00006ffe60013520, 0x00006ffe6000b850, 0x00006ffe60038d50,
0x00006ffe6002c210, 0x00006ffe600a6f80, 0x00006ffe600ade50, 0x00006ffe6009ed70,
0x00006ffe6012bbc0, 0x00006ffe6012c2d0, 0x00006ffe60118ae0, 0x00006ffe6012cdc0,
0x00006ffe6012d780, 0x00006ffe6012a220, 0x00006ffe6011afa0, 0x00006ffe6011b8c0,
0x00006ffe600d7d50, 0x00006ffe600d8920, 0x00006ffe600d99d0, 0x00006ffe600daa80,
0x00006ffe600dbb30, 0x00006ffe600dd2d0, 0x00006ffe600de340, 0x00006ffe600df3b0,
0x00006ffe600e0420, 0x00006ffe600e1490, 0x00006ffe600e2780, 0x00006ffe600e3ec0,
0x00006ffe60125700, 0x00006ffe60126770, 0x00006ffe601277e0, 0x00006ffe60128850,
0x00006ffe60108d40, 0x00006ffe60109a00, 0x00006ffe6010aab0, 0x00006ffe6010bb60,
0x00006ffe6010cc10, 0x00006ffe6010dcc0, 0x00006ffe6010eef0, 0x00006ffe60110110,
0x00006ffe601112d0, 0x00006ffe601124d0, 0x00006ffe601136d0, 0x00006ffe60114bd0,
0x00006ffe60115dd0, 0x00006ffe60116fd0, 0x00006ffe601dfe80, 0x00006ffe74229580,
0x00006ffe600ebc10, 0x00006fff8000b160, 0x00006fff80013730, 0x00006fff80013e40,
0x00006fff800074d0, 0x00006fff80007be0, 0x00006fff800082f0, 0x00006fff8000de30,
0x00006fff8000f360, 0x00006fff80011ea0, 0x00006fff80017da0, 0x00006ffef8001660,
0x00006fff800191e0, 0x00006fff80b55aa0, 0x00006fff80b566f0, 0x00006fff80b57b30,
0x00006fff80b58cf0, 0x00006fff80b59eb0, 0x00006fff80b5b470, 0x00006fff80b5ca30,
0x00006fff80530fa0, 0x00006fff100b5270, 0x00006fff10199c10, 0x00006fff100a8a00,
0x00006fff100052b0, 0x00006fff1011ded0, 0x00006fff10016c80, 0x00006fff10012ef0,
0x00006fff10034ec0, 0x00006fff1006a1e0, 0x00006fff10190ad0, 0x00006fff1018cc70,
0x00006fff1000c9f0, 0x00006fff1011fdc0, 0x00006fff10198020, 0x00006fff1000b5c0,
0x00006fff100b8540, 0x00006fff100643d0, 0x00006fff100613f0, 0x00006fff100b5bf0,
0x00006fff100b2490, 0x00006fff100ab160, 0x00006fff100b65f0, 0x00006fff10124260,
0x00006fff10123080, 0x00006fff10001370, 0x00006fff1005b1a0, 0x00006fff10006df0,
0x00006fff10120fb0, 0x00006fff10068c00, 0x00006fff100146c0, 0x00006fff1000e6c0,
0x00006fff1000edd0, 0x00006fff10193240, 0x00006fff10193950, 0x00006fff100667b0,
0x00006fff10066ec0, 0x00006fff100b3fc0, 0x00006fff100b46d0, 0x00006fff1006dcc0,
0x00006fff1006e3d0, 0x00006fff100ac440, 0x00006fff100acb50, 0x00006fff100ae680,
0x00006fff100aed90, 0x00006fff100af4a0, 0x00006fff10011080, 0x00006fff10011790,
0x00006fff10011ea0, 0x00006fff10071d80, 0x00006fff10072490, 0x00006fff10072ba0,
0x00006fff1011be20, 0x00006fff1011c530, 0x00006fff1011cc40, 0x00006fff1011d350,
0x00006fff100588e0, 0x00006fff10058ff0, 0x00006fff10059700, 0x00006fff10059e10,
0x00006fff100b8f60, 0x00006fff100a68d0, 0x00006fff100a6fe0, 0x00006fff100a76f0,
0x00006fff100a7e00, 0x00006fff10056750, 0x00006fff10057440, 0x00006fff1002fa00,
0x00006fff10030ae0, 0x00006fff10031d20, 0x00006fff10032ea0, 0x00006fff10035770,
0x00006fff10036490, 0x00006ffe6c002210, 0x00006ffe6c009bd0, 0x00006ffe6c005360,
0x00006ffe6c006220, 0x00006ffe6c006f70, 0x00006ffe6c00dc50, 0x00006ffe6c00e9b0,
0x00006ffe6c00f710, 0x00006ffe6c010480, 0x00006ffe6c011630, 0x00006ffe6c012840,
0x00006ffe6c013a50, 0x00006ffe6c014c70, 0x00006ffe6c015e90, 0x00006ffe6c0170a0,
0x00006ffe6c0182b0, 0x00006ffe6c0194c0, 0x00006ffe6c01a6d0, 0x00006ffe6c01cd30,
0x00006ffe6c01dc70, 0x00006ffe6c01ee20, 0x00006ffe6c01ffd0, 0x00006ffe6c0211b0,
0x00006ffe6c0223c0, 0x00006ffe6c0235e0, 0x00006ffe6c024400, 0x00006ffe6c025610,
0x00006ffe6c026430, 0x00006ffe6c027640, 0x00006ffe6c028850, 0x00006ffe6c029a80,
0x00006ffe6c029370, 0x00006ffe6c02a5a0, 0x00006ffe6c02b740, 0x00006ffe6c02c950,
0x00006ffe6c02f500, 0x00006ffe6c030e40, 0x00006ffe6c00cc80, 0x00006ffe6c031580,
0x00006ffe6c008390, 0x00006ffe6c033cd0, 0x00006ffe6c034420, 0x00006ffe6c0351e0,
0x00006ffe6c03a2c0, 0x00006ffe6c039b30, 0x00006ffe6c03cb90, 0x00006ffe6c03c3f0,
0x00006ffe6c03d730, 0x00006ffe6c03e950, 0x00006ffe6c03fb40, 0x00006ffe6c0409f0,
0x00006ffe6c041b70, 0x00006ffe6c042e10, 0x00006ffe6c0440d0, 0x00006ffe6c044ef0,
0x00006ffe6c045d10, 0x00006ffe6c046b60, 0x00006ffe6c048160, 0x00006ffe6c049390,
0x00006ffe6c06c010, 0x00006ffe6c04dc60, 0x00006ffe6c04c150, 0x00006ffe6c04e370,
0x00006ffe6c04f150, 0x00006ffe6c04ff70, 0x00006ffe6c0514b0, 0x00006ffe6c052660,
0x00006ffe6c053410, 0x00006ffe6c0542c0, 0x00006ffe6c055550, 0x00006ffe6c056820,
0x00006ffe6c057af0, 0x00006ffe6c058750, 0x00006ffe6c059a30, 0x00006ffe6c05ad00,
0x00006ffe6c05b940, 0x00006ffe6c05cab0, 0x00006ffe6c060a80, 0x00006ffe6c05eb50,
0x00006ffe6c0616f0, 0x00006ffe6c062410, 0x00006ffe6c06b220, 0x00006ffed0009170,
0x00006ffed000a600, 0x00006ffed0009d30, 0x00006ffed000b3f0, 0x00006ffed000c220,
0x00006ffed000d030, 0x00006ffed000de50, 0x00006ffed000ec70, 0x00006fff740304e0,
0x00006ffee4016580, 0x00006ffeb00023e0, 0x00006fff3411b590, 0x00006fff3076c010,
0x00006fff3c6cc030, 0x00006fff3411c570, 0x00006fff4805a2b0, 0x00006fff4408f020,
0x00006fff541d0240, 0x00006fff501cad00, 0x00006fff40006e50, 0x000070000c01b9c0,
0x00006fffb4137c10, 0x00006fff8400c980, 0x00006fffb40ee110, 0x00006fff9400b420
}

Java Threads: ( => current thread )
  0x0000700138030270 JavaThread "main"                              [_thread_blocked, id=1074234, stack(0x000070013f3b1000,0x000070013f4b1000) (1024K)]
  0x0000700138422ef0 JavaThread "Reference Handler"          daemon [_thread_blocked, id=1074242, stack(0x000070013c109000,0x000070013c209000) (1024K)]
  0x0000700138424460 JavaThread "Finalizer"                  daemon [_thread_blocked, id=1074243, stack(0x000070013c009000,0x000070013c109000) (1024K)]
  0x0000700138425bf0 JavaThread "Signal Dispatcher"          daemon [_thread_blocked, id=1074244, stack(0x000070011c084000,0x000070011c184000) (1024K)]
  0x0000700138427230 JavaThread "Service Thread"             daemon [_thread_blocked, id=1074245, stack(0x00007000c6f00000,0x00007000c7000000) (1024K)]
  0x00007001384287d0 JavaThread "Monitor Deflation Thread"   daemon [_thread_blocked, id=1074246, stack(0x00007000c6e00000,0x00007000c6f00000) (1024K)]
  0x000070013842a390 JavaThread "C2 CompilerThread0"         daemon [_thread_blocked, id=1074247, stack(0x00007000c6d00000,0x00007000c6e00000) (1024K)]
  0x000070013842ba50 JavaThread "C1 CompilerThread0"         daemon [_thread_blocked, id=1074248, stack(0x00007000c6c00000,0x00007000c6d00000) (1024K)]
  0x0000700138489450 JavaThread "Common-Cleaner"             daemon [_thread_blocked, id=1074251, stack(0x00007000c6830000,0x00007000c6930000) (1024K)]
  0x00007001384e6320 JavaThread "Notification Thread"        daemon [_thread_blocked, id=1074253, stack(0x00007000c6630000,0x00007000c6730000) (1024K)]
  0x00007001396653d0 JavaThread "Daemon health stats"               [_thread_blocked, id=1074309, stack(0x00007000c4ff2000,0x00007000c50f2000) (1024K)]
  0x00007001396fdb70 JavaThread "Incoming local TCP Connector on port 32871"        [_thread_in_native, id=1074310, stack(0x00007000c4ef2000,0x00007000c4ff2000) (1024K)]
  0x000070013973b060 JavaThread "Daemon periodic checks"            [_thread_blocked, id=1074311, stack(0x00007000c4df2000,0x00007000c4ef2000) (1024K)]
  0x0000700028227340 JavaThread "Cache worker for journal cache (/home/kigawa/.gradle/caches/journal-1)"        [_thread_blocked, id=1074319, stack(0x00007000c45f2000,0x00007000c46f2000) (1024K)]
  0x000070002822c120 JavaThread "File lock request listener"        [_thread_in_native, id=1074320, stack(0x00007000c44f2000,0x00007000c45f2000) (1024K)]
  0x000070002826a800 JavaThread "Cache worker for file hash cache (/home/kigawa/.gradle/caches/9.2.1/fileHashes)"        [_thread_blocked, id=1074321, stack(0x00007000c43f2000,0x00007000c44f2000) (1024K)]
  0x0000700028f40de0 JavaThread "File watcher server"        daemon [_thread_in_native, id=1074329, stack(0x0000700003d00000,0x0000700003e00000) (1024K)]
  0x0000700028f46a90 JavaThread "File watcher consumer"      daemon [_thread_blocked, id=1074330, stack(0x0000700003c00000,0x0000700003d00000) (1024K)]
  0x000070002909bcf0 JavaThread "Cache worker for file content cache (/home/kigawa/.gradle/caches/9.2.1/fileContent)"        [_thread_blocked, id=1074332, stack(0x0000700003a00000,0x0000700003b00000) (1024K)]
  0x000070002a7756f0 JavaThread "Memory manager"                    [_thread_blocked, id=1074407, stack(0x00006ffeffe00000,0x00006ffefff00000) (1024K)]
  0x00006fff48bd9630 JavaThread "Periodic tasks thread"      daemon [_thread_blocked, id=1074627, stack(0x00006ffe4106b000,0x00006ffe4116b000) (1024K)]
  0x00006fff48be0b70 JavaThread "ApplicationImpl pooled thread 1" daemon [_thread_blocked, id=1074628, stack(0x00006ffe40f6b000,0x00006ffe4106b000) (1024K)]
  0x00006fff4948d810 JavaThread "DirectBufferWrapper allocation thread" daemon [_thread_blocked, id=1074631, stack(0x00007000c6730000,0x00007000c6830000) (1024K)]
  0x00006fff488a58e0 JavaThread "RMI Scheduler(0)"           daemon [_thread_blocked, id=1074651, stack(0x00006ffe40700000,0x00006ffe40800000) (1024K)]
  0x00006fff488af780 JavaThread "RMI GC Daemon"              daemon [_thread_blocked, id=1074653, stack(0x00006ffe40500000,0x00006ffe40600000) (1024K)]
  0x00006fff48061770 JavaThread "RMI TCP Accept-0"           daemon [_thread_in_native, id=1074661, stack(0x00006ffe40400000,0x00006ffe40500000) (1024K)]
  0x00006fff4804f290 JavaThread "RMI Reaper"                        [_thread_blocked, id=1074662, stack(0x00006ffe40300000,0x00006ffe40400000) (1024K)]
  0x00006fff3c251540 JavaThread "Periodic tasks thread"      daemon [_thread_blocked, id=1100427, stack(0x00006ffe4c400000,0x00006ffe4c500000) (1024K)]
  0x00006fff3c252e10 JavaThread "ApplicationImpl pooled thread 1" daemon [_thread_blocked, id=1100428, stack(0x00006ffe4c300000,0x00006ffe4c400000) (1024K)]
  0x00006fff3ca5ba00 JavaThread "DirectBufferWrapper allocation thread" daemon [_thread_blocked, id=1100550, stack(0x00006ffe28dd6000,0x00006ffe28ed6000) (1024K)]
  0x00007000a04b74f0 JavaThread "RMI TCP Accept-0"           daemon [_thread_in_native, id=1100579, stack(0x00006ffe28bd6000,0x00006ffe28cd6000) (1024K)]
  0x00006fff28002700 JavaThread "RMI TCP Connection(idle)"   daemon [_thread_blocked, id=1161024, stack(0x00006ffe3a300000,0x00006ffe3a400000) (1024K)]
  0x0000700034018270 JavaThread "Daemon Thread 3"                   [_thread_blocked, id=1162250, stack(0x00006ffe3aa00000,0x00006ffe3ab00000) (1024K)]
  0x00006ffe70006560 JavaThread "Daemon worker Thread 3"            [_thread_blocked, id=1162253, stack(0x00006ffe3ab00000,0x00006ffe3ac00000) (1024K)]
  0x00006ffe6004ac40 JavaThread "included builds"                   [_thread_blocked, id=1162338, stack(0x0000700003100000,0x0000700003200000) (1024K)]
  0x00007000140a8410 JavaThread "ForkJoinPool.commonPool-worker-20" daemon [_thread_blocked, id=1162435, stack(0x00006ffefd400000,0x00006ffefd500000) (1024K)]
  0x0000700014180d30 JavaThread "ForkJoinPool.commonPool-worker-21" daemon [_thread_blocked, id=1162436, stack(0x00006ffefd300000,0x00006ffefd400000) (1024K)]
  0x00007000140ca7e0 JavaThread "process reaper"             daemon [_thread_blocked, id=1162439, stack(0x000070011c040000,0x000070011c062000) (136K)]
  0x00006fff28003c20 JavaThread "RMI TCP Connection(17)-127.0.0.1" daemon [_thread_in_native, id=1162465, stack(0x00006ffe4ff00000,0x00006ffe50000000) (1024K)]
  0x00006fff280011a0 JavaThread "RMI TCP Connection(idle)"   daemon [_thread_blocked, id=1162479, stack(0x00006ffe4fe00000,0x00006ffe4ff00000) (1024K)]
  0x00006ffe70007430 JavaThread "VFS cleanup Thread 4"              [_thread_blocked, id=1162480, stack(0x00006ffe3ae00000,0x00006ffe3af00000) (1024K)]
  0x00006ffe601f14d0 JavaThread "included builds"                   [_thread_blocked, id=1163330, stack(0x0000700003b00000,0x0000700003c00000) (1024K)]
  0x00006fff3c0052a0 JavaThread "Exec process Thread 5"             [_thread_blocked, id=1163478, stack(0x00006ffe4c700000,0x00006ffe4c800000) (1024K)]
  0x00006fff44322840 JavaThread "Exec process Thread 6"             [_thread_blocked, id=1163481, stack(0x00006ffe4c200000,0x00006ffe4c300000) (1024K)]
  0x00006fff44432dc0 JavaThread "Exec process Thread 7"             [_thread_blocked, id=1163482, stack(0x00006ffe4c100000,0x00006ffe4c200000) (1024K)]
  0x00006fff4431f5f0 JavaThread "Exec process Thread 8"             [_thread_blocked, id=1163483, stack(0x00006ffe4c000000,0x00006ffe4c100000) (1024K)]
  0x00006ffe70004e80 JavaThread "Handler for socket connection from /127.0.0.1:32871 to /127.0.0.1:44160"        [_thread_in_native, id=1164208, stack(0x00006ffefcf00000,0x00006ffefd000000) (1024K)]
  0x00006ffe70005590 JavaThread "Cancel handler"                    [_thread_blocked, id=1164209, stack(0x0000700003f00000,0x0000700004000000) (1024K)]
  0x00006ffe6001f880 JavaThread "Asynchronous log dispatcher for DefaultDaemonConnection: socket connection from /127.0.0.1:32871 to /127.0.0.1:44160"        [_thread_blocked, id=1164210, stack(0x00006ffefcb00000,0x00006ffefcc00000) (1024K)]
  0x00006ffe60013520 JavaThread "Stdin handler"                     [_thread_blocked, id=1164211, stack(0x00006ffe4c600000,0x00006ffe4c700000) (1024K)]
  0x00006ffe6000b850 JavaThread "Daemon client event forwarder"        [_thread_blocked, id=1164212, stack(0x00006ffe40a6b000,0x00006ffe40b6b000) (1024K)]
  0x00006ffe60038d50 JavaThread "Cache worker for file hash cache (/tank/var/user/dev/kigawa-net/kalender/.gradle/9.2.1/fileHashes)"        [_thread_blocked, id=1164213, stack(0x00006ffeffd00000,0x00006ffeffe00000) (1024K)]
  0x00006ffe6002c210 JavaThread "Cache worker for Build Output Cleanup Cache (/tank/var/user/dev/kigawa-net/kalender/.gradle/buildOutputCleanup)"        [_thread_blocked, id=1164214, stack(0x00006ffe3b200000,0x00006ffe3b300000) (1024K)]
  0x00006ffe600a6f80 JavaThread "Cache worker for checksums cache (/tank/var/user/dev/kigawa-net/kalender/.gradle/9.2.1/checksums)"        [_thread_blocked, id=1164215, stack(0x00006ffe40e6b000,0x00006ffe40f6b000) (1024K)]
  0x00006ffe600ade50 JavaThread "Cache worker for cache directory md-supplier (/home/kigawa/.gradle/caches/9.2.1/md-supplier)"        [_thread_blocked, id=1164217, stack(0x00006ffefcd00000,0x00006ffefce00000) (1024K)]
  0x00006ffe6009ed70 JavaThread "Cache worker for cache directory md-rule (/home/kigawa/.gradle/caches/9.2.1/md-rule)"        [_thread_blocked, id=1164219, stack(0x00006ffe4ec00000,0x00006ffe4ed00000) (1024K)]
  0x00006ffe6012bbc0 JavaThread "Unconstrained build operations"        [_thread_blocked, id=1164220, stack(0x00006ffe4e500000,0x00006ffe4e600000) (1024K)]
  0x00006ffe6012c2d0 JavaThread "Unconstrained build operations Thread 2"        [_thread_blocked, id=1164221, stack(0x00006ffe4d600000,0x00006ffe4d700000) (1024K)]
  0x00006ffe60118ae0 JavaThread "Unconstrained build operations Thread 3"        [_thread_blocked, id=1164222, stack(0x00006ffe4e700000,0x00006ffe4e800000) (1024K)]
  0x00006ffe6012cdc0 JavaThread "Unconstrained build operations Thread 4"        [_thread_blocked, id=1164223, stack(0x0000700000500000,0x0000700000600000) (1024K)]
  0x00006ffe6012d780 JavaThread "Unconstrained build operations Thread 5"        [_thread_blocked, id=1164224, stack(0x0000700001c00000,0x0000700001d00000) (1024K)]
  0x00006ffe6012a220 JavaThread "Unconstrained build operations Thread 6"        [_thread_blocked, id=1164225, stack(0x00007000c4bf2000,0x00007000c4cf2000) (1024K)]
  0x00006ffe6011afa0 JavaThread "Unconstrained build operations Thread 7"        [_thread_blocked, id=1164226, stack(0x00006ffe4bd00000,0x00006ffe4be00000) (1024K)]
  0x00006ffe6011b8c0 JavaThread "Unconstrained build operations Thread 8"        [_thread_blocked, id=1164227, stack(0x0000700000900000,0x0000700000a00000) (1024K)]
  0x00006ffe600d7d50 JavaThread "Unconstrained build operations Thread 9"        [_thread_blocked, id=1164228, stack(0x0000700000100000,0x0000700000200000) (1024K)]
  0x00006ffe600d8920 JavaThread "Unconstrained build operations Thread 10"        [_thread_blocked, id=1164229, stack(0x00006ffe4ca00000,0x00006ffe4cb00000) (1024K)]
  0x00006ffe600d99d0 JavaThread "Unconstrained build operations Thread 11"        [_thread_blocked, id=1164230, stack(0x00006ffe4c500000,0x00006ffe4c600000) (1024K)]
  0x00006ffe600daa80 JavaThread "Unconstrained build operations Thread 12"        [_thread_blocked, id=1164231, stack(0x00006ffe4d700000,0x00006ffe4d800000) (1024K)]
  0x00006ffe600dbb30 JavaThread "Unconstrained build operations Thread 13"        [_thread_blocked, id=1164232, stack(0x00006ffefec00000,0x00006ffefed00000) (1024K)]
  0x00006ffe600dd2d0 JavaThread "Unconstrained build operations Thread 14"        [_thread_blocked, id=1164233, stack(0x00006ffefc700000,0x00006ffefc800000) (1024K)]
  0x00006ffe600de340 JavaThread "Unconstrained build operations Thread 15"        [_thread_blocked, id=1164234, stack(0x0000700002000000,0x0000700002100000) (1024K)]
  0x00006ffe600df3b0 JavaThread "Unconstrained build operations Thread 16"        [_thread_blocked, id=1164235, stack(0x00006ffefe100000,0x00006ffefe200000) (1024K)]
  0x00006ffe600e0420 JavaThread "Unconstrained build operations Thread 17"        [_thread_blocked, id=1164236, stack(0x0000700001d00000,0x0000700001e00000) (1024K)]
  0x00006ffe600e1490 JavaThread "Unconstrained build operations Thread 18"        [_thread_blocked, id=1164237, stack(0x00006ffe4f900000,0x00006ffe4fa00000) (1024K)]
  0x00006ffe600e2780 JavaThread "Unconstrained build operations Thread 19"        [_thread_blocked, id=1164238, stack(0x00006ffeff000000,0x00006ffeff100000) (1024K)]
  0x00006ffe600e3ec0 JavaThread "Unconstrained build operations Thread 20"        [_thread_blocked, id=1164239, stack(0x0000700000a8f000,0x0000700000b8f000) (1024K)]
  0x00006ffe60125700 JavaThread "Unconstrained build operations Thread 21"        [_thread_blocked, id=1164240, stack(0x00006ffe4be00000,0x00006ffe4bf00000) (1024K)]
  0x00006ffe60126770 JavaThread "Unconstrained build operations Thread 22"        [_thread_blocked, id=1164241, stack(0x00006ffe4f700000,0x00006ffe4f800000) (1024K)]
  0x00006ffe601277e0 JavaThread "Unconstrained build operations Thread 23"        [_thread_blocked, id=1164242, stack(0x00006ffe4cb00000,0x00006ffe4cc00000) (1024K)]
  0x00006ffe60128850 JavaThread "Unconstrained build operations Thread 24"        [_thread_blocked, id=1164243, stack(0x00006ffe4fb00000,0x00006ffe4fc00000) (1024K)]
  0x00006ffe60108d40 JavaThread "Unconstrained build operations Thread 25"        [_thread_blocked, id=1164244, stack(0x000070000148f000,0x000070000158f000) (1024K)]
  0x00006ffe60109a00 JavaThread "Unconstrained build operations Thread 26"        [_thread_blocked, id=1164245, stack(0x0000700001a00000,0x0000700001b00000) (1024K)]
  0x00006ffe6010aab0 JavaThread "Unconstrained build operations Thread 27"        [_thread_blocked, id=1164246, stack(0x00007000c48f2000,0x00007000c49f2000) (1024K)]
  0x00006ffe6010bb60 JavaThread "Unconstrained build operations Thread 28"        [_thread_blocked, id=1164247, stack(0x00006ffe4c900000,0x00006ffe4ca00000) (1024K)]
  0x00006ffe6010cc10 JavaThread "Unconstrained build operations Thread 29"        [_thread_blocked, id=1164248, stack(0x00006ffefd800000,0x00006ffefd900000) (1024K)]
  0x00006ffe6010dcc0 JavaThread "Unconstrained build operations Thread 30"        [_thread_blocked, id=1164249, stack(0x00007000c6a30000,0x00007000c6b30000) (1024K)]
  0x00006ffe6010eef0 JavaThread "Unconstrained build operations Thread 31"        [_thread_blocked, id=1164250, stack(0x00007000c6930000,0x00007000c6a30000) (1024K)]
  0x00006ffe60110110 JavaThread "Unconstrained build operations Thread 32"        [_thread_blocked, id=1164251, stack(0x00007000c6530000,0x00007000c6630000) (1024K)]
  0x00006ffe601112d0 JavaThread "Unconstrained build operations Thread 33"        [_thread_blocked, id=1164252, stack(0x00007000c6430000,0x00007000c6530000) (1024K)]
  0x00006ffe601124d0 JavaThread "Unconstrained build operations Thread 34"        [_thread_blocked, id=1164253, stack(0x00007000c6330000,0x00007000c6430000) (1024K)]
  0x00006ffe601136d0 JavaThread "Unconstrained build operations Thread 35"        [_thread_blocked, id=1164254, stack(0x00007000c5f00000,0x00007000c6000000) (1024K)]
  0x00006ffe60114bd0 JavaThread "Unconstrained build operations Thread 36"        [_thread_blocked, id=1164255, stack(0x00007000c4cf2000,0x00007000c4df2000) (1024K)]
  0x00006ffe60115dd0 JavaThread "Unconstrained build operations Thread 37"        [_thread_blocked, id=1164256, stack(0x00007000c4af2000,0x00007000c4bf2000) (1024K)]
  0x00006ffe60116fd0 JavaThread "Unconstrained build operations Thread 38"        [_thread_blocked, id=1164257, stack(0x00007000c49f2000,0x00007000c4af2000) (1024K)]
  0x00006ffe601dfe80 JavaThread "build event listener"              [_thread_blocked, id=1164258, stack(0x00007000c47f2000,0x00007000c48f2000) (1024K)]
  0x00006ffe74229580 JavaThread "C1 CompilerThread1"         daemon [_thread_blocked, id=1164259, stack(0x00007000c46f2000,0x00007000c47f2000) (1024K)]
  0x00006ffe600ebc10 JavaThread "included builds"                   [_thread_blocked, id=1164260, stack(0x0000700003e00000,0x0000700003f00000) (1024K)]
  0x00006fff8000b160 JavaThread "Execution worker"                  [_thread_blocked, id=1164261, stack(0x0000700003900000,0x0000700003a00000) (1024K)]
  0x00006fff80013730 JavaThread "Execution worker Thread 2"         [_thread_blocked, id=1164262, stack(0x0000700003800000,0x0000700003900000) (1024K)]
  0x00006fff80013e40 JavaThread "Execution worker Thread 3"         [_thread_blocked, id=1164263, stack(0x0000700003700000,0x0000700003800000) (1024K)]
  0x00006fff800074d0 JavaThread "Execution worker Thread 4"         [_thread_blocked, id=1164264, stack(0x0000700003600000,0x0000700003700000) (1024K)]
  0x00006fff80007be0 JavaThread "Execution worker Thread 5"         [_thread_blocked, id=1164265, stack(0x0000700003500000,0x0000700003600000) (1024K)]
  0x00006fff800082f0 JavaThread "Execution worker Thread 6"         [_thread_blocked, id=1164266, stack(0x0000700003400000,0x0000700003500000) (1024K)]
  0x00006fff8000de30 JavaThread "Execution worker Thread 7"         [_thread_blocked, id=1164267, stack(0x0000700003300000,0x0000700003400000) (1024K)]
  0x00006fff8000f360 JavaThread "Execution worker Thread 8"         [_thread_blocked, id=1164268, stack(0x0000700003200000,0x0000700003300000) (1024K)]
  0x00006fff80011ea0 JavaThread "Execution worker Thread 9"         [_thread_blocked, id=1164269, stack(0x0000700003000000,0x0000700003100000) (1024K)]
  0x00006fff80017da0 JavaThread "Execution worker Thread 10"        [_thread_blocked, id=1164270, stack(0x0000700002f00000,0x0000700003000000) (1024K)]
  0x00006ffef8001660 JavaThread "Cache worker for execution history cache (/tank/var/user/dev/kigawa-net/kalender/.gradle/9.2.1/executionHistory)"        [_thread_blocked, id=1164271, stack(0x0000700002e00000,0x0000700002f00000) (1024K)]
  0x00006fff800191e0 JavaThread "Execution worker Thread 11"        [_thread_blocked, id=1164272, stack(0x0000700002d00000,0x0000700002e00000) (1024K)]
  0x00006fff80b55aa0 JavaThread "Execution worker Thread 12"        [_thread_blocked, id=1164273, stack(0x0000700002c00000,0x0000700002d00000) (1024K)]
  0x00006fff80b566f0 JavaThread "Execution worker Thread 13"        [_thread_blocked, id=1164274, stack(0x0000700002b00000,0x0000700002c00000) (1024K)]
  0x00006fff80b57b30 JavaThread "Execution worker Thread 14"        [_thread_blocked, id=1164275, stack(0x0000700002a00000,0x0000700002b00000) (1024K)]
  0x00006fff80b58cf0 JavaThread "Execution worker Thread 15"        [_thread_blocked, id=1164276, stack(0x0000700002900000,0x0000700002a00000) (1024K)]
  0x00006fff80b59eb0 JavaThread "Execution worker Thread 16"        [_thread_blocked, id=1164277, stack(0x0000700002800000,0x0000700002900000) (1024K)]
  0x00006fff80b5b470 JavaThread "Execution worker Thread 17"        [_thread_blocked, id=1164278, stack(0x0000700002700000,0x0000700002800000) (1024K)]
  0x00006fff80b5ca30 JavaThread "Execution worker Thread 18"        [_thread_blocked, id=1164279, stack(0x0000700002600000,0x0000700002700000) (1024K)]
  0x00006fff80530fa0 JavaThread "Execution worker Thread 19"        [_thread_blocked, id=1164280, stack(0x0000700002500000,0x0000700002600000) (1024K)]
  0x00006fff100b5270 JavaThread "Unconstrained build operations Thread 39"        [_thread_blocked, id=1164281, stack(0x0000700002400000,0x0000700002500000) (1024K)]
  0x00006fff10199c10 JavaThread "Unconstrained build operations Thread 40"        [_thread_blocked, id=1164282, stack(0x0000700002300000,0x0000700002400000) (1024K)]
  0x00006fff100a8a00 JavaThread "Unconstrained build operations Thread 41"        [_thread_blocked, id=1164283, stack(0x0000700002200000,0x0000700002300000) (1024K)]
  0x00006fff100052b0 JavaThread "Unconstrained build operations Thread 42"        [_thread_blocked, id=1164284, stack(0x0000700002100000,0x0000700002200000) (1024K)]
  0x00006fff1011ded0 JavaThread "Unconstrained build operations Thread 43"        [_thread_blocked, id=1164285, stack(0x0000700001f00000,0x0000700002000000) (1024K)]
  0x00006fff10016c80 JavaThread "Unconstrained build operations Thread 44"        [_thread_blocked, id=1164286, stack(0x0000700001e00000,0x0000700001f00000) (1024K)]
  0x00006fff10012ef0 JavaThread "Unconstrained build operations Thread 45"        [_thread_blocked, id=1164287, stack(0x0000700001b00000,0x0000700001c00000) (1024K)]
  0x00006fff10034ec0 JavaThread "Unconstrained build operations Thread 46"        [_thread_blocked, id=1164288, stack(0x0000700001900000,0x0000700001a00000) (1024K)]
  0x00006fff1006a1e0 JavaThread "Unconstrained build operations Thread 47"        [_thread_blocked, id=1164289, stack(0x0000700001800000,0x0000700001900000) (1024K)]
  0x00006fff10190ad0 JavaThread "Unconstrained build operations Thread 48"        [_thread_blocked, id=1164290, stack(0x0000700001700000,0x0000700001800000) (1024K)]
  0x00006fff1018cc70 JavaThread "Unconstrained build operations Thread 49"        [_thread_blocked, id=1164291, stack(0x0000700001600000,0x0000700001700000) (1024K)]
  0x00006fff1000c9f0 JavaThread "Unconstrained build operations Thread 50"        [_thread_blocked, id=1164292, stack(0x000070000138f000,0x000070000148f000) (1024K)]
  0x00006fff1011fdc0 JavaThread "Unconstrained build operations Thread 51"        [_thread_blocked, id=1164293, stack(0x000070000128f000,0x000070000138f000) (1024K)]
  0x00006fff10198020 JavaThread "Unconstrained build operations Thread 52"        [_thread_blocked, id=1164294, stack(0x000070000118f000,0x000070000128f000) (1024K)]
  0x00006fff1000b5c0 JavaThread "Unconstrained build operations Thread 53"        [_thread_blocked, id=1164295, stack(0x000070000108f000,0x000070000118f000) (1024K)]
  0x00006fff100b8540 JavaThread "Unconstrained build operations Thread 54"        [_thread_blocked, id=1164296, stack(0x0000700000f8f000,0x000070000108f000) (1024K)]
  0x00006fff100643d0 JavaThread "Unconstrained build operations Thread 55"        [_thread_blocked, id=1164297, stack(0x0000700000e8f000,0x0000700000f8f000) (1024K)]
  0x00006fff100613f0 JavaThread "Unconstrained build operations Thread 56"        [_thread_blocked, id=1164298, stack(0x0000700000d8f000,0x0000700000e8f000) (1024K)]
  0x00006fff100b5bf0 JavaThread "Unconstrained build operations Thread 57"        [_thread_blocked, id=1164299, stack(0x0000700000c8f000,0x0000700000d8f000) (1024K)]
  0x00006fff100b2490 JavaThread "Unconstrained build operations Thread 58"        [_thread_blocked, id=1164300, stack(0x0000700000b8f000,0x0000700000c8f000) (1024K)]
  0x00006fff100ab160 JavaThread "Unconstrained build operations Thread 59"        [_thread_blocked, id=1164301, stack(0x0000700000800000,0x0000700000900000) (1024K)]
  0x00006fff100b65f0 JavaThread "Unconstrained build operations Thread 60"        [_thread_blocked, id=1164302, stack(0x0000700000700000,0x0000700000800000) (1024K)]
  0x00006fff10124260 JavaThread "Unconstrained build operations Thread 61"        [_thread_blocked, id=1164303, stack(0x0000700000600000,0x0000700000700000) (1024K)]
  0x00006fff10123080 JavaThread "Unconstrained build operations Thread 62"        [_thread_blocked, id=1164304, stack(0x0000700000400000,0x0000700000500000) (1024K)]
  0x00006fff10001370 JavaThread "Unconstrained build operations Thread 63"        [_thread_blocked, id=1164305, stack(0x0000700000300000,0x0000700000400000) (1024K)]
  0x00006fff1005b1a0 JavaThread "Unconstrained build operations Thread 64"        [_thread_blocked, id=1164306, stack(0x0000700000200000,0x0000700000300000) (1024K)]
  0x00006fff10006df0 JavaThread "Unconstrained build operations Thread 65"        [_thread_blocked, id=1164307, stack(0x0000700000000000,0x0000700000100000) (1024K)]
  0x00006fff10120fb0 JavaThread "Unconstrained build operations Thread 66"        [_thread_blocked, id=1164308, stack(0x00006ffefff00000,0x00006fff00000000) (1024K)]
  0x00006fff10068c00 JavaThread "Unconstrained build operations Thread 67"        [_thread_blocked, id=1164309, stack(0x00006ffeffc00000,0x00006ffeffd00000) (1024K)]
  0x00006fff100146c0 JavaThread "Unconstrained build operations Thread 68"        [_thread_blocked, id=1164310, stack(0x00006ffeffb00000,0x00006ffeffc00000) (1024K)]
  0x00006fff1000e6c0 JavaThread "Unconstrained build operations Thread 69"        [_thread_blocked, id=1164311, stack(0x00006ffeffa00000,0x00006ffeffb00000) (1024K)]
  0x00006fff1000edd0 JavaThread "Unconstrained build operations Thread 70"        [_thread_blocked, id=1164312, stack(0x00006ffeff900000,0x00006ffeffa00000) (1024K)]
  0x00006fff10193240 JavaThread "Unconstrained build operations Thread 71"        [_thread_blocked, id=1164313, stack(0x00006ffeff800000,0x00006ffeff900000) (1024K)]
  0x00006fff10193950 JavaThread "Unconstrained build operations Thread 72"        [_thread_blocked, id=1164314, stack(0x00006ffeff700000,0x00006ffeff800000) (1024K)]
  0x00006fff100667b0 JavaThread "Unconstrained build operations Thread 73"        [_thread_blocked, id=1164315, stack(0x00006ffeff600000,0x00006ffeff700000) (1024K)]
  0x00006fff10066ec0 JavaThread "Unconstrained build operations Thread 74"        [_thread_blocked, id=1164316, stack(0x00006ffeff500000,0x00006ffeff600000) (1024K)]
  0x00006fff100b3fc0 JavaThread "Unconstrained build operations Thread 75"        [_thread_blocked, id=1164317, stack(0x00006ffeff400000,0x00006ffeff500000) (1024K)]
  0x00006fff100b46d0 JavaThread "Unconstrained build operations Thread 76"        [_thread_blocked, id=1164318, stack(0x00006ffeff300000,0x00006ffeff400000) (1024K)]
  0x00006fff1006dcc0 JavaThread "Unconstrained build operations Thread 77"        [_thread_blocked, id=1164319, stack(0x00006ffeff200000,0x00006ffeff300000) (1024K)]
  0x00006fff1006e3d0 JavaThread "Unconstrained build operations Thread 78"        [_thread_blocked, id=1164320, stack(0x00006ffeff100000,0x00006ffeff200000) (1024K)]
  0x00006fff100ac440 JavaThread "Unconstrained build operations Thread 79"        [_thread_blocked, id=1164321, stack(0x00006ffefef00000,0x00006ffeff000000) (1024K)]
  0x00006fff100acb50 JavaThread "Unconstrained build operations Thread 80"        [_thread_blocked, id=1164322, stack(0x00006ffefee00000,0x00006ffefef00000) (1024K)]
  0x00006fff100ae680 JavaThread "Unconstrained build operations Thread 81"        [_thread_blocked, id=1164323, stack(0x00006ffefed00000,0x00006ffefee00000) (1024K)]
  0x00006fff100aed90 JavaThread "Unconstrained build operations Thread 82"        [_thread_blocked, id=1164324, stack(0x00006ffefeb00000,0x00006ffefec00000) (1024K)]
  0x00006fff100af4a0 JavaThread "Unconstrained build operations Thread 83"        [_thread_blocked, id=1164325, stack(0x00006ffefea00000,0x00006ffefeb00000) (1024K)]
  0x00006fff10011080 JavaThread "Unconstrained build operations Thread 84"        [_thread_blocked, id=1164326, stack(0x00006ffefe900000,0x00006ffefea00000) (1024K)]
  0x00006fff10011790 JavaThread "Unconstrained build operations Thread 85"        [_thread_blocked, id=1164327, stack(0x00006ffefe800000,0x00006ffefe900000) (1024K)]
  0x00006fff10011ea0 JavaThread "Unconstrained build operations Thread 86"        [_thread_blocked, id=1164328, stack(0x00006ffefe700000,0x00006ffefe800000) (1024K)]
  0x00006fff10071d80 JavaThread "Unconstrained build operations Thread 87"        [_thread_blocked, id=1164329, stack(0x00006ffefe600000,0x00006ffefe700000) (1024K)]
  0x00006fff10072490 JavaThread "Unconstrained build operations Thread 88"        [_thread_blocked, id=1164330, stack(0x00006ffefe500000,0x00006ffefe600000) (1024K)]
  0x00006fff10072ba0 JavaThread "Unconstrained build operations Thread 89"        [_thread_blocked, id=1164331, stack(0x00006ffefe400000,0x00006ffefe500000) (1024K)]
  0x00006fff1011be20 JavaThread "Unconstrained build operations Thread 90"        [_thread_blocked, id=1164332, stack(0x00006ffefe300000,0x00006ffefe400000) (1024K)]
  0x00006fff1011c530 JavaThread "Unconstrained build operations Thread 91"        [_thread_blocked, id=1164333, stack(0x00006ffefe200000,0x00006ffefe300000) (1024K)]
  0x00006fff1011cc40 JavaThread "Unconstrained build operations Thread 92"        [_thread_blocked, id=1164334, stack(0x00006ffefe000000,0x00006ffefe100000) (1024K)]
  0x00006fff1011d350 JavaThread "Unconstrained build operations Thread 93"        [_thread_blocked, id=1164335, stack(0x00006ffefdf00000,0x00006ffefe000000) (1024K)]
  0x00006fff100588e0 JavaThread "Unconstrained build operations Thread 94"        [_thread_blocked, id=1164336, stack(0x00006ffefde00000,0x00006ffefdf00000) (1024K)]
  0x00006fff10058ff0 JavaThread "Unconstrained build operations Thread 95"        [_thread_blocked, id=1164337, stack(0x00006ffefdd00000,0x00006ffefde00000) (1024K)]
  0x00006fff10059700 JavaThread "Unconstrained build operations Thread 96"        [_thread_blocked, id=1164338, stack(0x00006ffefdc00000,0x00006ffefdd00000) (1024K)]
  0x00006fff10059e10 JavaThread "Unconstrained build operations Thread 97"        [_thread_blocked, id=1164339, stack(0x00006ffefdb00000,0x00006ffefdc00000) (1024K)]
  0x00006fff100b8f60 JavaThread "Unconstrained build operations Thread 98"        [_thread_blocked, id=1164340, stack(0x00006ffefda00000,0x00006ffefdb00000) (1024K)]
  0x00006fff100a68d0 JavaThread "Unconstrained build operations Thread 99"        [_thread_blocked, id=1164341, stack(0x00006ffefd900000,0x00006ffefda00000) (1024K)]
  0x00006fff100a6fe0 JavaThread "Unconstrained build operations Thread 100"        [_thread_blocked, id=1164342, stack(0x00006ffefd700000,0x00006ffefd800000) (1024K)]
  0x00006fff100a76f0 JavaThread "Unconstrained build operations Thread 101"        [_thread_blocked, id=1164343, stack(0x00006ffefd600000,0x00006ffefd700000) (1024K)]
  0x00006fff100a7e00 JavaThread "Unconstrained build operations Thread 102"        [_thread_blocked, id=1164344, stack(0x00006ffefd500000,0x00006ffefd600000) (1024K)]
  0x00006fff10056750 JavaThread "Unconstrained build operations Thread 103"        [_thread_blocked, id=1164345, stack(0x00006ffefce00000,0x00006ffefcf00000) (1024K)]
  0x00006fff10057440 JavaThread "Unconstrained build operations Thread 104"        [_thread_blocked, id=1164346, stack(0x00006ffefcc00000,0x00006ffefcd00000) (1024K)]
  0x00006fff1002fa00 JavaThread "Unconstrained build operations Thread 105"        [_thread_blocked, id=1164347, stack(0x00006ffefca00000,0x00006ffefcb00000) (1024K)]
  0x00006fff10030ae0 JavaThread "Unconstrained build operations Thread 106"        [_thread_blocked, id=1164348, stack(0x00006ffefc900000,0x00006ffefca00000) (1024K)]
  0x00006fff10031d20 JavaThread "Unconstrained build operations Thread 107"        [_thread_blocked, id=1164349, stack(0x00006ffefc800000,0x00006ffefc900000) (1024K)]
  0x00006fff10032ea0 JavaThread "Unconstrained build operations Thread 108"        [_thread_blocked, id=1164350, stack(0x00006ffefc600000,0x00006ffefc700000) (1024K)]
  0x00006fff10035770 JavaThread "Unconstrained build operations Thread 109"        [_thread_blocked, id=1164351, stack(0x00006ffefc500000,0x00006ffefc600000) (1024K)]
  0x00006fff10036490 JavaThread "Unconstrained build operations Thread 110"        [_thread_blocked, id=1164352, stack(0x00006ffefc400000,0x00006ffefc500000) (1024K)]
  0x00006ffe6c002210 JavaThread "Unconstrained build operations Thread 111"        [_thread_blocked, id=1164354, stack(0x00006ffefc200000,0x00006ffefc300000) (1024K)]
  0x00006ffe6c009bd0 JavaThread "Unconstrained build operations Thread 112"        [_thread_blocked, id=1164355, stack(0x00006ffefc100000,0x00006ffefc200000) (1024K)]
  0x00006ffe6c005360 JavaThread "Unconstrained build operations Thread 113"        [_thread_blocked, id=1164356, stack(0x00006ffefc000000,0x00006ffefc100000) (1024K)]
  0x00006ffe6c006220 JavaThread "Unconstrained build operations Thread 114"        [_thread_blocked, id=1164357, stack(0x00006ffe4fd00000,0x00006ffe4fe00000) (1024K)]
  0x00006ffe6c006f70 JavaThread "Unconstrained build operations Thread 115"        [_thread_blocked, id=1164358, stack(0x00006ffe4fa00000,0x00006ffe4fb00000) (1024K)]
  0x00006ffe6c00dc50 JavaThread "Unconstrained build operations Thread 116"        [_thread_blocked, id=1164359, stack(0x00006ffe4f800000,0x00006ffe4f900000) (1024K)]
  0x00006ffe6c00e9b0 JavaThread "Unconstrained build operations Thread 117"        [_thread_blocked, id=1164360, stack(0x00006ffe4f600000,0x00006ffe4f700000) (1024K)]
  0x00006ffe6c00f710 JavaThread "Unconstrained build operations Thread 118"        [_thread_blocked, id=1164361, stack(0x00006ffe4f500000,0x00006ffe4f600000) (1024K)]
  0x00006ffe6c010480 JavaThread "Unconstrained build operations Thread 119"        [_thread_blocked, id=1164362, stack(0x00006ffe4f400000,0x00006ffe4f500000) (1024K)]
  0x00006ffe6c011630 JavaThread "Unconstrained build operations Thread 120"        [_thread_blocked, id=1164363, stack(0x00006ffe4f300000,0x00006ffe4f400000) (1024K)]
  0x00006ffe6c012840 JavaThread "Unconstrained build operations Thread 121"        [_thread_blocked, id=1164364, stack(0x00006ffe4f200000,0x00006ffe4f300000) (1024K)]
  0x00006ffe6c013a50 JavaThread "Unconstrained build operations Thread 122"        [_thread_blocked, id=1164365, stack(0x00006ffe4f100000,0x00006ffe4f200000) (1024K)]
  0x00006ffe6c014c70 JavaThread "Unconstrained build operations Thread 123"        [_thread_blocked, id=1164366, stack(0x00006ffe4f000000,0x00006ffe4f100000) (1024K)]
  0x00006ffe6c015e90 JavaThread "Unconstrained build operations Thread 124"        [_thread_blocked, id=1164367, stack(0x00006ffe4ef00000,0x00006ffe4f000000) (1024K)]
  0x00006ffe6c0170a0 JavaThread "Unconstrained build operations Thread 125"        [_thread_blocked, id=1164368, stack(0x00006ffe4ee00000,0x00006ffe4ef00000) (1024K)]
  0x00006ffe6c0182b0 JavaThread "Unconstrained build operations Thread 126"        [_thread_blocked, id=1164369, stack(0x00006ffe4ed00000,0x00006ffe4ee00000) (1024K)]
  0x00006ffe6c0194c0 JavaThread "Unconstrained build operations Thread 127"        [_thread_blocked, id=1164370, stack(0x00006ffe4eb00000,0x00006ffe4ec00000) (1024K)]
  0x00006ffe6c01a6d0 JavaThread "Unconstrained build operations Thread 128"        [_thread_blocked, id=1164371, stack(0x00006ffe4ea00000,0x00006ffe4eb00000) (1024K)]
  0x00006ffe6c01cd30 JavaThread "Unconstrained build operations Thread 129"        [_thread_blocked, id=1164372, stack(0x00006ffe4e900000,0x00006ffe4ea00000) (1024K)]
  0x00006ffe6c01dc70 JavaThread "Unconstrained build operations Thread 130"        [_thread_blocked, id=1164373, stack(0x00006ffe4e800000,0x00006ffe4e900000) (1024K)]
  0x00006ffe6c01ee20 JavaThread "Unconstrained build operations Thread 131"        [_thread_blocked, id=1164374, stack(0x00006ffe4e600000,0x00006ffe4e700000) (1024K)]
  0x00006ffe6c01ffd0 JavaThread "Unconstrained build operations Thread 132"        [_thread_blocked, id=1164375, stack(0x00006ffe4e400000,0x00006ffe4e500000) (1024K)]
  0x00006ffe6c0211b0 JavaThread "Unconstrained build operations Thread 133"        [_thread_blocked, id=1164376, stack(0x00006ffe4e300000,0x00006ffe4e400000) (1024K)]
  0x00006ffe6c0223c0 JavaThread "Unconstrained build operations Thread 134"        [_thread_blocked, id=1164377, stack(0x00006ffe4df00000,0x00006ffe4e000000) (1024K)]
  0x00006ffe6c0235e0 JavaThread "Unconstrained build operations Thread 135"        [_thread_blocked, id=1164378, stack(0x00006ffe4dd00000,0x00006ffe4de00000) (1024K)]
  0x00006ffe6c024400 JavaThread "Unconstrained build operations Thread 136"        [_thread_blocked, id=1164379, stack(0x00006ffe4dc00000,0x00006ffe4dd00000) (1024K)]
  0x00006ffe6c025610 JavaThread "Unconstrained build operations Thread 137"        [_thread_blocked, id=1164380, stack(0x00006ffe4db00000,0x00006ffe4dc00000) (1024K)]
  0x00006ffe6c026430 JavaThread "Unconstrained build operations Thread 138"        [_thread_blocked, id=1164381, stack(0x00006ffe4da00000,0x00006ffe4db00000) (1024K)]
  0x00006ffe6c027640 JavaThread "Unconstrained build operations Thread 139"        [_thread_blocked, id=1164382, stack(0x00006ffe4d900000,0x00006ffe4da00000) (1024K)]
  0x00006ffe6c028850 JavaThread "Unconstrained build operations Thread 140"        [_thread_blocked, id=1164383, stack(0x00006ffe4d800000,0x00006ffe4d900000) (1024K)]
  0x00006ffe6c029a80 JavaThread "Unconstrained build operations Thread 141"        [_thread_blocked, id=1164384, stack(0x00006ffe4d500000,0x00006ffe4d600000) (1024K)]
  0x00006ffe6c029370 JavaThread "Unconstrained build operations Thread 142"        [_thread_blocked, id=1164385, stack(0x00006ffe4d400000,0x00006ffe4d500000) (1024K)]
  0x00006ffe6c02a5a0 JavaThread "Unconstrained build operations Thread 143"        [_thread_blocked, id=1164386, stack(0x00006ffe4d300000,0x00006ffe4d400000) (1024K)]
  0x00006ffe6c02b740 JavaThread "Unconstrained build operations Thread 144"        [_thread_blocked, id=1164387, stack(0x00006ffe4d200000,0x00006ffe4d300000) (1024K)]
  0x00006ffe6c02c950 JavaThread "Unconstrained build operations Thread 145"        [_thread_blocked, id=1164388, stack(0x00006ffe4d100000,0x00006ffe4d200000) (1024K)]
  0x00006ffe6c02f500 JavaThread "Unconstrained build operations Thread 146"        [_thread_blocked, id=1164389, stack(0x00006ffe4d000000,0x00006ffe4d100000) (1024K)]
  0x00006ffe6c030e40 JavaThread "Unconstrained build operations Thread 147"        [_thread_blocked, id=1164390, stack(0x00006ffe4cf00000,0x00006ffe4d000000) (1024K)]
  0x00006ffe6c00cc80 JavaThread "Unconstrained build operations Thread 148"        [_thread_blocked, id=1164391, stack(0x00006ffe4ce00000,0x00006ffe4cf00000) (1024K)]
  0x00006ffe6c031580 JavaThread "Unconstrained build operations Thread 149"        [_thread_blocked, id=1164392, stack(0x00006ffe4cd00000,0x00006ffe4ce00000) (1024K)]
  0x00006ffe6c008390 JavaThread "Unconstrained build operations Thread 150"        [_thread_blocked, id=1164393, stack(0x00006ffe4cc00000,0x00006ffe4cd00000) (1024K)]
  0x00006ffe6c033cd0 JavaThread "Unconstrained build operations Thread 151"        [_thread_blocked, id=1164394, stack(0x00006ffe4c800000,0x00006ffe4c900000) (1024K)]
  0x00006ffe6c034420 JavaThread "Unconstrained build operations Thread 152"        [_thread_blocked, id=1164395, stack(0x00006ffe4bf00000,0x00006ffe4c000000) (1024K)]
  0x00006ffe6c0351e0 JavaThread "Unconstrained build operations Thread 153"        [_thread_blocked, id=1164396, stack(0x00006ffe4bc00000,0x00006ffe4bd00000) (1024K)]
  0x00006ffe6c03a2c0 JavaThread "Unconstrained build operations Thread 154"        [_thread_blocked, id=1164397, stack(0x00006ffe4bb00000,0x00006ffe4bc00000) (1024K)]
  0x00006ffe6c039b30 JavaThread "Unconstrained build operations Thread 155"        [_thread_blocked, id=1164398, stack(0x00006ffe4ba00000,0x00006ffe4bb00000) (1024K)]
  0x00006ffe6c03cb90 JavaThread "Unconstrained build operations Thread 156"        [_thread_blocked, id=1164399, stack(0x00006ffe4b900000,0x00006ffe4ba00000) (1024K)]
  0x00006ffe6c03c3f0 JavaThread "Unconstrained build operations Thread 157"        [_thread_blocked, id=1164400, stack(0x00006ffe4b800000,0x00006ffe4b900000) (1024K)]
  0x00006ffe6c03d730 JavaThread "Unconstrained build operations Thread 158"        [_thread_blocked, id=1164401, stack(0x00006ffe4b700000,0x00006ffe4b800000) (1024K)]
  0x00006ffe6c03e950 JavaThread "Unconstrained build operations Thread 159"        [_thread_blocked, id=1164402, stack(0x00006ffe4b600000,0x00006ffe4b700000) (1024K)]
  0x00006ffe6c03fb40 JavaThread "Unconstrained build operations Thread 160"        [_thread_blocked, id=1164403, stack(0x00006ffe4b500000,0x00006ffe4b600000) (1024K)]
  0x00006ffe6c0409f0 JavaThread "Unconstrained build operations Thread 161"        [_thread_blocked, id=1164404, stack(0x00006ffe4b400000,0x00006ffe4b500000) (1024K)]
  0x00006ffe6c041b70 JavaThread "Unconstrained build operations Thread 162"        [_thread_blocked, id=1164405, stack(0x00006ffe4b300000,0x00006ffe4b400000) (1024K)]
  0x00006ffe6c042e10 JavaThread "Unconstrained build operations Thread 163"        [_thread_blocked, id=1164406, stack(0x00006ffe4b200000,0x00006ffe4b300000) (1024K)]
  0x00006ffe6c0440d0 JavaThread "Unconstrained build operations Thread 164"        [_thread_blocked, id=1164407, stack(0x00006ffe4b100000,0x00006ffe4b200000) (1024K)]
  0x00006ffe6c044ef0 JavaThread "Unconstrained build operations Thread 165"        [_thread_blocked, id=1164408, stack(0x00006ffe4b000000,0x00006ffe4b100000) (1024K)]
  0x00006ffe6c045d10 JavaThread "Unconstrained build operations Thread 166"        [_thread_blocked, id=1164409, stack(0x00006ffe4af00000,0x00006ffe4b000000) (1024K)]
  0x00006ffe6c046b60 JavaThread "Unconstrained build operations Thread 167"        [_thread_blocked, id=1164410, stack(0x00006ffe4ae00000,0x00006ffe4af00000) (1024K)]
  0x00006ffe6c048160 JavaThread "Unconstrained build operations Thread 168"        [_thread_blocked, id=1164411, stack(0x00006ffe4ad00000,0x00006ffe4ae00000) (1024K)]
  0x00006ffe6c049390 JavaThread "Unconstrained build operations Thread 169"        [_thread_blocked, id=1164412, stack(0x00006ffe4ac00000,0x00006ffe4ad00000) (1024K)]
  0x00006ffe6c06c010 JavaThread "Unconstrained build operations Thread 170"        [_thread_blocked, id=1164413, stack(0x00006ffe4ab00000,0x00006ffe4ac00000) (1024K)]
  0x00006ffe6c04dc60 JavaThread "Unconstrained build operations Thread 171"        [_thread_blocked, id=1164414, stack(0x00006ffe4aa00000,0x00006ffe4ab00000) (1024K)]
  0x00006ffe6c04c150 JavaThread "Unconstrained build operations Thread 172"        [_thread_blocked, id=1164415, stack(0x00006ffe4a900000,0x00006ffe4aa00000) (1024K)]
  0x00006ffe6c04e370 JavaThread "Unconstrained build operations Thread 173"        [_thread_blocked, id=1164416, stack(0x00006ffe4a800000,0x00006ffe4a900000) (1024K)]
  0x00006ffe6c04f150 JavaThread "Unconstrained build operations Thread 174"        [_thread_blocked, id=1164417, stack(0x00006ffe4a700000,0x00006ffe4a800000) (1024K)]
  0x00006ffe6c04ff70 JavaThread "Unconstrained build operations Thread 175"        [_thread_blocked, id=1164418, stack(0x00006ffe4a600000,0x00006ffe4a700000) (1024K)]
  0x00006ffe6c0514b0 JavaThread "Unconstrained build operations Thread 176"        [_thread_blocked, id=1164419, stack(0x00006ffe4a500000,0x00006ffe4a600000) (1024K)]
  0x00006ffe6c052660 JavaThread "Unconstrained build operations Thread 177"        [_thread_blocked, id=1164420, stack(0x00006ffe4a400000,0x00006ffe4a500000) (1024K)]
  0x00006ffe6c053410 JavaThread "Unconstrained build operations Thread 178"        [_thread_blocked, id=1164421, stack(0x00006ffe4a300000,0x00006ffe4a400000) (1024K)]
  0x00006ffe6c0542c0 JavaThread "Unconstrained build operations Thread 179"        [_thread_blocked, id=1164422, stack(0x00006ffe4a200000,0x00006ffe4a300000) (1024K)]
  0x00006ffe6c055550 JavaThread "Unconstrained build operations Thread 180"        [_thread_blocked, id=1164423, stack(0x00006ffe4a100000,0x00006ffe4a200000) (1024K)]
  0x00006ffe6c056820 JavaThread "Unconstrained build operations Thread 181"        [_thread_blocked, id=1164424, stack(0x00006ffe4a000000,0x00006ffe4a100000) (1024K)]
  0x00006ffe6c057af0 JavaThread "Unconstrained build operations Thread 182"        [_thread_blocked, id=1164425, stack(0x00006ffe49f00000,0x00006ffe4a000000) (1024K)]
  0x00006ffe6c058750 JavaThread "Unconstrained build operations Thread 183"        [_thread_blocked, id=1164426, stack(0x00006ffe49e00000,0x00006ffe49f00000) (1024K)]
  0x00006ffe6c059a30 JavaThread "Unconstrained build operations Thread 184"        [_thread_blocked, id=1164427, stack(0x00006ffe49d00000,0x00006ffe49e00000) (1024K)]
  0x00006ffe6c05ad00 JavaThread "Unconstrained build operations Thread 185"        [_thread_blocked, id=1164428, stack(0x00006ffe49c00000,0x00006ffe49d00000) (1024K)]
  0x00006ffe6c05b940 JavaThread "Unconstrained build operations Thread 186"        [_thread_blocked, id=1164429, stack(0x00006ffe49b00000,0x00006ffe49c00000) (1024K)]
  0x00006ffe6c05cab0 JavaThread "Unconstrained build operations Thread 187"        [_thread_blocked, id=1164430, stack(0x00006ffe49a00000,0x00006ffe49b00000) (1024K)]
  0x00006ffe6c060a80 JavaThread "Unconstrained build operations Thread 188"        [_thread_blocked, id=1164431, stack(0x00006ffe49900000,0x00006ffe49a00000) (1024K)]
  0x00006ffe6c05eb50 JavaThread "Unconstrained build operations Thread 189"        [_thread_blocked, id=1164432, stack(0x00006ffe40d6b000,0x00006ffe40e6b000) (1024K)]
  0x00006ffe6c0616f0 JavaThread "Unconstrained build operations Thread 190"        [_thread_blocked, id=1164433, stack(0x00006ffe40c6b000,0x00006ffe40d6b000) (1024K)]
  0x00006ffe6c062410 JavaThread "Unconstrained build operations Thread 191"        [_thread_blocked, id=1164434, stack(0x00006ffe40b6b000,0x00006ffe40c6b000) (1024K)]
  0x00006ffe6c06b220 JavaThread "Unconstrained build operations Thread 192"        [_thread_blocked, id=1164435, stack(0x00006ffe4096b000,0x00006ffe40a6b000) (1024K)]
  0x00006ffed0009170 JavaThread "Unconstrained build operations Thread 193"        [_thread_blocked, id=1164436, stack(0x00006ffe4086b000,0x00006ffe4096b000) (1024K)]
  0x00006ffed000a600 JavaThread "Unconstrained build operations Thread 194"        [_thread_blocked, id=1164437, stack(0x00006ffe40600000,0x00006ffe40700000) (1024K)]
  0x00006ffed0009d30 JavaThread "Unconstrained build operations Thread 195"        [_thread_blocked, id=1164438, stack(0x00006ffe40200000,0x00006ffe40300000) (1024K)]
  0x00006ffed000b3f0 JavaThread "Unconstrained build operations Thread 196"        [_thread_blocked, id=1164439, stack(0x00006ffe40100000,0x00006ffe40200000) (1024K)]
  0x00006ffed000c220 JavaThread "Unconstrained build operations Thread 197"        [_thread_blocked, id=1164440, stack(0x00006ffe40000000,0x00006ffe40100000) (1024K)]
  0x00006ffed000d030 JavaThread "Unconstrained build operations Thread 198"        [_thread_blocked, id=1164441, stack(0x00006ffe3bf00000,0x00006ffe3c000000) (1024K)]
  0x00006ffed000de50 JavaThread "Unconstrained build operations Thread 199"        [_thread_blocked, id=1164442, stack(0x00006ffe3be00000,0x00006ffe3bf00000) (1024K)]
  0x00006ffed000ec70 JavaThread "Unconstrained build operations Thread 200"        [_thread_blocked, id=1164443, stack(0x00006ffe3bd00000,0x00006ffe3be00000) (1024K)]
  0x00006fff740304e0 JavaThread "WorkerExecutor Queue"              [_thread_blocked, id=1164451, stack(0x00006ffe4de00000,0x00006ffe4df00000) (1024K)]
  0x00006ffee4016580 JavaThread "WorkerExecutor Queue Thread 2"        [_thread_blocked, id=1164452, stack(0x00006ffe3bc00000,0x00006ffe3bd00000) (1024K)]
  0x00006ffeb00023e0 JavaThread "WorkerExecutor Queue Thread 3"        [_thread_blocked, id=1164453, stack(0x00006ffe3bb00000,0x00006ffe3bc00000) (1024K)]
  0x00006fff3411b590 JavaThread "DefaultDispatcher-worker-1" daemon [_thread_blocked, id=1164519, stack(0x00006ffefc300000,0x00006ffefc400000) (1024K)]
  0x00006fff3076c010 JavaThread "DefaultDispatcher-worker-2" daemon [_thread_blocked, id=1164520, stack(0x00006ffe3ac00000,0x00006ffe3ad00000) (1024K)]
  0x00006fff3c6cc030 JavaThread "DefaultDispatcher-worker-3" daemon [_thread_blocked, id=1164521, stack(0x00006ffe4fc00000,0x00006ffe4fd00000) (1024K)]
  0x00006fff3411c570 JavaThread "DefaultDispatcher-worker-4" daemon [_thread_blocked, id=1164522, stack(0x00006ffe3ba00000,0x00006ffe3bb00000) (1024K)]
  0x00006fff4805a2b0 JavaThread "DefaultDispatcher-worker-5" daemon [_thread_blocked, id=1164523, stack(0x00006ffe3b900000,0x00006ffe3ba00000) (1024K)]
  0x00006fff4408f020 JavaThread "DefaultDispatcher-worker-6" daemon [_thread_blocked, id=1164524, stack(0x00006ffe3b800000,0x00006ffe3b900000) (1024K)]
  0x00006fff541d0240 JavaThread "DefaultDispatcher-worker-7" daemon [_thread_blocked, id=1164525, stack(0x00006ffe3b700000,0x00006ffe3b800000) (1024K)]
  0x00006fff501cad00 JavaThread "DefaultDispatcher-worker-8" daemon [_thread_blocked, id=1164526, stack(0x00006ffe3b600000,0x00006ffe3b700000) (1024K)]
  0x00006fff40006e50 JavaThread "DefaultDispatcher-worker-9" daemon [_thread_blocked, id=1164527, stack(0x00006ffe3b500000,0x00006ffe3b600000) (1024K)]
  0x000070000c01b9c0 JavaThread "File lock release action executor Thread 6"        [_thread_blocked, id=1164548, stack(0x00006ffe3b400000,0x00006ffe3b500000) (1024K)]
  0x00006fffb4137c10 JavaThread "C1 CompilerThread2"         daemon [_thread_blocked, id=1164655, stack(0x00006ffe3b000000,0x00006ffe3b100000) (1024K)]
  0x00006fff8400c980 JavaThread "C1 CompilerThread3"         daemon [_thread_blocked, id=1164656, stack(0x00006ffe3b100000,0x00006ffe3b200000) (1024K)]
  0x00006fffb40ee110 JavaThread "C2 CompilerThread1"         daemon [_thread_blocked, id=1164729, stack(0x00006ffe3af00000,0x00006ffe3b000000) (1024K)]
  0x00006fff9400b420 JavaThread "C2 CompilerThread2"         daemon [_thread_blocked, id=1164730, stack(0x00006ffe3b300000,0x00006ffe3b400000) (1024K)]
Total: 296

Other Threads:
  0x00007001384197a0 VMThread "VM Thread"                           [id=1074241, stack(0x000070013c20a000,0x000070013c30a000) (1024K)]
  0x0000700138407670 WatcherThread "VM Periodic Task Thread"        [id=1074240, stack(0x000070013c30b000,0x000070013c40b000) (1024K)]
  0x0000700138089d10 WorkerThread "GC Thread#0"                     [id=1074235, stack(0x000070013d7fb000,0x000070013d8fb000) (1024K)]
  0x00007000b40092b0 WorkerThread "GC Thread#1"                     [id=1074295, stack(0x00007000c5e00000,0x00007000c5f00000) (1024K)]
  0x00007000b4009db0 WorkerThread "GC Thread#2"                     [id=1074296, stack(0x00007000c5cff000,0x00007000c5dff000) (1024K)]
  0x00007000b400a8b0 WorkerThread "GC Thread#3"                     [id=1074297, stack(0x00007000c5bfe000,0x00007000c5cfe000) (1024K)]
  0x00007000b400b3b0 WorkerThread "GC Thread#4"                     [id=1074298, stack(0x00007000c5afd000,0x00007000c5bfd000) (1024K)]
=>0x00007000b400beb0 WorkerThread "GC Thread#5"                     [id=1074299, stack(0x00007000c59fc000,0x00007000c5afc000) (1024K)]
  0x00007000b400c9e0 WorkerThread "GC Thread#6"                     [id=1074300, stack(0x00007000c58fb000,0x00007000c59fb000) (1024K)]
  0x00007000b400d510 WorkerThread "GC Thread#7"                     [id=1074301, stack(0x00007000c57fa000,0x00007000c58fa000) (1024K)]
  0x00007000b400e040 WorkerThread "GC Thread#8"                     [id=1074302, stack(0x00007000c56f9000,0x00007000c57f9000) (1024K)]
  0x00007000b400eb90 WorkerThread "GC Thread#9"                     [id=1074303, stack(0x00007000c55f8000,0x00007000c56f8000) (1024K)]
  0x00007000b400f700 WorkerThread "GC Thread#10"                    [id=1074304, stack(0x00007000c54f7000,0x00007000c55f7000) (1024K)]
  0x00007000b4010270 WorkerThread "GC Thread#11"                    [id=1074305, stack(0x00007000c53f6000,0x00007000c54f6000) (1024K)]
  0x00007000b4010de0 WorkerThread "GC Thread#12"                    [id=1074306, stack(0x00007000c52f5000,0x00007000c53f5000) (1024K)]
  0x00007000b4011950 WorkerThread "GC Thread#13"                    [id=1074307, stack(0x00007000c51f4000,0x00007000c52f4000) (1024K)]
  0x00007000b40124c0 WorkerThread "GC Thread#14"                    [id=1074308, stack(0x00007000c50f3000,0x00007000c51f3000) (1024K)]
  0x000070013809b290 ConcurrentGCThread "G1 Main Marker"            [id=1074236, stack(0x000070013d6fa000,0x000070013d7fa000) (1024K)]
  0x000070013809c190 WorkerThread "G1 Conc#0"                       [id=1074237, stack(0x000070013d5f9000,0x000070013d6f9000) (1024K)]
  0x0000700110000d90 WorkerThread "G1 Conc#1"                       [id=1074323, stack(0x00007000c42f2000,0x00007000c43f2000) (1024K)]
  0x00007001100018d0 WorkerThread "G1 Conc#2"                       [id=1074324, stack(0x00007000c41f1000,0x00007000c42f1000) (1024K)]
  0x0000700110002410 WorkerThread "G1 Conc#3"                       [id=1074325, stack(0x00007000c40f0000,0x00007000c41f0000) (1024K)]
  0x00007001383f3dc0 ConcurrentGCThread "G1 Refine#0"               [id=1074238, stack(0x000070013c5e9000,0x000070013c6e9000) (1024K)]
  0x00007001383f4d80 ConcurrentGCThread "G1 Service"                [id=1074239, stack(0x000070013c4e8000,0x000070013c5e8000) (1024K)]
Total: 24

Threads with active compile tasks:
C2 CompilerThread0  2380111 66065       4       org.objectweb.asm.ClassReader::accept (1419 bytes)
C2 CompilerThread1  2380111 66111       4       org.objectweb.asm.Type::getDescriptor (73 bytes)
C2 CompilerThread2  2380111 66062       4       org.objectweb.asm.ClassReader::readCode (5117 bytes)
Total: 3

VM state: at safepoint (normal execution)

VM Mutex/Monitor currently owned by a thread:  ([mutex/lock_event])
[0x0000700140af2ed8] Threads_lock - owner thread: 0x00007001384197a0
[0x0000700140af2dd8] Heap_lock - owner thread: 0x00006ffeb00023e0

Heap address: 0x0000000080000000, size: 2048 MB, Compressed Oops mode: 32-bit

CDS archive(s) mapped at: [0x00007000c7000000-0x00007000c7c9b000-0x00007000c7c9b000), size 13217792, SharedBaseAddress: 0x00007000c7000000, ArchiveRelocationMode: 1.
Compressed class space mapped at: 0x00007000c8000000-0x0000700108000000, reserved size: 1073741824
Narrow klass base: 0x00007000c7000000, Narrow klass shift: 0, Narrow klass range: 0x100000000

GC Precious Log:
 CardTable entry size: 512
 Card Set container configuration: InlinePtr #cards 5 size 8 Array Of Cards #cards 12 size 40 Howl #buckets 4 coarsen threshold 1843 Howl Bitmap #cards 512 size 80 coarsen threshold 460 Card regions per heap region 1 cards per card region 2048
 CPUs: 20 total, 20 available
 Memory: 55946M
 Large Page Support: Disabled
 NUMA Support: Disabled
 Compressed Oops: Enabled (32-bit)
 Heap Region Size: 1M
 Heap Min Capacity: 8M
 Heap Initial Capacity: 876M
 Heap Max Capacity: 2G
 Pre-touch: Disabled
 Parallel Workers: 15
 Concurrent Workers: 4
 Concurrent Refinement Workers: 15
 Periodic GC: Disabled

Heap:
 garbage-first heap   total 944128K, used 830427K [0x0000000080000000, 0x0000000100000000)
  region size 1024K, 500 young (512000K), 51 survivors (52224K)
 Metaspace       used 409446K, committed 411840K, reserved 1441792K
  class space    used 50928K, committed 52096K, reserved 1048576K

Heap Regions: E=young(eden), S=young(survivor), O=old, HS=humongous(starts), HC=humongous(continues), CS=collection set, F=free, TAMS=top-at-mark-start, PB=parsable bottom
|   0|0x0000000080000000, 0x0000000080100000, 0x0000000080100000|100%|HS|  |TAMS 0x0000000080000000| PB 0x0000000080000000| Complete 
|   1|0x0000000080100000, 0x0000000080200000, 0x0000000080200000|100%|HC|  |TAMS 0x0000000080100000| PB 0x0000000080100000| Complete 
|   2|0x0000000080200000, 0x0000000080300000, 0x0000000080300000|100%|HC|  |TAMS 0x0000000080200000| PB 0x0000000080200000| Complete 
|   3|0x0000000080300000, 0x0000000080400000, 0x0000000080400000|100%|HC|  |TAMS 0x0000000080300000| PB 0x0000000080300000| Complete 
|   4|0x0000000080400000, 0x0000000080500000, 0x0000000080500000|100%| O|  |TAMS 0x0000000080400000| PB 0x0000000080400000| Untracked 
|   5|0x0000000080500000, 0x0000000080600000, 0x0000000080600000|100%|HS|  |TAMS 0x0000000080500000| PB 0x0000000080500000| Complete 
|   6|0x0000000080600000, 0x0000000080700000, 0x0000000080700000|100%| O|  |TAMS 0x0000000080600000| PB 0x0000000080600000| Untracked 
|   7|0x0000000080700000, 0x0000000080800000, 0x0000000080800000|100%| O|  |TAMS 0x0000000080700000| PB 0x0000000080700000| Untracked 
|   8|0x0000000080800000, 0x0000000080900000, 0x0000000080900000|100%| O|  |TAMS 0x0000000080800000| PB 0x0000000080800000| Untracked 
|   9|0x0000000080900000, 0x0000000080a00000, 0x0000000080a00000|100%| O|  |TAMS 0x0000000080900000| PB 0x0000000080900000| Untracked 
|  10|0x0000000080a00000, 0x0000000080b00000, 0x0000000080b00000|100%| O|  |TAMS 0x0000000080a00000| PB 0x0000000080a00000| Untracked 
|  11|0x0000000080b00000, 0x0000000080c00000, 0x0000000080c00000|100%| O|  |TAMS 0x0000000080b00000| PB 0x0000000080b00000| Untracked 
|  12|0x0000000080c00000, 0x0000000080d00000, 0x0000000080d00000|100%| O|  |TAMS 0x0000000080c00000| PB 0x0000000080c00000| Untracked 
|  13|0x0000000080d00000, 0x0000000080e00000, 0x0000000080e00000|100%| O|  |TAMS 0x0000000080d00000| PB 0x0000000080d00000| Untracked 
|  14|0x0000000080e00000, 0x0000000080f00000, 0x0000000080f00000|100%| O|  |TAMS 0x0000000080e00000| PB 0x0000000080e00000| Untracked 
|  15|0x0000000080f00000, 0x0000000081000000, 0x0000000081000000|100%| O|  |TAMS 0x0000000080f00000| PB 0x0000000080f00000| Untracked 
|  16|0x0000000081000000, 0x0000000081100000, 0x0000000081100000|100%| O|  |TAMS 0x0000000081000000| PB 0x0000000081000000| Untracked 
|  17|0x0000000081100000, 0x0000000081200000, 0x0000000081200000|100%| O|  |TAMS 0x0000000081100000| PB 0x0000000081100000| Untracked 
|  18|0x0000000081200000, 0x0000000081300000, 0x0000000081300000|100%| O|  |TAMS 0x0000000081200000| PB 0x0000000081200000| Untracked 
|  19|0x0000000081300000, 0x0000000081400000, 0x0000000081400000|100%| O|  |TAMS 0x0000000081300000| PB 0x0000000081300000| Untracked 
|  20|0x0000000081400000, 0x0000000081500000, 0x0000000081500000|100%| O|  |TAMS 0x0000000081400000| PB 0x0000000081400000| Untracked 
|  21|0x0000000081500000, 0x0000000081600000, 0x0000000081600000|100%| O|  |TAMS 0x0000000081500000| PB 0x0000000081500000| Untracked 
|  22|0x0000000081600000, 0x0000000081700000, 0x0000000081700000|100%| O|  |TAMS 0x0000000081600000| PB 0x0000000081600000| Untracked 
|  23|0x0000000081700000, 0x0000000081800000, 0x0000000081800000|100%| O|  |TAMS 0x0000000081700000| PB 0x0000000081700000| Untracked 
|  24|0x0000000081800000, 0x0000000081900000, 0x0000000081900000|100%| O|  |TAMS 0x0000000081800000| PB 0x0000000081800000| Untracked 
|  25|0x0000000081900000, 0x0000000081a00000, 0x0000000081a00000|100%| O|  |TAMS 0x0000000081900000| PB 0x0000000081900000| Untracked 
|  26|0x0000000081a00000, 0x0000000081b00000, 0x0000000081b00000|100%| O|  |TAMS 0x0000000081a00000| PB 0x0000000081a00000| Untracked 
|  27|0x0000000081b00000, 0x0000000081c00000, 0x0000000081c00000|100%| O|  |TAMS 0x0000000081b00000| PB 0x0000000081b00000| Untracked 
|  28|0x0000000081c00000, 0x0000000081d00000, 0x0000000081d00000|100%| O|  |TAMS 0x0000000081c00000| PB 0x0000000081c00000| Untracked 
|  29|0x0000000081d00000, 0x0000000081e00000, 0x0000000081e00000|100%| O|  |TAMS 0x0000000081d00000| PB 0x0000000081d00000| Untracked 
|  30|0x0000000081e00000, 0x0000000081f00000, 0x0000000081f00000|100%| O|  |TAMS 0x0000000081e00000| PB 0x0000000081e00000| Untracked 
|  31|0x0000000081f00000, 0x0000000082000000, 0x0000000082000000|100%| O|  |TAMS 0x0000000081f00000| PB 0x0000000081f00000| Untracked 
|  32|0x0000000082000000, 0x0000000082100000, 0x0000000082100000|100%|HS|  |TAMS 0x0000000082000000| PB 0x0000000082000000| Complete 
|  33|0x0000000082100000, 0x0000000082200000, 0x0000000082200000|100%|HS|  |TAMS 0x0000000082100000| PB 0x0000000082100000| Complete 
|  34|0x0000000082200000, 0x0000000082300000, 0x0000000082300000|100%| O|  |TAMS 0x0000000082200000| PB 0x0000000082200000| Untracked 
|  35|0x0000000082300000, 0x0000000082400000, 0x0000000082400000|100%| O|  |TAMS 0x0000000082300000| PB 0x0000000082300000| Untracked 
|  36|0x0000000082400000, 0x0000000082500000, 0x0000000082500000|100%|HS|  |TAMS 0x0000000082400000| PB 0x0000000082400000| Complete 
|  37|0x0000000082500000, 0x0000000082600000, 0x0000000082600000|100%|HS|  |TAMS 0x0000000082500000| PB 0x0000000082500000| Complete 
|  38|0x0000000082600000, 0x0000000082700000, 0x0000000082700000|100%|HC|  |TAMS 0x0000000082600000| PB 0x0000000082600000| Complete 
|  39|0x0000000082700000, 0x0000000082800000, 0x0000000082800000|100%| O|  |TAMS 0x0000000082700000| PB 0x0000000082700000| Untracked 
|  40|0x0000000082800000, 0x0000000082900000, 0x0000000082900000|100%| O|CS|TAMS 0x0000000082800000| PB 0x0000000082800000| Complete 
|  41|0x0000000082900000, 0x0000000082a00000, 0x0000000082a00000|100%|HS|  |TAMS 0x0000000082900000| PB 0x0000000082900000| Complete 
|  42|0x0000000082a00000, 0x0000000082b00000, 0x0000000082b00000|100%|HC|  |TAMS 0x0000000082a00000| PB 0x0000000082a00000| Complete 
|  43|0x0000000082b00000, 0x0000000082c00000, 0x0000000082c00000|100%|HS|  |TAMS 0x0000000082b00000| PB 0x0000000082b00000| Complete 
|  44|0x0000000082c00000, 0x0000000082d00000, 0x0000000082d00000|100%| O|  |TAMS 0x0000000082c00000| PB 0x0000000082c00000| Untracked 
|  45|0x0000000082d00000, 0x0000000082e00000, 0x0000000082e00000|100%|HS|  |TAMS 0x0000000082d00000| PB 0x0000000082d00000| Complete 
|  46|0x0000000082e00000, 0x0000000082f00000, 0x0000000082f00000|100%|HS|  |TAMS 0x0000000082e00000| PB 0x0000000082e00000| Complete 
|  47|0x0000000082f00000, 0x0000000083000000, 0x0000000083000000|100%| O|  |TAMS 0x0000000082f00000| PB 0x0000000082f00000| Untracked 
|  48|0x0000000083000000, 0x0000000083100000, 0x0000000083100000|100%|HS|  |TAMS 0x0000000083000000| PB 0x0000000083000000| Complete 
|  49|0x0000000083100000, 0x0000000083200000, 0x0000000083200000|100%| O|  |TAMS 0x0000000083100000| PB 0x0000000083100000| Untracked 
|  50|0x0000000083200000, 0x0000000083300000, 0x0000000083300000|100%| O|  |TAMS 0x0000000083200000| PB 0x0000000083200000| Untracked 
|  51|0x0000000083300000, 0x0000000083400000, 0x0000000083400000|100%| O|  |TAMS 0x0000000083300000| PB 0x0000000083300000| Untracked 
|  52|0x0000000083400000, 0x0000000083500000, 0x0000000083500000|100%| O|  |TAMS 0x0000000083400000| PB 0x0000000083400000| Untracked 
|  53|0x0000000083500000, 0x0000000083600000, 0x0000000083600000|100%| O|  |TAMS 0x0000000083500000| PB 0x0000000083500000| Untracked 
|  54|0x0000000083600000, 0x0000000083700000, 0x0000000083700000|100%| O|  |TAMS 0x0000000083600000| PB 0x0000000083600000| Untracked 
|  55|0x0000000083700000, 0x0000000083800000, 0x0000000083800000|100%| O|  |TAMS 0x0000000083700000| PB 0x0000000083700000| Untracked 
|  56|0x0000000083800000, 0x0000000083900000, 0x0000000083900000|100%| O|  |TAMS 0x0000000083800000| PB 0x0000000083800000| Untracked 
|  57|0x0000000083900000, 0x0000000083a00000, 0x0000000083a00000|100%| O|  |TAMS 0x0000000083900000| PB 0x0000000083900000| Untracked 
|  58|0x0000000083a00000, 0x0000000083b00000, 0x0000000083b00000|100%| O|CS|TAMS 0x0000000083a00000| PB 0x0000000083a00000| Complete 
|  59|0x0000000083b00000, 0x0000000083c00000, 0x0000000083c00000|100%| O|  |TAMS 0x0000000083b00000| PB 0x0000000083b00000| Untracked 
|  60|0x0000000083c00000, 0x0000000083d00000, 0x0000000083d00000|100%| O|  |TAMS 0x0000000083c00000| PB 0x0000000083c00000| Untracked 
|  61|0x0000000083d00000, 0x0000000083e00000, 0x0000000083e00000|100%| O|  |TAMS 0x0000000083d00000| PB 0x0000000083d00000| Untracked 
|  62|0x0000000083e00000, 0x0000000083f00000, 0x0000000083f00000|100%| O|  |TAMS 0x0000000083e00000| PB 0x0000000083e00000| Untracked 
|  63|0x0000000083f00000, 0x0000000084000000, 0x0000000084000000|100%| O|  |TAMS 0x0000000083f00000| PB 0x0000000083f00000| Untracked 
|  64|0x0000000084000000, 0x0000000084100000, 0x0000000084100000|100%| O|  |TAMS 0x0000000084000000| PB 0x0000000084000000| Untracked 
|  65|0x0000000084100000, 0x0000000084200000, 0x0000000084200000|100%| O|  |TAMS 0x0000000084100000| PB 0x0000000084100000| Untracked 
|  66|0x0000000084200000, 0x0000000084300000, 0x0000000084300000|100%| O|  |TAMS 0x0000000084200000| PB 0x0000000084200000| Untracked 
|  67|0x0000000084300000, 0x0000000084400000, 0x0000000084400000|100%| O|  |TAMS 0x0000000084300000| PB 0x0000000084300000| Untracked 
|  68|0x0000000084400000, 0x0000000084500000, 0x0000000084500000|100%| O|  |TAMS 0x0000000084400000| PB 0x0000000084400000| Untracked 
|  69|0x0000000084500000, 0x0000000084600000, 0x0000000084600000|100%| O|  |TAMS 0x0000000084500000| PB 0x0000000084500000| Untracked 
|  70|0x0000000084600000, 0x0000000084700000, 0x0000000084700000|100%| O|  |TAMS 0x0000000084600000| PB 0x0000000084600000| Untracked 
|  71|0x0000000084700000, 0x0000000084800000, 0x0000000084800000|100%| O|  |TAMS 0x0000000084700000| PB 0x0000000084700000| Untracked 
|  72|0x0000000084800000, 0x0000000084900000, 0x0000000084900000|100%| O|  |TAMS 0x0000000084800000| PB 0x0000000084800000| Untracked 
|  73|0x0000000084900000, 0x0000000084a00000, 0x0000000084a00000|100%| O|  |TAMS 0x0000000084900000| PB 0x0000000084900000| Untracked 
|  74|0x0000000084a00000, 0x0000000084b00000, 0x0000000084b00000|100%| O|  |TAMS 0x0000000084a00000| PB 0x0000000084a00000| Untracked 
|  75|0x0000000084b00000, 0x0000000084c00000, 0x0000000084c00000|100%| O|  |TAMS 0x0000000084b00000| PB 0x0000000084b00000| Untracked 
|  76|0x0000000084c00000, 0x0000000084d00000, 0x0000000084d00000|100%| O|  |TAMS 0x0000000084c00000| PB 0x0000000084c00000| Untracked 
|  77|0x0000000084d00000, 0x0000000084e00000, 0x0000000084e00000|100%| O|  |TAMS 0x0000000084d00000| PB 0x0000000084d00000| Untracked 
|  78|0x0000000084e00000, 0x0000000084f00000, 0x0000000084f00000|100%| O|  |TAMS 0x0000000084e00000| PB 0x0000000084e00000| Untracked 
|  79|0x0000000084f00000, 0x0000000085000000, 0x0000000085000000|100%| O|  |TAMS 0x0000000084f00000| PB 0x0000000084f00000| Untracked 
|  80|0x0000000085000000, 0x0000000085100000, 0x0000000085100000|100%| O|  |TAMS 0x0000000085000000| PB 0x0000000085000000| Untracked 
|  81|0x0000000085100000, 0x0000000085200000, 0x0000000085200000|100%| O|  |TAMS 0x0000000085100000| PB 0x0000000085100000| Untracked 
|  82|0x0000000085200000, 0x0000000085300000, 0x0000000085300000|100%| O|  |TAMS 0x0000000085200000| PB 0x0000000085200000| Untracked 
|  83|0x0000000085300000, 0x0000000085400000, 0x0000000085400000|100%| O|  |TAMS 0x0000000085300000| PB 0x0000000085300000| Untracked 
|  84|0x0000000085400000, 0x0000000085500000, 0x0000000085500000|100%| O|  |TAMS 0x0000000085400000| PB 0x0000000085400000| Untracked 
|  85|0x0000000085500000, 0x0000000085600000, 0x0000000085600000|100%| O|  |TAMS 0x0000000085500000| PB 0x0000000085500000| Untracked 
|  86|0x0000000085600000, 0x0000000085700000, 0x0000000085700000|100%| O|CS|TAMS 0x0000000085600000| PB 0x0000000085600000| Complete 
|  87|0x0000000085700000, 0x0000000085800000, 0x0000000085800000|100%| O|  |TAMS 0x0000000085700000| PB 0x0000000085700000| Untracked 
|  88|0x0000000085800000, 0x0000000085900000, 0x0000000085900000|100%| O|  |TAMS 0x0000000085800000| PB 0x0000000085800000| Untracked 
|  89|0x0000000085900000, 0x0000000085a00000, 0x0000000085a00000|100%| O|CS|TAMS 0x0000000085900000| PB 0x0000000085900000| Complete 
|  90|0x0000000085a00000, 0x0000000085b00000, 0x0000000085b00000|100%| O|  |TAMS 0x0000000085a00000| PB 0x0000000085a00000| Untracked 
|  91|0x0000000085b00000, 0x0000000085c00000, 0x0000000085c00000|100%| O|  |TAMS 0x0000000085b00000| PB 0x0000000085b00000| Untracked 
|  92|0x0000000085c00000, 0x0000000085d00000, 0x0000000085d00000|100%| O|  |TAMS 0x0000000085c00000| PB 0x0000000085c00000| Untracked 
|  93|0x0000000085d00000, 0x0000000085e00000, 0x0000000085e00000|100%| O|  |TAMS 0x0000000085d00000| PB 0x0000000085d00000| Untracked 
|  94|0x0000000085e00000, 0x0000000085f00000, 0x0000000085f00000|100%| O|  |TAMS 0x0000000085e00000| PB 0x0000000085e00000| Untracked 
|  95|0x0000000085f00000, 0x0000000086000000, 0x0000000086000000|100%| O|  |TAMS 0x0000000085f00000| PB 0x0000000085f00000| Untracked 
|  96|0x0000000086000000, 0x0000000086100000, 0x0000000086100000|100%| O|  |TAMS 0x0000000086000000| PB 0x0000000086000000| Untracked 
|  97|0x0000000086100000, 0x0000000086200000, 0x0000000086200000|100%| O|  |TAMS 0x0000000086100000| PB 0x0000000086100000| Untracked 
|  98|0x0000000086200000, 0x0000000086300000, 0x0000000086300000|100%| O|  |TAMS 0x0000000086200000| PB 0x0000000086200000| Untracked 
|  99|0x0000000086300000, 0x0000000086400000, 0x0000000086400000|100%| O|  |TAMS 0x0000000086300000| PB 0x0000000086300000| Untracked 
| 100|0x0000000086400000, 0x0000000086500000, 0x0000000086500000|100%| O|  |TAMS 0x0000000086400000| PB 0x0000000086400000| Untracked 
| 101|0x0000000086500000, 0x0000000086600000, 0x0000000086600000|100%| O|  |TAMS 0x0000000086500000| PB 0x0000000086500000| Untracked 
| 102|0x0000000086600000, 0x0000000086700000, 0x0000000086700000|100%| O|  |TAMS 0x0000000086600000| PB 0x0000000086600000| Untracked 
| 103|0x0000000086700000, 0x0000000086800000, 0x0000000086800000|100%|HS|  |TAMS 0x0000000086700000| PB 0x0000000086700000| Complete 
| 104|0x0000000086800000, 0x0000000086900000, 0x0000000086900000|100%|HC|  |TAMS 0x0000000086800000| PB 0x0000000086800000| Complete 
| 105|0x0000000086900000, 0x0000000086a00000, 0x0000000086a00000|100%|HC|  |TAMS 0x0000000086900000| PB 0x0000000086900000| Complete 
| 106|0x0000000086a00000, 0x0000000086b00000, 0x0000000086b00000|100%| O|CS|TAMS 0x0000000086a00000| PB 0x0000000086a00000| Complete 
| 107|0x0000000086b00000, 0x0000000086c00000, 0x0000000086c00000|100%| O|  |TAMS 0x0000000086b00000| PB 0x0000000086b00000| Untracked 
| 108|0x0000000086c00000, 0x0000000086d00000, 0x0000000086d00000|100%| O|CS|TAMS 0x0000000086c00000| PB 0x0000000086c00000| Complete 
| 109|0x0000000086d00000, 0x0000000086e00000, 0x0000000086e00000|100%| O|  |TAMS 0x0000000086d00000| PB 0x0000000086d00000| Untracked 
| 110|0x0000000086e00000, 0x0000000086f00000, 0x0000000086f00000|100%| O|  |TAMS 0x0000000086e00000| PB 0x0000000086e00000| Untracked 
| 111|0x0000000086f00000, 0x0000000087000000, 0x0000000087000000|100%| O|  |TAMS 0x0000000086f00000| PB 0x0000000086f00000| Untracked 
| 112|0x0000000087000000, 0x0000000087100000, 0x0000000087100000|100%| O|  |TAMS 0x0000000087000000| PB 0x0000000087000000| Untracked 
| 113|0x0000000087100000, 0x0000000087200000, 0x0000000087200000|100%| O|  |TAMS 0x0000000087100000| PB 0x0000000087100000| Untracked 
| 114|0x0000000087200000, 0x0000000087300000, 0x0000000087300000|100%| O|  |TAMS 0x0000000087200000| PB 0x0000000087200000| Untracked 
| 115|0x0000000087300000, 0x0000000087400000, 0x0000000087400000|100%| O|  |TAMS 0x0000000087300000| PB 0x0000000087300000| Untracked 
| 116|0x0000000087400000, 0x0000000087500000, 0x0000000087500000|100%|HS|  |TAMS 0x0000000087400000| PB 0x0000000087400000| Complete 
| 117|0x0000000087500000, 0x0000000087600000, 0x0000000087600000|100%|HC|  |TAMS 0x0000000087500000| PB 0x0000000087500000| Complete 
| 118|0x0000000087600000, 0x0000000087700000, 0x0000000087700000|100%|HC|  |TAMS 0x0000000087600000| PB 0x0000000087600000| Complete 
| 119|0x0000000087700000, 0x0000000087800000, 0x0000000087800000|100%|HC|  |TAMS 0x0000000087700000| PB 0x0000000087700000| Complete 
| 120|0x0000000087800000, 0x0000000087900000, 0x0000000087900000|100%| O|  |TAMS 0x0000000087800000| PB 0x0000000087800000| Untracked 
| 121|0x0000000087900000, 0x0000000087a00000, 0x0000000087a00000|100%| O|CS|TAMS 0x0000000087900000| PB 0x0000000087900000| Complete 
| 122|0x0000000087a00000, 0x0000000087b00000, 0x0000000087b00000|100%| O|  |TAMS 0x0000000087a00000| PB 0x0000000087a00000| Untracked 
| 123|0x0000000087b00000, 0x0000000087c00000, 0x0000000087c00000|100%| O|  |TAMS 0x0000000087b00000| PB 0x0000000087b00000| Untracked 
| 124|0x0000000087c00000, 0x0000000087d00000, 0x0000000087d00000|100%| O|  |TAMS 0x0000000087c00000| PB 0x0000000087c00000| Untracked 
| 125|0x0000000087d00000, 0x0000000087e00000, 0x0000000087e00000|100%| O|  |TAMS 0x0000000087d00000| PB 0x0000000087d00000| Untracked 
| 126|0x0000000087e00000, 0x0000000087f00000, 0x0000000087f00000|100%| O|CS|TAMS 0x0000000087e00000| PB 0x0000000087e00000| Complete 
| 127|0x0000000087f00000, 0x0000000088000000, 0x0000000088000000|100%| O|  |TAMS 0x0000000087f00000| PB 0x0000000087f00000| Untracked 
| 128|0x0000000088000000, 0x0000000088100000, 0x0000000088100000|100%| O|CS|TAMS 0x0000000088000000| PB 0x0000000088000000| Complete 
| 129|0x0000000088100000, 0x0000000088200000, 0x0000000088200000|100%| O|  |TAMS 0x0000000088100000| PB 0x0000000088100000| Untracked 
| 130|0x0000000088200000, 0x0000000088300000, 0x0000000088300000|100%| O|  |TAMS 0x0000000088200000| PB 0x0000000088200000| Untracked 
| 131|0x0000000088300000, 0x0000000088400000, 0x0000000088400000|100%| O|  |TAMS 0x0000000088300000| PB 0x0000000088300000| Untracked 
| 132|0x0000000088400000, 0x0000000088500000, 0x0000000088500000|100%| O|  |TAMS 0x0000000088400000| PB 0x0000000088400000| Untracked 
| 133|0x0000000088500000, 0x0000000088600000, 0x0000000088600000|100%| O|  |TAMS 0x0000000088500000| PB 0x0000000088500000| Untracked 
| 134|0x0000000088600000, 0x0000000088700000, 0x0000000088700000|100%| O|  |TAMS 0x0000000088600000| PB 0x0000000088600000| Untracked 
| 135|0x0000000088700000, 0x0000000088800000, 0x0000000088800000|100%| O|  |TAMS 0x0000000088700000| PB 0x0000000088700000| Untracked 
| 136|0x0000000088800000, 0x0000000088900000, 0x0000000088900000|100%| O|  |TAMS 0x0000000088800000| PB 0x0000000088800000| Untracked 
| 137|0x0000000088900000, 0x0000000088a00000, 0x0000000088a00000|100%| O|  |TAMS 0x0000000088900000| PB 0x0000000088900000| Untracked 
| 138|0x0000000088a00000, 0x0000000088b00000, 0x0000000088b00000|100%| O|  |TAMS 0x0000000088a00000| PB 0x0000000088a00000| Untracked 
| 139|0x0000000088b00000, 0x0000000088c00000, 0x0000000088c00000|100%| O|  |TAMS 0x0000000088b00000| PB 0x0000000088b00000| Untracked 
| 140|0x0000000088c00000, 0x0000000088d00000, 0x0000000088d00000|100%| O|  |TAMS 0x0000000088c00000| PB 0x0000000088c00000| Untracked 
| 141|0x0000000088d00000, 0x0000000088e00000, 0x0000000088e00000|100%| O|  |TAMS 0x0000000088d00000| PB 0x0000000088d00000| Untracked 
| 142|0x0000000088e00000, 0x0000000088f00000, 0x0000000088f00000|100%| O|  |TAMS 0x0000000088e00000| PB 0x0000000088e00000| Untracked 
| 143|0x0000000088f00000, 0x0000000089000000, 0x0000000089000000|100%| O|CS|TAMS 0x0000000088f00000| PB 0x0000000088f00000| Complete 
| 144|0x0000000089000000, 0x0000000089100000, 0x0000000089100000|100%| O|  |TAMS 0x0000000089000000| PB 0x0000000089000000| Untracked 
| 145|0x0000000089100000, 0x0000000089200000, 0x0000000089200000|100%| O|CS|TAMS 0x0000000089100000| PB 0x0000000089100000| Complete 
| 146|0x0000000089200000, 0x0000000089300000, 0x0000000089300000|100%| O|  |TAMS 0x0000000089200000| PB 0x0000000089200000| Untracked 
| 147|0x0000000089300000, 0x0000000089400000, 0x0000000089400000|100%| O|  |TAMS 0x0000000089300000| PB 0x0000000089300000| Untracked 
| 148|0x0000000089400000, 0x0000000089500000, 0x0000000089500000|100%| O|  |TAMS 0x0000000089400000| PB 0x0000000089400000| Untracked 
| 149|0x0000000089500000, 0x0000000089600000, 0x0000000089600000|100%| O|  |TAMS 0x0000000089500000| PB 0x0000000089500000| Untracked 
| 150|0x0000000089600000, 0x0000000089700000, 0x0000000089700000|100%| O|  |TAMS 0x0000000089600000| PB 0x0000000089600000| Untracked 
| 151|0x0000000089700000, 0x0000000089800000, 0x0000000089800000|100%| O|  |TAMS 0x0000000089700000| PB 0x0000000089700000| Untracked 
| 152|0x0000000089800000, 0x0000000089900000, 0x0000000089900000|100%| O|  |TAMS 0x0000000089800000| PB 0x0000000089800000| Untracked 
| 153|0x0000000089900000, 0x0000000089a00000, 0x0000000089a00000|100%| O|  |TAMS 0x0000000089900000| PB 0x0000000089900000| Untracked 
| 154|0x0000000089a00000, 0x0000000089b00000, 0x0000000089b00000|100%| O|  |TAMS 0x0000000089a00000| PB 0x0000000089a00000| Untracked 
| 155|0x0000000089b00000, 0x0000000089c00000, 0x0000000089c00000|100%| O|  |TAMS 0x0000000089b00000| PB 0x0000000089b00000| Untracked 
| 156|0x0000000089c00000, 0x0000000089d00000, 0x0000000089d00000|100%| O|  |TAMS 0x0000000089c00000| PB 0x0000000089c00000| Untracked 
| 157|0x0000000089d00000, 0x0000000089e00000, 0x0000000089e00000|100%| O|  |TAMS 0x0000000089d00000| PB 0x0000000089d00000| Untracked 
| 158|0x0000000089e00000, 0x0000000089f00000, 0x0000000089f00000|100%| O|  |TAMS 0x0000000089e00000| PB 0x0000000089e00000| Untracked 
| 159|0x0000000089f00000, 0x000000008a000000, 0x000000008a000000|100%| O|  |TAMS 0x0000000089f00000| PB 0x0000000089f00000| Untracked 
| 160|0x000000008a000000, 0x000000008a100000, 0x000000008a100000|100%| O|CS|TAMS 0x000000008a000000| PB 0x000000008a000000| Complete 
| 161|0x000000008a100000, 0x000000008a200000, 0x000000008a200000|100%| O|CS|TAMS 0x000000008a100000| PB 0x000000008a100000| Complete 
| 162|0x000000008a200000, 0x000000008a300000, 0x000000008a300000|100%| O|  |TAMS 0x000000008a200000| PB 0x000000008a200000| Untracked 
| 163|0x000000008a300000, 0x000000008a400000, 0x000000008a400000|100%| O|  |TAMS 0x000000008a300000| PB 0x000000008a300000| Untracked 
| 164|0x000000008a400000, 0x000000008a500000, 0x000000008a500000|100%| O|  |TAMS 0x000000008a400000| PB 0x000000008a400000| Untracked 
| 165|0x000000008a500000, 0x000000008a600000, 0x000000008a600000|100%| O|  |TAMS 0x000000008a500000| PB 0x000000008a500000| Untracked 
| 166|0x000000008a600000, 0x000000008a700000, 0x000000008a700000|100%| O|  |TAMS 0x000000008a600000| PB 0x000000008a600000| Untracked 
| 167|0x000000008a700000, 0x000000008a800000, 0x000000008a800000|100%| O|  |TAMS 0x000000008a700000| PB 0x000000008a700000| Untracked 
| 168|0x000000008a800000, 0x000000008a900000, 0x000000008a900000|100%| O|  |TAMS 0x000000008a800000| PB 0x000000008a800000| Untracked 
| 169|0x000000008a900000, 0x000000008aa00000, 0x000000008aa00000|100%| O|  |TAMS 0x000000008a900000| PB 0x000000008a900000| Untracked 
| 170|0x000000008aa00000, 0x000000008ab00000, 0x000000008ab00000|100%| O|  |TAMS 0x000000008aa00000| PB 0x000000008aa00000| Untracked 
| 171|0x000000008ab00000, 0x000000008ac00000, 0x000000008ac00000|100%| O|CS|TAMS 0x000000008ab00000| PB 0x000000008ab00000| Complete 
| 172|0x000000008ac00000, 0x000000008ad00000, 0x000000008ad00000|100%| O|CS|TAMS 0x000000008ac00000| PB 0x000000008ac00000| Complete 
| 173|0x000000008ad00000, 0x000000008ae00000, 0x000000008ae00000|100%| O|  |TAMS 0x000000008ad00000| PB 0x000000008ad00000| Untracked 
| 174|0x000000008ae00000, 0x000000008af00000, 0x000000008af00000|100%| O|  |TAMS 0x000000008ae00000| PB 0x000000008ae00000| Untracked 
| 175|0x000000008af00000, 0x000000008b000000, 0x000000008b000000|100%| O|  |TAMS 0x000000008af00000| PB 0x000000008af00000| Untracked 
| 176|0x000000008b000000, 0x000000008b100000, 0x000000008b100000|100%| O|  |TAMS 0x000000008b000000| PB 0x000000008b000000| Untracked 
| 177|0x000000008b100000, 0x000000008b200000, 0x000000008b200000|100%| O|  |TAMS 0x000000008b100000| PB 0x000000008b100000| Untracked 
| 178|0x000000008b200000, 0x000000008b300000, 0x000000008b300000|100%| O|CS|TAMS 0x000000008b200000| PB 0x000000008b200000| Complete 
| 179|0x000000008b300000, 0x000000008b400000, 0x000000008b400000|100%| O|  |TAMS 0x000000008b300000| PB 0x000000008b300000| Untracked 
| 180|0x000000008b400000, 0x000000008b500000, 0x000000008b500000|100%| O|  |TAMS 0x000000008b400000| PB 0x000000008b400000| Untracked 
| 181|0x000000008b500000, 0x000000008b600000, 0x000000008b600000|100%| O|CS|TAMS 0x000000008b500000| PB 0x000000008b500000| Complete 
| 182|0x000000008b600000, 0x000000008b700000, 0x000000008b700000|100%| O|  |TAMS 0x000000008b600000| PB 0x000000008b600000| Untracked 
| 183|0x000000008b700000, 0x000000008b800000, 0x000000008b800000|100%| O|  |TAMS 0x000000008b700000| PB 0x000000008b700000| Untracked 
| 184|0x000000008b800000, 0x000000008b900000, 0x000000008b900000|100%| O|CS|TAMS 0x000000008b800000| PB 0x000000008b800000| Complete 
| 185|0x000000008b900000, 0x000000008ba00000, 0x000000008ba00000|100%| O|  |TAMS 0x000000008b900000| PB 0x000000008b900000| Untracked 
| 186|0x000000008ba00000, 0x000000008bb00000, 0x000000008bb00000|100%| O|  |TAMS 0x000000008ba00000| PB 0x000000008ba00000| Untracked 
| 187|0x000000008bb00000, 0x000000008bc00000, 0x000000008bc00000|100%| O|  |TAMS 0x000000008bb00000| PB 0x000000008bb00000| Untracked 
| 188|0x000000008bc00000, 0x000000008bd00000, 0x000000008bd00000|100%| O|CS|TAMS 0x000000008bc00000| PB 0x000000008bc00000| Complete 
| 189|0x000000008bd00000, 0x000000008be00000, 0x000000008be00000|100%| O|  |TAMS 0x000000008bd00000| PB 0x000000008bd00000| Untracked 
| 190|0x000000008be00000, 0x000000008bf00000, 0x000000008bf00000|100%| O|CS|TAMS 0x000000008be00000| PB 0x000000008be00000| Complete 
| 191|0x000000008bf00000, 0x000000008c000000, 0x000000008c000000|100%| O|CS|TAMS 0x000000008bf00000| PB 0x000000008bf00000| Complete 
| 192|0x000000008c000000, 0x000000008c100000, 0x000000008c100000|100%| O|  |TAMS 0x000000008c000000| PB 0x000000008c000000| Untracked 
| 193|0x000000008c100000, 0x000000008c200000, 0x000000008c200000|100%| O|CS|TAMS 0x000000008c100000| PB 0x000000008c100000| Complete 
| 194|0x000000008c200000, 0x000000008c300000, 0x000000008c300000|100%| O|  |TAMS 0x000000008c200000| PB 0x000000008c200000| Untracked 
| 195|0x000000008c300000, 0x000000008c400000, 0x000000008c400000|100%| O|CS|TAMS 0x000000008c300000| PB 0x000000008c300000| Complete 
| 196|0x000000008c400000, 0x000000008c500000, 0x000000008c500000|100%| O|CS|TAMS 0x000000008c400000| PB 0x000000008c400000| Complete 
| 197|0x000000008c500000, 0x000000008c600000, 0x000000008c600000|100%| O|  |TAMS 0x000000008c500000| PB 0x000000008c500000| Untracked 
| 198|0x000000008c600000, 0x000000008c700000, 0x000000008c700000|100%| O|  |TAMS 0x000000008c600000| PB 0x000000008c600000| Untracked 
| 199|0x000000008c700000, 0x000000008c800000, 0x000000008c800000|100%| O|  |TAMS 0x000000008c700000| PB 0x000000008c700000| Untracked 
| 200|0x000000008c800000, 0x000000008c900000, 0x000000008c900000|100%| O|  |TAMS 0x000000008c800000| PB 0x000000008c800000| Untracked 
| 201|0x000000008c900000, 0x000000008ca00000, 0x000000008ca00000|100%| O|  |TAMS 0x000000008c900000| PB 0x000000008c900000| Untracked 
| 202|0x000000008ca00000, 0x000000008cb00000, 0x000000008cb00000|100%| O|  |TAMS 0x000000008ca00000| PB 0x000000008ca00000| Untracked 
| 203|0x000000008cb00000, 0x000000008cc00000, 0x000000008cc00000|100%| O|  |TAMS 0x000000008cb00000| PB 0x000000008cb00000| Untracked 
| 204|0x000000008cc00000, 0x000000008cd00000, 0x000000008cd00000|100%| O|  |TAMS 0x000000008cc00000| PB 0x000000008cc00000| Untracked 
| 205|0x000000008cd00000, 0x000000008ce00000, 0x000000008ce00000|100%| O|CS|TAMS 0x000000008cd00000| PB 0x000000008cd00000| Complete 
| 206|0x000000008ce00000, 0x000000008cf00000, 0x000000008cf00000|100%| O|CS|TAMS 0x000000008ce00000| PB 0x000000008ce00000| Complete 
| 207|0x000000008cf00000, 0x000000008d000000, 0x000000008d000000|100%| O|CS|TAMS 0x000000008cf00000| PB 0x000000008cf00000| Complete 
| 208|0x000000008d000000, 0x000000008d100000, 0x000000008d100000|100%| O|CS|TAMS 0x000000008d000000| PB 0x000000008d000000| Complete 
| 209|0x000000008d100000, 0x000000008d200000, 0x000000008d200000|100%| O|  |TAMS 0x000000008d100000| PB 0x000000008d100000| Untracked 
| 210|0x000000008d200000, 0x000000008d300000, 0x000000008d300000|100%| O|  |TAMS 0x000000008d200000| PB 0x000000008d200000| Untracked 
| 211|0x000000008d300000, 0x000000008d400000, 0x000000008d400000|100%| O|  |TAMS 0x000000008d300000| PB 0x000000008d300000| Untracked 
| 212|0x000000008d400000, 0x000000008d500000, 0x000000008d500000|100%| O|  |TAMS 0x000000008d400000| PB 0x000000008d400000| Untracked 
| 213|0x000000008d500000, 0x000000008d600000, 0x000000008d600000|100%| O|  |TAMS 0x000000008d500000| PB 0x000000008d500000| Untracked 
| 214|0x000000008d600000, 0x000000008d700000, 0x000000008d700000|100%| O|CS|TAMS 0x000000008d600000| PB 0x000000008d600000| Complete 
| 215|0x000000008d700000, 0x000000008d800000, 0x000000008d800000|100%| O|  |TAMS 0x000000008d700000| PB 0x000000008d700000| Untracked 
| 216|0x000000008d800000, 0x000000008d900000, 0x000000008d900000|100%| O|CS|TAMS 0x000000008d800000| PB 0x000000008d800000| Complete 
| 217|0x000000008d900000, 0x000000008da00000, 0x000000008da00000|100%| O|  |TAMS 0x000000008d900000| PB 0x000000008d900000| Untracked 
| 218|0x000000008da00000, 0x000000008db00000, 0x000000008db00000|100%| O|  |TAMS 0x000000008da00000| PB 0x000000008da00000| Untracked 
| 219|0x000000008db00000, 0x000000008dc00000, 0x000000008dc00000|100%| O|  |TAMS 0x000000008db00000| PB 0x000000008db00000| Untracked 
| 220|0x000000008dc00000, 0x000000008dd00000, 0x000000008dd00000|100%| O|  |TAMS 0x000000008dc00000| PB 0x000000008dc00000| Untracked 
| 221|0x000000008dd00000, 0x000000008de00000, 0x000000008de00000|100%| O|  |TAMS 0x000000008dd00000| PB 0x000000008dd00000| Untracked 
| 222|0x000000008de00000, 0x000000008df00000, 0x000000008df00000|100%| O|  |TAMS 0x000000008de00000| PB 0x000000008de00000| Untracked 
| 223|0x000000008df00000, 0x000000008e000000, 0x000000008e000000|100%| O|  |TAMS 0x000000008df00000| PB 0x000000008df00000| Untracked 
| 224|0x000000008e000000, 0x000000008e100000, 0x000000008e100000|100%| O|  |TAMS 0x000000008e000000| PB 0x000000008e000000| Untracked 
| 225|0x000000008e100000, 0x000000008e200000, 0x000000008e200000|100%| O|  |TAMS 0x000000008e100000| PB 0x000000008e100000| Untracked 
| 226|0x000000008e200000, 0x000000008e300000, 0x000000008e300000|100%| O|  |TAMS 0x000000008e200000| PB 0x000000008e200000| Untracked 
| 227|0x000000008e300000, 0x000000008e400000, 0x000000008e400000|100%| O|  |TAMS 0x000000008e300000| PB 0x000000008e300000| Untracked 
| 228|0x000000008e400000, 0x000000008e500000, 0x000000008e500000|100%| O|  |TAMS 0x000000008e400000| PB 0x000000008e400000| Untracked 
| 229|0x000000008e500000, 0x000000008e600000, 0x000000008e600000|100%| O|  |TAMS 0x000000008e500000| PB 0x000000008e500000| Untracked 
| 230|0x000000008e600000, 0x000000008e700000, 0x000000008e700000|100%| O|  |TAMS 0x000000008e600000| PB 0x000000008e600000| Untracked 
| 231|0x000000008e700000, 0x000000008e800000, 0x000000008e800000|100%| O|  |TAMS 0x000000008e700000| PB 0x000000008e700000| Untracked 
| 232|0x000000008e800000, 0x000000008e900000, 0x000000008e900000|100%| O|  |TAMS 0x000000008e800000| PB 0x000000008e800000| Untracked 
| 233|0x000000008e900000, 0x000000008ea00000, 0x000000008ea00000|100%| O|  |TAMS 0x000000008e900000| PB 0x000000008e900000| Untracked 
| 234|0x000000008ea00000, 0x000000008eb00000, 0x000000008eb00000|100%| O|  |TAMS 0x000000008ea00000| PB 0x000000008ea00000| Untracked 
| 235|0x000000008eb00000, 0x000000008ec00000, 0x000000008ec00000|100%| O|  |TAMS 0x000000008eb00000| PB 0x000000008eb00000| Untracked 
| 236|0x000000008ec00000, 0x000000008ed00000, 0x000000008ed00000|100%| O|  |TAMS 0x000000008ec00000| PB 0x000000008ec00000| Untracked 
| 237|0x000000008ed00000, 0x000000008ee00000, 0x000000008ee00000|100%| O|  |TAMS 0x000000008ed00000| PB 0x000000008ed00000| Untracked 
| 238|0x000000008ee00000, 0x000000008ef00000, 0x000000008ef00000|100%| O|CS|TAMS 0x000000008ee00000| PB 0x000000008ee00000| Complete 
| 239|0x000000008ef00000, 0x000000008f000000, 0x000000008f000000|100%| O|  |TAMS 0x000000008ef00000| PB 0x000000008ef00000| Untracked 
| 240|0x000000008f000000, 0x000000008f100000, 0x000000008f100000|100%| O|CS|TAMS 0x000000008f000000| PB 0x000000008f000000| Complete 
| 241|0x000000008f100000, 0x000000008f200000, 0x000000008f200000|100%| O|  |TAMS 0x000000008f100000| PB 0x000000008f100000| Untracked 
| 242|0x000000008f200000, 0x000000008f300000, 0x000000008f300000|100%| O|  |TAMS 0x000000008f200000| PB 0x000000008f200000| Untracked 
| 243|0x000000008f300000, 0x000000008f400000, 0x000000008f400000|100%| O|  |TAMS 0x000000008f300000| PB 0x000000008f300000| Untracked 
| 244|0x000000008f400000, 0x000000008f500000, 0x000000008f500000|100%| O|  |TAMS 0x000000008f400000| PB 0x000000008f400000| Untracked 
| 245|0x000000008f500000, 0x000000008f600000, 0x000000008f600000|100%| O|  |TAMS 0x000000008f500000| PB 0x000000008f500000| Untracked 
| 246|0x000000008f600000, 0x000000008f700000, 0x000000008f700000|100%| O|  |TAMS 0x000000008f600000| PB 0x000000008f600000| Untracked 
| 247|0x000000008f700000, 0x000000008f800000, 0x000000008f800000|100%| O|  |TAMS 0x000000008f700000| PB 0x000000008f700000| Untracked 
| 248|0x000000008f800000, 0x000000008f900000, 0x000000008f900000|100%| O|  |TAMS 0x000000008f800000| PB 0x000000008f800000| Untracked 
| 249|0x000000008f900000, 0x000000008fa00000, 0x000000008fa00000|100%| O|  |TAMS 0x000000008f900000| PB 0x000000008f900000| Untracked 
| 250|0x000000008fa00000, 0x000000008fb00000, 0x000000008fb00000|100%| O|  |TAMS 0x000000008fa00000| PB 0x000000008fa00000| Untracked 
| 251|0x000000008fb00000, 0x000000008fc00000, 0x000000008fc00000|100%| O|  |TAMS 0x000000008fb00000| PB 0x000000008fb00000| Untracked 
| 252|0x000000008fc00000, 0x000000008fd00000, 0x000000008fd00000|100%| O|  |TAMS 0x000000008fc00000| PB 0x000000008fc00000| Untracked 
| 253|0x000000008fd00000, 0x000000008fe00000, 0x000000008fe00000|100%| O|  |TAMS 0x000000008fd00000| PB 0x000000008fd00000| Untracked 
| 254|0x000000008fe00000, 0x000000008ff00000, 0x000000008ff00000|100%| O|  |TAMS 0x000000008fe00000| PB 0x000000008fe00000| Untracked 
| 255|0x000000008ff00000, 0x0000000090000000, 0x0000000090000000|100%| O|  |TAMS 0x000000008ff00000| PB 0x000000008ff00000| Untracked 
| 256|0x0000000090000000, 0x0000000090100000, 0x0000000090100000|100%| O|  |TAMS 0x0000000090000000| PB 0x0000000090000000| Untracked 
| 257|0x0000000090100000, 0x0000000090200000, 0x0000000090200000|100%| O|  |TAMS 0x0000000090100000| PB 0x0000000090100000| Untracked 
| 258|0x0000000090200000, 0x0000000090300000, 0x0000000090300000|100%| O|  |TAMS 0x0000000090200000| PB 0x0000000090200000| Untracked 
| 259|0x0000000090300000, 0x0000000090400000, 0x0000000090400000|100%| O|  |TAMS 0x0000000090300000| PB 0x0000000090300000| Untracked 
| 260|0x0000000090400000, 0x0000000090500000, 0x0000000090500000|100%| O|  |TAMS 0x0000000090400000| PB 0x0000000090400000| Untracked 
| 261|0x0000000090500000, 0x0000000090600000, 0x0000000090600000|100%| O|  |TAMS 0x0000000090500000| PB 0x0000000090500000| Untracked 
| 262|0x0000000090600000, 0x0000000090700000, 0x0000000090700000|100%| O|  |TAMS 0x0000000090600000| PB 0x0000000090600000| Untracked 
| 263|0x0000000090700000, 0x0000000090800000, 0x0000000090800000|100%| O|  |TAMS 0x0000000090700000| PB 0x0000000090700000| Untracked 
| 264|0x0000000090800000, 0x0000000090900000, 0x0000000090900000|100%| O|  |TAMS 0x0000000090800000| PB 0x0000000090800000| Untracked 
| 265|0x0000000090900000, 0x0000000090a00000, 0x0000000090a00000|100%| O|  |TAMS 0x0000000090900000| PB 0x0000000090900000| Untracked 
| 266|0x0000000090a00000, 0x0000000090b00000, 0x0000000090b00000|100%| O|  |TAMS 0x0000000090a00000| PB 0x0000000090a00000| Untracked 
| 267|0x0000000090b00000, 0x0000000090c00000, 0x0000000090c00000|100%| O|  |TAMS 0x0000000090b00000| PB 0x0000000090b00000| Untracked 
| 268|0x0000000090c00000, 0x0000000090d00000, 0x0000000090d00000|100%| O|  |TAMS 0x0000000090c00000| PB 0x0000000090c00000| Untracked 
| 269|0x0000000090d00000, 0x0000000090e00000, 0x0000000090e00000|100%| O|  |TAMS 0x0000000090d00000| PB 0x0000000090d00000| Untracked 
| 270|0x0000000090e00000, 0x0000000090f00000, 0x0000000090f00000|100%| O|  |TAMS 0x0000000090e00000| PB 0x0000000090e00000| Untracked 
| 271|0x0000000090f00000, 0x0000000091000000, 0x0000000091000000|100%| O|  |TAMS 0x0000000090f00000| PB 0x0000000090f00000| Untracked 
| 272|0x0000000091000000, 0x0000000091100000, 0x0000000091100000|100%| O|  |TAMS 0x0000000091000000| PB 0x0000000091000000| Untracked 
| 273|0x0000000091100000, 0x0000000091200000, 0x0000000091200000|100%|HS|  |TAMS 0x0000000091100000| PB 0x0000000091100000| Complete 
| 274|0x0000000091200000, 0x0000000091300000, 0x0000000091300000|100%|HC|  |TAMS 0x0000000091200000| PB 0x0000000091200000| Complete 
| 275|0x0000000091300000, 0x0000000091400000, 0x0000000091400000|100%| O|  |TAMS 0x0000000091300000| PB 0x0000000091300000| Untracked 
| 276|0x0000000091400000, 0x0000000091500000, 0x0000000091500000|100%| O|  |TAMS 0x0000000091400000| PB 0x0000000091400000| Untracked 
| 277|0x0000000091500000, 0x0000000091600000, 0x0000000091600000|100%| O|  |TAMS 0x0000000091500000| PB 0x0000000091500000| Untracked 
| 278|0x0000000091600000, 0x0000000091700000, 0x0000000091700000|100%| O|  |TAMS 0x0000000091600000| PB 0x0000000091600000| Untracked 
| 279|0x0000000091700000, 0x0000000091800000, 0x0000000091800000|100%|HS|  |TAMS 0x0000000091700000| PB 0x0000000091700000| Complete 
| 280|0x0000000091800000, 0x0000000091900000, 0x0000000091900000|100%|HC|  |TAMS 0x0000000091800000| PB 0x0000000091800000| Complete 
| 281|0x0000000091900000, 0x0000000091a00000, 0x0000000091a00000|100%|HC|  |TAMS 0x0000000091900000| PB 0x0000000091900000| Complete 
| 282|0x0000000091a00000, 0x0000000091b00000, 0x0000000091b00000|100%| O|  |TAMS 0x0000000091a00000| PB 0x0000000091a00000| Untracked 
| 283|0x0000000091b00000, 0x0000000091c00000, 0x0000000091c00000|100%| O|CS|TAMS 0x0000000091b00000| PB 0x0000000091b00000| Complete 
| 284|0x0000000091c00000, 0x0000000091d00000, 0x0000000091d00000|100%| O|CS|TAMS 0x0000000091c00000| PB 0x0000000091c00000| Complete 
| 285|0x0000000091d00000, 0x0000000091e00000, 0x0000000091e00000|100%|HS|  |TAMS 0x0000000091d00000| PB 0x0000000091d00000| Complete 
| 286|0x0000000091e00000, 0x0000000091f00000, 0x0000000091f00000|100%|HC|  |TAMS 0x0000000091e00000| PB 0x0000000091e00000| Complete 
| 287|0x0000000091f00000, 0x0000000092000000, 0x0000000092000000|100%|HC|  |TAMS 0x0000000091f00000| PB 0x0000000091f00000| Complete 
| 288|0x0000000092000000, 0x0000000092100000, 0x0000000092100000|100%| O|CS|TAMS 0x0000000092000000| PB 0x0000000092000000| Complete 
| 289|0x0000000092100000, 0x0000000092200000, 0x0000000092200000|100%|HS|  |TAMS 0x0000000092100000| PB 0x0000000092100000| Complete 
| 290|0x0000000092200000, 0x0000000092300000, 0x0000000092300000|100%|HC|  |TAMS 0x0000000092200000| PB 0x0000000092200000| Complete 
| 291|0x0000000092300000, 0x0000000092400000, 0x0000000092400000|100%|HS|  |TAMS 0x0000000092300000| PB 0x0000000092300000| Complete 
| 292|0x0000000092400000, 0x0000000092500000, 0x0000000092500000|100%|HC|  |TAMS 0x0000000092400000| PB 0x0000000092400000| Complete 
| 293|0x0000000092500000, 0x0000000092600000, 0x0000000092600000|100%|HS|  |TAMS 0x0000000092500000| PB 0x0000000092500000| Complete 
| 294|0x0000000092600000, 0x0000000092700000, 0x0000000092700000|100%|HC|  |TAMS 0x0000000092600000| PB 0x0000000092600000| Complete 
| 295|0x0000000092700000, 0x0000000092800000, 0x0000000092800000|100%|HS|  |TAMS 0x0000000092700000| PB 0x0000000092700000| Complete 
| 296|0x0000000092800000, 0x0000000092900000, 0x0000000092900000|100%|HC|  |TAMS 0x0000000092800000| PB 0x0000000092800000| Complete 
| 297|0x0000000092900000, 0x0000000092a00000, 0x0000000092a00000|100%|HS|  |TAMS 0x0000000092900000| PB 0x0000000092900000| Complete 
| 298|0x0000000092a00000, 0x0000000092b00000, 0x0000000092b00000|100%|HC|  |TAMS 0x0000000092a00000| PB 0x0000000092a00000| Complete 
| 299|0x0000000092b00000, 0x0000000092c00000, 0x0000000092c00000|100%|HS|  |TAMS 0x0000000092b00000| PB 0x0000000092b00000| Complete 
| 300|0x0000000092c00000, 0x0000000092d00000, 0x0000000092d00000|100%|HC|  |TAMS 0x0000000092c00000| PB 0x0000000092c00000| Complete 
| 301|0x0000000092d00000, 0x0000000092e00000, 0x0000000092e00000|100%|HS|  |TAMS 0x0000000092d00000| PB 0x0000000092d00000| Complete 
| 302|0x0000000092e00000, 0x0000000092f00000, 0x0000000092f00000|100%|HC|  |TAMS 0x0000000092e00000| PB 0x0000000092e00000| Complete 
| 303|0x0000000092f00000, 0x0000000093000000, 0x0000000093000000|100%|HS|  |TAMS 0x0000000092f00000| PB 0x0000000092f00000| Complete 
| 304|0x0000000093000000, 0x0000000093100000, 0x0000000093100000|100%|HC|  |TAMS 0x0000000093000000| PB 0x0000000093000000| Complete 
| 305|0x0000000093100000, 0x0000000093200000, 0x0000000093200000|100%| O|  |TAMS 0x0000000093100000| PB 0x0000000093100000| Untracked 
| 306|0x0000000093200000, 0x0000000093300000, 0x0000000093300000|100%| O|  |TAMS 0x0000000093200000| PB 0x0000000093200000| Untracked 
| 307|0x0000000093300000, 0x0000000093400000, 0x0000000093400000|100%| O|  |TAMS 0x0000000093300000| PB 0x0000000093300000| Untracked 
| 308|0x0000000093400000, 0x0000000093500000, 0x0000000093500000|100%| O|  |TAMS 0x0000000093400000| PB 0x0000000093400000| Untracked 
| 309|0x0000000093500000, 0x0000000093600000, 0x0000000093600000|100%| O|  |TAMS 0x0000000093500000| PB 0x0000000093500000| Untracked 
| 310|0x0000000093600000, 0x0000000093700000, 0x0000000093700000|100%| O|  |TAMS 0x0000000093600000| PB 0x0000000093600000| Untracked 
| 311|0x0000000093700000, 0x0000000093800000, 0x0000000093800000|100%| O|  |TAMS 0x0000000093700000| PB 0x0000000093700000| Untracked 
| 312|0x0000000093800000, 0x0000000093900000, 0x0000000093900000|100%| O|  |TAMS 0x0000000093800000| PB 0x0000000093800000| Untracked 
| 313|0x0000000093900000, 0x0000000093a00000, 0x0000000093a00000|100%| O|  |TAMS 0x0000000093900000| PB 0x0000000093900000| Untracked 
| 314|0x0000000093a00000, 0x0000000093b00000, 0x0000000093b00000|100%| O|  |TAMS 0x0000000093a00000| PB 0x0000000093a00000| Untracked 
| 315|0x0000000093b00000, 0x0000000093c00000, 0x0000000093c00000|100%| O|  |TAMS 0x0000000093b00000| PB 0x0000000093b00000| Untracked 
| 316|0x0000000093c00000, 0x0000000093d00000, 0x0000000093d00000|100%| O|  |TAMS 0x0000000093c00000| PB 0x0000000093c00000| Untracked 
| 317|0x0000000093d00000, 0x0000000093e00000, 0x0000000093e00000|100%| O|  |TAMS 0x0000000093d00000| PB 0x0000000093d00000| Untracked 
| 318|0x0000000093e00000, 0x0000000093f00000, 0x0000000093f00000|100%| O|  |TAMS 0x0000000093e00000| PB 0x0000000093e00000| Untracked 
| 319|0x0000000093f00000, 0x0000000094000000, 0x0000000094000000|100%| O|  |TAMS 0x0000000093f00000| PB 0x0000000093f00000| Untracked 
| 320|0x0000000094000000, 0x0000000094100000, 0x0000000094100000|100%| O|  |TAMS 0x0000000094000000| PB 0x0000000094000000| Untracked 
| 321|0x0000000094100000, 0x0000000094200000, 0x0000000094200000|100%| O|  |TAMS 0x0000000094100000| PB 0x0000000094100000| Untracked 
| 322|0x0000000094200000, 0x0000000094300000, 0x0000000094300000|100%| O|  |TAMS 0x0000000094200000| PB 0x0000000094200000| Untracked 
| 323|0x0000000094300000, 0x0000000094400000, 0x0000000094400000|100%| O|  |TAMS 0x0000000094300000| PB 0x0000000094300000| Untracked 
| 324|0x0000000094400000, 0x0000000094500000, 0x0000000094500000|100%| O|  |TAMS 0x0000000094400000| PB 0x0000000094400000| Untracked 
| 325|0x0000000094500000, 0x0000000094600000, 0x0000000094600000|100%| O|  |TAMS 0x0000000094500000| PB 0x0000000094500000| Untracked 
| 326|0x0000000094600000, 0x0000000094700000, 0x0000000094700000|100%| O|  |TAMS 0x0000000094600000| PB 0x0000000094600000| Untracked 
| 327|0x0000000094700000, 0x0000000094800000, 0x0000000094800000|100%| O|  |TAMS 0x0000000094700000| PB 0x0000000094700000| Untracked 
| 328|0x0000000094800000, 0x0000000094900000, 0x0000000094900000|100%| O|  |TAMS 0x0000000094800000| PB 0x0000000094800000| Untracked 
| 329|0x0000000094900000, 0x0000000094a00000, 0x0000000094a00000|100%| O|  |TAMS 0x0000000094900000| PB 0x0000000094900000| Untracked 
| 330|0x0000000094a00000, 0x0000000094b00000, 0x0000000094b00000|100%| O|  |TAMS 0x0000000094a00000| PB 0x0000000094a00000| Untracked 
| 331|0x0000000094b00000, 0x0000000094c00000, 0x0000000094c00000|100%| O|  |TAMS 0x0000000094b00000| PB 0x0000000094b00000| Untracked 
| 332|0x0000000094c00000, 0x0000000094d00000, 0x0000000094d00000|100%| O|  |TAMS 0x0000000094c00000| PB 0x0000000094c00000| Untracked 
| 333|0x0000000094d00000, 0x0000000094e00000, 0x0000000094e00000|100%| O|  |TAMS 0x0000000094d00000| PB 0x0000000094d00000| Untracked 
| 334|0x0000000094e00000, 0x0000000094f00000, 0x0000000094f00000|100%| O|  |TAMS 0x0000000094e00000| PB 0x0000000094e00000| Untracked 
| 335|0x0000000094f00000, 0x0000000095000000, 0x0000000095000000|100%| O|  |TAMS 0x0000000094f00000| PB 0x0000000094f00000| Untracked 
| 336|0x0000000095000000, 0x0000000095100000, 0x0000000095100000|100%| O|  |TAMS 0x0000000095000000| PB 0x0000000095000000| Untracked 
| 337|0x0000000095100000, 0x0000000095200000, 0x0000000095200000|100%| O|  |TAMS 0x0000000095100000| PB 0x0000000095100000| Untracked 
| 338|0x0000000095200000, 0x0000000095300000, 0x0000000095300000|100%| O|  |TAMS 0x0000000095200000| PB 0x0000000095200000| Untracked 
| 339|0x0000000095300000, 0x0000000095376e60, 0x0000000095400000| 46%| E|CS|TAMS 0x0000000095300000| PB 0x0000000095300000| Complete 
| 340|0x0000000095400000, 0x0000000095500000, 0x0000000095500000|100%| E|CS|TAMS 0x0000000095400000| PB 0x0000000095400000| Complete 
| 341|0x0000000095500000, 0x0000000095600000, 0x0000000095600000|100%| E|CS|TAMS 0x0000000095500000| PB 0x0000000095500000| Complete 
| 342|0x0000000095600000, 0x0000000095700000, 0x0000000095700000|100%| E|CS|TAMS 0x0000000095600000| PB 0x0000000095600000| Complete 
| 343|0x0000000095700000, 0x0000000095800000, 0x0000000095800000|100%| E|CS|TAMS 0x0000000095700000| PB 0x0000000095700000| Complete 
| 344|0x0000000095800000, 0x0000000095900000, 0x0000000095900000|100%| E|CS|TAMS 0x0000000095800000| PB 0x0000000095800000| Complete 
| 345|0x0000000095900000, 0x0000000095a00000, 0x0000000095a00000|100%| E|CS|TAMS 0x0000000095900000| PB 0x0000000095900000| Complete 
| 346|0x0000000095a00000, 0x0000000095b00000, 0x0000000095b00000|100%| E|CS|TAMS 0x0000000095a00000| PB 0x0000000095a00000| Complete 
| 347|0x0000000095b00000, 0x0000000095c00000, 0x0000000095c00000|100%| E|CS|TAMS 0x0000000095b00000| PB 0x0000000095b00000| Complete 
| 348|0x0000000095c00000, 0x0000000095d00000, 0x0000000095d00000|100%| E|CS|TAMS 0x0000000095c00000| PB 0x0000000095c00000| Complete 
| 349|0x0000000095d00000, 0x0000000095e00000, 0x0000000095e00000|100%| E|CS|TAMS 0x0000000095d00000| PB 0x0000000095d00000| Complete 
| 350|0x0000000095e00000, 0x0000000095f00000, 0x0000000095f00000|100%| E|CS|TAMS 0x0000000095e00000| PB 0x0000000095e00000| Complete 
| 351|0x0000000095f00000, 0x0000000096000000, 0x0000000096000000|100%| E|CS|TAMS 0x0000000095f00000| PB 0x0000000095f00000| Complete 
| 352|0x0000000096000000, 0x0000000096100000, 0x0000000096100000|100%| E|CS|TAMS 0x0000000096000000| PB 0x0000000096000000| Complete 
| 353|0x0000000096100000, 0x0000000096200000, 0x0000000096200000|100%| E|CS|TAMS 0x0000000096100000| PB 0x0000000096100000| Complete 
| 354|0x0000000096200000, 0x0000000096300000, 0x0000000096300000|100%| E|CS|TAMS 0x0000000096200000| PB 0x0000000096200000| Complete 
| 355|0x0000000096300000, 0x0000000096400000, 0x0000000096400000|100%| E|CS|TAMS 0x0000000096300000| PB 0x0000000096300000| Complete 
| 356|0x0000000096400000, 0x0000000096500000, 0x0000000096500000|100%| E|CS|TAMS 0x0000000096400000| PB 0x0000000096400000| Complete 
| 357|0x0000000096500000, 0x0000000096600000, 0x0000000096600000|100%| E|CS|TAMS 0x0000000096500000| PB 0x0000000096500000| Complete 
| 358|0x0000000096600000, 0x0000000096700000, 0x0000000096700000|100%| E|CS|TAMS 0x0000000096600000| PB 0x0000000096600000| Complete 
| 359|0x0000000096700000, 0x0000000096800000, 0x0000000096800000|100%| E|CS|TAMS 0x0000000096700000| PB 0x0000000096700000| Complete 
| 360|0x0000000096800000, 0x0000000096900000, 0x0000000096900000|100%| E|CS|TAMS 0x0000000096800000| PB 0x0000000096800000| Complete 
| 361|0x0000000096900000, 0x0000000096a00000, 0x0000000096a00000|100%| E|CS|TAMS 0x0000000096900000| PB 0x0000000096900000| Complete 
| 362|0x0000000096a00000, 0x0000000096b00000, 0x0000000096b00000|100%| E|CS|TAMS 0x0000000096a00000| PB 0x0000000096a00000| Complete 
| 363|0x0000000096b00000, 0x0000000096c00000, 0x0000000096c00000|100%| E|CS|TAMS 0x0000000096b00000| PB 0x0000000096b00000| Complete 
| 364|0x0000000096c00000, 0x0000000096d00000, 0x0000000096d00000|100%| E|CS|TAMS 0x0000000096c00000| PB 0x0000000096c00000| Complete 
| 365|0x0000000096d00000, 0x0000000096e00000, 0x0000000096e00000|100%| E|CS|TAMS 0x0000000096d00000| PB 0x0000000096d00000| Complete 
| 366|0x0000000096e00000, 0x0000000096f00000, 0x0000000096f00000|100%| E|CS|TAMS 0x0000000096e00000| PB 0x0000000096e00000| Complete 
| 367|0x0000000096f00000, 0x0000000097000000, 0x0000000097000000|100%| E|CS|TAMS 0x0000000096f00000| PB 0x0000000096f00000| Complete 
| 368|0x0000000097000000, 0x0000000097100000, 0x0000000097100000|100%| E|CS|TAMS 0x0000000097000000| PB 0x0000000097000000| Complete 
| 369|0x0000000097100000, 0x0000000097200000, 0x0000000097200000|100%| E|CS|TAMS 0x0000000097100000| PB 0x0000000097100000| Complete 
| 370|0x0000000097200000, 0x0000000097300000, 0x0000000097300000|100%| E|CS|TAMS 0x0000000097200000| PB 0x0000000097200000| Complete 
| 371|0x0000000097300000, 0x0000000097400000, 0x0000000097400000|100%| E|CS|TAMS 0x0000000097300000| PB 0x0000000097300000| Complete 
| 372|0x0000000097400000, 0x0000000097500000, 0x0000000097500000|100%| E|CS|TAMS 0x0000000097400000| PB 0x0000000097400000| Complete 
| 373|0x0000000097500000, 0x0000000097600000, 0x0000000097600000|100%| E|CS|TAMS 0x0000000097500000| PB 0x0000000097500000| Complete 
| 374|0x0000000097600000, 0x0000000097700000, 0x0000000097700000|100%| E|CS|TAMS 0x0000000097600000| PB 0x0000000097600000| Complete 
| 375|0x0000000097700000, 0x0000000097800000, 0x0000000097800000|100%| E|CS|TAMS 0x0000000097700000| PB 0x0000000097700000| Complete 
| 376|0x0000000097800000, 0x0000000097900000, 0x0000000097900000|100%| E|CS|TAMS 0x0000000097800000| PB 0x0000000097800000| Complete 
| 377|0x0000000097900000, 0x0000000097a00000, 0x0000000097a00000|100%| E|CS|TAMS 0x0000000097900000| PB 0x0000000097900000| Complete 
| 378|0x0000000097a00000, 0x0000000097b00000, 0x0000000097b00000|100%| E|CS|TAMS 0x0000000097a00000| PB 0x0000000097a00000| Complete 
| 379|0x0000000097b00000, 0x0000000097c00000, 0x0000000097c00000|100%| E|CS|TAMS 0x0000000097b00000| PB 0x0000000097b00000| Complete 
| 380|0x0000000097c00000, 0x0000000097d00000, 0x0000000097d00000|100%| E|CS|TAMS 0x0000000097c00000| PB 0x0000000097c00000| Complete 
| 381|0x0000000097d00000, 0x0000000097e00000, 0x0000000097e00000|100%| E|CS|TAMS 0x0000000097d00000| PB 0x0000000097d00000| Complete 
| 382|0x0000000097e00000, 0x0000000097f00000, 0x0000000097f00000|100%| E|CS|TAMS 0x0000000097e00000| PB 0x0000000097e00000| Complete 
| 383|0x0000000097f00000, 0x0000000098000000, 0x0000000098000000|100%| E|CS|TAMS 0x0000000097f00000| PB 0x0000000097f00000| Complete 
| 384|0x0000000098000000, 0x0000000098100000, 0x0000000098100000|100%| E|CS|TAMS 0x0000000098000000| PB 0x0000000098000000| Complete 
| 385|0x0000000098100000, 0x0000000098200000, 0x0000000098200000|100%| E|CS|TAMS 0x0000000098100000| PB 0x0000000098100000| Complete 
| 386|0x0000000098200000, 0x0000000098300000, 0x0000000098300000|100%| E|CS|TAMS 0x0000000098200000| PB 0x0000000098200000| Complete 
| 387|0x0000000098300000, 0x0000000098400000, 0x0000000098400000|100%| E|CS|TAMS 0x0000000098300000| PB 0x0000000098300000| Complete 
| 388|0x0000000098400000, 0x0000000098500000, 0x0000000098500000|100%| E|CS|TAMS 0x0000000098400000| PB 0x0000000098400000| Complete 
| 389|0x0000000098500000, 0x0000000098600000, 0x0000000098600000|100%| E|CS|TAMS 0x0000000098500000| PB 0x0000000098500000| Complete 
| 390|0x0000000098600000, 0x0000000098700000, 0x0000000098700000|100%| O|  |TAMS 0x0000000098600000| PB 0x0000000098600000| Untracked 
| 391|0x0000000098700000, 0x0000000098800000, 0x0000000098800000|100%| O|  |TAMS 0x0000000098700000| PB 0x0000000098700000| Untracked 
| 392|0x0000000098800000, 0x0000000098900000, 0x0000000098900000|100%| O|  |TAMS 0x0000000098800000| PB 0x0000000098800000| Untracked 
| 393|0x0000000098900000, 0x0000000098a00000, 0x0000000098a00000|100%| O|  |TAMS 0x0000000098900000| PB 0x0000000098900000| Untracked 
| 394|0x0000000098a00000, 0x0000000098b00000, 0x0000000098b00000|100%| O|  |TAMS 0x0000000098a00000| PB 0x0000000098a00000| Untracked 
| 395|0x0000000098b00000, 0x0000000098c00000, 0x0000000098c00000|100%| O|  |TAMS 0x0000000098b00000| PB 0x0000000098b00000| Untracked 
| 396|0x0000000098c00000, 0x0000000098d00000, 0x0000000098d00000|100%| S|  |TAMS 0x0000000098c00000| PB 0x0000000098c00000| Complete 
| 397|0x0000000098d00000, 0x0000000098e00000, 0x0000000098e00000|100%| S|  |TAMS 0x0000000098d00000| PB 0x0000000098d00000| Complete 
| 398|0x0000000098e00000, 0x0000000098f00000, 0x0000000098f00000|100%| S|  |TAMS 0x0000000098e00000| PB 0x0000000098e00000| Complete 
| 399|0x0000000098f00000, 0x0000000099000000, 0x0000000099000000|100%| S|  |TAMS 0x0000000098f00000| PB 0x0000000098f00000| Complete 
| 400|0x0000000099000000, 0x0000000099100000, 0x0000000099100000|100%| S|  |TAMS 0x0000000099000000| PB 0x0000000099000000| Complete 
| 401|0x0000000099100000, 0x0000000099200000, 0x0000000099200000|100%| S|  |TAMS 0x0000000099100000| PB 0x0000000099100000| Complete 
| 402|0x0000000099200000, 0x0000000099300000, 0x0000000099300000|100%| S|  |TAMS 0x0000000099200000| PB 0x0000000099200000| Complete 
| 403|0x0000000099300000, 0x0000000099400000, 0x0000000099400000|100%| S|  |TAMS 0x0000000099300000| PB 0x0000000099300000| Complete 
| 404|0x0000000099400000, 0x0000000099500000, 0x0000000099500000|100%| S|  |TAMS 0x0000000099400000| PB 0x0000000099400000| Complete 
| 405|0x0000000099500000, 0x0000000099600000, 0x0000000099600000|100%| S|  |TAMS 0x0000000099500000| PB 0x0000000099500000| Complete 
| 406|0x0000000099600000, 0x0000000099700000, 0x0000000099700000|100%| S|  |TAMS 0x0000000099600000| PB 0x0000000099600000| Complete 
| 407|0x0000000099700000, 0x0000000099800000, 0x0000000099800000|100%| S|  |TAMS 0x0000000099700000| PB 0x0000000099700000| Complete 
| 408|0x0000000099800000, 0x0000000099900000, 0x0000000099900000|100%| S|  |TAMS 0x0000000099800000| PB 0x0000000099800000| Complete 
| 409|0x0000000099900000, 0x0000000099a00000, 0x0000000099a00000|100%| S|  |TAMS 0x0000000099900000| PB 0x0000000099900000| Complete 
| 410|0x0000000099a00000, 0x0000000099b00000, 0x0000000099b00000|100%| S|  |TAMS 0x0000000099a00000| PB 0x0000000099a00000| Complete 
| 411|0x0000000099b00000, 0x0000000099c00000, 0x0000000099c00000|100%| S|  |TAMS 0x0000000099b00000| PB 0x0000000099b00000| Complete 
| 412|0x0000000099c00000, 0x0000000099d00000, 0x0000000099d00000|100%| S|  |TAMS 0x0000000099c00000| PB 0x0000000099c00000| Complete 
| 413|0x0000000099d00000, 0x0000000099e00000, 0x0000000099e00000|100%| S|  |TAMS 0x0000000099d00000| PB 0x0000000099d00000| Complete 
| 414|0x0000000099e00000, 0x0000000099f00000, 0x0000000099f00000|100%| S|  |TAMS 0x0000000099e00000| PB 0x0000000099e00000| Complete 
| 415|0x0000000099f00000, 0x000000009a000000, 0x000000009a000000|100%| S|  |TAMS 0x0000000099f00000| PB 0x0000000099f00000| Complete 
| 416|0x000000009a000000, 0x000000009a100000, 0x000000009a100000|100%| S|  |TAMS 0x000000009a000000| PB 0x000000009a000000| Complete 
| 417|0x000000009a100000, 0x000000009a200000, 0x000000009a200000|100%| S|  |TAMS 0x000000009a100000| PB 0x000000009a100000| Complete 
| 418|0x000000009a200000, 0x000000009a300000, 0x000000009a300000|100%| S|  |TAMS 0x000000009a200000| PB 0x000000009a200000| Complete 
| 419|0x000000009a300000, 0x000000009a400000, 0x000000009a400000|100%| S|  |TAMS 0x000000009a300000| PB 0x000000009a300000| Complete 
| 420|0x000000009a400000, 0x000000009a500000, 0x000000009a500000|100%| S|  |TAMS 0x000000009a400000| PB 0x000000009a400000| Complete 
| 421|0x000000009a500000, 0x000000009a600000, 0x000000009a600000|100%| S|  |TAMS 0x000000009a500000| PB 0x000000009a500000| Complete 
| 422|0x000000009a600000, 0x000000009a700000, 0x000000009a700000|100%| S|  |TAMS 0x000000009a600000| PB 0x000000009a600000| Complete 
| 423|0x000000009a700000, 0x000000009a800000, 0x000000009a800000|100%| S|  |TAMS 0x000000009a700000| PB 0x000000009a700000| Complete 
| 424|0x000000009a800000, 0x000000009a900000, 0x000000009a900000|100%| S|  |TAMS 0x000000009a800000| PB 0x000000009a800000| Complete 
| 425|0x000000009a900000, 0x000000009aa00000, 0x000000009aa00000|100%| S|  |TAMS 0x000000009a900000| PB 0x000000009a900000| Complete 
| 426|0x000000009aa00000, 0x000000009ab00000, 0x000000009ab00000|100%| S|  |TAMS 0x000000009aa00000| PB 0x000000009aa00000| Complete 
| 427|0x000000009ab00000, 0x000000009ac00000, 0x000000009ac00000|100%| S|  |TAMS 0x000000009ab00000| PB 0x000000009ab00000| Complete 
| 428|0x000000009ac00000, 0x000000009ad00000, 0x000000009ad00000|100%| S|  |TAMS 0x000000009ac00000| PB 0x000000009ac00000| Complete 
| 429|0x000000009ad00000, 0x000000009ae00000, 0x000000009ae00000|100%| S|  |TAMS 0x000000009ad00000| PB 0x000000009ad00000| Complete 
| 430|0x000000009ae00000, 0x000000009af00000, 0x000000009af00000|100%| S|  |TAMS 0x000000009ae00000| PB 0x000000009ae00000| Complete 
| 431|0x000000009af00000, 0x000000009b000000, 0x000000009b000000|100%| S|  |TAMS 0x000000009af00000| PB 0x000000009af00000| Complete 
| 432|0x000000009b000000, 0x000000009b100000, 0x000000009b100000|100%| S|  |TAMS 0x000000009b000000| PB 0x000000009b000000| Complete 
| 433|0x000000009b100000, 0x000000009b200000, 0x000000009b200000|100%| S|  |TAMS 0x000000009b100000| PB 0x000000009b100000| Complete 
| 434|0x000000009b200000, 0x000000009b300000, 0x000000009b300000|100%| S|  |TAMS 0x000000009b200000| PB 0x000000009b200000| Complete 
| 435|0x000000009b300000, 0x000000009b400000, 0x000000009b400000|100%| S|  |TAMS 0x000000009b300000| PB 0x000000009b300000| Complete 
| 436|0x000000009b400000, 0x000000009b500000, 0x000000009b500000|100%| S|  |TAMS 0x000000009b400000| PB 0x000000009b400000| Complete 
| 437|0x000000009b500000, 0x000000009b600000, 0x000000009b600000|100%| S|  |TAMS 0x000000009b500000| PB 0x000000009b500000| Complete 
| 438|0x000000009b600000, 0x000000009b700000, 0x000000009b700000|100%| S|  |TAMS 0x000000009b600000| PB 0x000000009b600000| Complete 
| 439|0x000000009b700000, 0x000000009b800000, 0x000000009b800000|100%| E|CS|TAMS 0x000000009b700000| PB 0x000000009b700000| Complete 
| 440|0x000000009b800000, 0x000000009b900000, 0x000000009b900000|100%| E|CS|TAMS 0x000000009b800000| PB 0x000000009b800000| Complete 
| 441|0x000000009b900000, 0x000000009ba00000, 0x000000009ba00000|100%| E|CS|TAMS 0x000000009b900000| PB 0x000000009b900000| Complete 
| 442|0x000000009ba00000, 0x000000009bb00000, 0x000000009bb00000|100%| E|CS|TAMS 0x000000009ba00000| PB 0x000000009ba00000| Complete 
| 443|0x000000009bb00000, 0x000000009bc00000, 0x000000009bc00000|100%| E|CS|TAMS 0x000000009bb00000| PB 0x000000009bb00000| Complete 
| 444|0x000000009bc00000, 0x000000009bd00000, 0x000000009bd00000|100%| E|CS|TAMS 0x000000009bc00000| PB 0x000000009bc00000| Complete 
| 445|0x000000009bd00000, 0x000000009be00000, 0x000000009be00000|100%| E|CS|TAMS 0x000000009bd00000| PB 0x000000009bd00000| Complete 
| 446|0x000000009be00000, 0x000000009bf00000, 0x000000009bf00000|100%| E|CS|TAMS 0x000000009be00000| PB 0x000000009be00000| Complete 
| 447|0x000000009bf00000, 0x000000009c000000, 0x000000009c000000|100%| E|CS|TAMS 0x000000009bf00000| PB 0x000000009bf00000| Complete 
| 448|0x000000009c000000, 0x000000009c100000, 0x000000009c100000|100%| E|CS|TAMS 0x000000009c000000| PB 0x000000009c000000| Complete 
| 449|0x000000009c100000, 0x000000009c200000, 0x000000009c200000|100%| E|CS|TAMS 0x000000009c100000| PB 0x000000009c100000| Complete 
| 450|0x000000009c200000, 0x000000009c300000, 0x000000009c300000|100%| E|CS|TAMS 0x000000009c200000| PB 0x000000009c200000| Complete 
| 451|0x000000009c300000, 0x000000009c400000, 0x000000009c400000|100%| E|CS|TAMS 0x000000009c300000| PB 0x000000009c300000| Complete 
| 452|0x000000009c400000, 0x000000009c500000, 0x000000009c500000|100%| E|CS|TAMS 0x000000009c400000| PB 0x000000009c400000| Complete 
| 453|0x000000009c500000, 0x000000009c600000, 0x000000009c600000|100%| E|CS|TAMS 0x000000009c500000| PB 0x000000009c500000| Complete 
| 454|0x000000009c600000, 0x000000009c700000, 0x000000009c700000|100%| E|CS|TAMS 0x000000009c600000| PB 0x000000009c600000| Complete 
| 455|0x000000009c700000, 0x000000009c800000, 0x000000009c800000|100%| E|CS|TAMS 0x000000009c700000| PB 0x000000009c700000| Complete 
| 456|0x000000009c800000, 0x000000009c900000, 0x000000009c900000|100%| E|CS|TAMS 0x000000009c800000| PB 0x000000009c800000| Complete 
| 457|0x000000009c900000, 0x000000009ca00000, 0x000000009ca00000|100%| E|CS|TAMS 0x000000009c900000| PB 0x000000009c900000| Complete 
| 458|0x000000009ca00000, 0x000000009cb00000, 0x000000009cb00000|100%| E|CS|TAMS 0x000000009ca00000| PB 0x000000009ca00000| Complete 
| 459|0x000000009cb00000, 0x000000009cc00000, 0x000000009cc00000|100%| E|CS|TAMS 0x000000009cb00000| PB 0x000000009cb00000| Complete 
| 460|0x000000009cc00000, 0x000000009cd00000, 0x000000009cd00000|100%| E|CS|TAMS 0x000000009cc00000| PB 0x000000009cc00000| Complete 
| 461|0x000000009cd00000, 0x000000009ce00000, 0x000000009ce00000|100%| E|CS|TAMS 0x000000009cd00000| PB 0x000000009cd00000| Complete 
| 462|0x000000009ce00000, 0x000000009cf00000, 0x000000009cf00000|100%| E|CS|TAMS 0x000000009ce00000| PB 0x000000009ce00000| Complete 
| 463|0x000000009cf00000, 0x000000009d000000, 0x000000009d000000|100%| E|CS|TAMS 0x000000009cf00000| PB 0x000000009cf00000| Complete 
| 464|0x000000009d000000, 0x000000009d100000, 0x000000009d100000|100%| E|CS|TAMS 0x000000009d000000| PB 0x000000009d000000| Complete 
| 465|0x000000009d100000, 0x000000009d200000, 0x000000009d200000|100%| E|CS|TAMS 0x000000009d100000| PB 0x000000009d100000| Complete 
| 466|0x000000009d200000, 0x000000009d300000, 0x000000009d300000|100%| E|CS|TAMS 0x000000009d200000| PB 0x000000009d200000| Complete 
| 467|0x000000009d300000, 0x000000009d400000, 0x000000009d400000|100%| E|CS|TAMS 0x000000009d300000| PB 0x000000009d300000| Complete 
| 468|0x000000009d400000, 0x000000009d500000, 0x000000009d500000|100%| E|CS|TAMS 0x000000009d400000| PB 0x000000009d400000| Complete 
| 469|0x000000009d500000, 0x000000009d600000, 0x000000009d600000|100%| E|CS|TAMS 0x000000009d500000| PB 0x000000009d500000| Complete 
| 470|0x000000009d600000, 0x000000009d700000, 0x000000009d700000|100%| E|CS|TAMS 0x000000009d600000| PB 0x000000009d600000| Complete 
| 471|0x000000009d700000, 0x000000009d800000, 0x000000009d800000|100%| E|CS|TAMS 0x000000009d700000| PB 0x000000009d700000| Complete 
| 472|0x000000009d800000, 0x000000009d900000, 0x000000009d900000|100%| E|CS|TAMS 0x000000009d800000| PB 0x000000009d800000| Complete 
| 473|0x000000009d900000, 0x000000009da00000, 0x000000009da00000|100%| E|CS|TAMS 0x000000009d900000| PB 0x000000009d900000| Complete 
| 474|0x000000009da00000, 0x000000009db00000, 0x000000009db00000|100%| E|CS|TAMS 0x000000009da00000| PB 0x000000009da00000| Complete 
| 475|0x000000009db00000, 0x000000009dc00000, 0x000000009dc00000|100%| E|CS|TAMS 0x000000009db00000| PB 0x000000009db00000| Complete 
| 476|0x000000009dc00000, 0x000000009dd00000, 0x000000009dd00000|100%| E|CS|TAMS 0x000000009dc00000| PB 0x000000009dc00000| Complete 
| 477|0x000000009dd00000, 0x000000009de00000, 0x000000009de00000|100%| E|CS|TAMS 0x000000009dd00000| PB 0x000000009dd00000| Complete 
| 478|0x000000009de00000, 0x000000009df00000, 0x000000009df00000|100%| E|CS|TAMS 0x000000009de00000| PB 0x000000009de00000| Complete 
| 479|0x000000009df00000, 0x000000009e000000, 0x000000009e000000|100%| E|CS|TAMS 0x000000009df00000| PB 0x000000009df00000| Complete 
| 480|0x000000009e000000, 0x000000009e100000, 0x000000009e100000|100%| E|CS|TAMS 0x000000009e000000| PB 0x000000009e000000| Complete 
| 481|0x000000009e100000, 0x000000009e200000, 0x000000009e200000|100%| E|CS|TAMS 0x000000009e100000| PB 0x000000009e100000| Complete 
| 482|0x000000009e200000, 0x000000009e300000, 0x000000009e300000|100%| E|CS|TAMS 0x000000009e200000| PB 0x000000009e200000| Complete 
| 483|0x000000009e300000, 0x000000009e400000, 0x000000009e400000|100%| E|CS|TAMS 0x000000009e300000| PB 0x000000009e300000| Complete 
| 484|0x000000009e400000, 0x000000009e500000, 0x000000009e500000|100%| E|CS|TAMS 0x000000009e400000| PB 0x000000009e400000| Complete 
| 485|0x000000009e500000, 0x000000009e600000, 0x000000009e600000|100%| E|CS|TAMS 0x000000009e500000| PB 0x000000009e500000| Complete 
| 486|0x000000009e600000, 0x000000009e700000, 0x000000009e700000|100%| E|CS|TAMS 0x000000009e600000| PB 0x000000009e600000| Complete 
| 487|0x000000009e700000, 0x000000009e800000, 0x000000009e800000|100%| E|CS|TAMS 0x000000009e700000| PB 0x000000009e700000| Complete 
| 488|0x000000009e800000, 0x000000009e900000, 0x000000009e900000|100%| E|CS|TAMS 0x000000009e800000| PB 0x000000009e800000| Complete 
| 489|0x000000009e900000, 0x000000009ea00000, 0x000000009ea00000|100%| E|CS|TAMS 0x000000009e900000| PB 0x000000009e900000| Complete 
| 490|0x000000009ea00000, 0x000000009eb00000, 0x000000009eb00000|100%| E|CS|TAMS 0x000000009ea00000| PB 0x000000009ea00000| Complete 
| 491|0x000000009eb00000, 0x000000009ec00000, 0x000000009ec00000|100%| E|CS|TAMS 0x000000009eb00000| PB 0x000000009eb00000| Complete 
| 492|0x000000009ec00000, 0x000000009ed00000, 0x000000009ed00000|100%| E|CS|TAMS 0x000000009ec00000| PB 0x000000009ec00000| Complete 
| 493|0x000000009ed00000, 0x000000009ee00000, 0x000000009ee00000|100%| E|CS|TAMS 0x000000009ed00000| PB 0x000000009ed00000| Complete 
| 494|0x000000009ee00000, 0x000000009ef00000, 0x000000009ef00000|100%| E|CS|TAMS 0x000000009ee00000| PB 0x000000009ee00000| Complete 
| 495|0x000000009ef00000, 0x000000009f000000, 0x000000009f000000|100%| E|CS|TAMS 0x000000009ef00000| PB 0x000000009ef00000| Complete 
| 496|0x000000009f000000, 0x000000009f100000, 0x000000009f100000|100%| E|CS|TAMS 0x000000009f000000| PB 0x000000009f000000| Complete 
| 497|0x000000009f100000, 0x000000009f200000, 0x000000009f200000|100%| E|CS|TAMS 0x000000009f100000| PB 0x000000009f100000| Complete 
| 498|0x000000009f200000, 0x000000009f300000, 0x000000009f300000|100%| E|CS|TAMS 0x000000009f200000| PB 0x000000009f200000| Complete 
| 499|0x000000009f300000, 0x000000009f400000, 0x000000009f400000|100%| E|CS|TAMS 0x000000009f300000| PB 0x000000009f300000| Complete 
| 500|0x000000009f400000, 0x000000009f500000, 0x000000009f500000|100%| E|CS|TAMS 0x000000009f400000| PB 0x000000009f400000| Complete 
| 501|0x000000009f500000, 0x000000009f600000, 0x000000009f600000|100%| E|CS|TAMS 0x000000009f500000| PB 0x000000009f500000| Complete 
| 502|0x000000009f600000, 0x000000009f700000, 0x000000009f700000|100%| E|CS|TAMS 0x000000009f600000| PB 0x000000009f600000| Complete 
| 503|0x000000009f700000, 0x000000009f800000, 0x000000009f800000|100%| E|CS|TAMS 0x000000009f700000| PB 0x000000009f700000| Complete 
| 504|0x000000009f800000, 0x000000009f900000, 0x000000009f900000|100%| E|CS|TAMS 0x000000009f800000| PB 0x000000009f800000| Complete 
| 505|0x000000009f900000, 0x000000009fa00000, 0x000000009fa00000|100%| E|CS|TAMS 0x000000009f900000| PB 0x000000009f900000| Complete 
| 506|0x000000009fa00000, 0x000000009fb00000, 0x000000009fb00000|100%| E|CS|TAMS 0x000000009fa00000| PB 0x000000009fa00000| Complete 
| 507|0x000000009fb00000, 0x000000009fc00000, 0x000000009fc00000|100%| E|CS|TAMS 0x000000009fb00000| PB 0x000000009fb00000| Complete 
| 508|0x000000009fc00000, 0x000000009fd00000, 0x000000009fd00000|100%| E|CS|TAMS 0x000000009fc00000| PB 0x000000009fc00000| Complete 
| 509|0x000000009fd00000, 0x000000009fe00000, 0x000000009fe00000|100%| E|CS|TAMS 0x000000009fd00000| PB 0x000000009fd00000| Complete 
| 510|0x000000009fe00000, 0x000000009ff00000, 0x000000009ff00000|100%| E|CS|TAMS 0x000000009fe00000| PB 0x000000009fe00000| Complete 
| 511|0x000000009ff00000, 0x00000000a0000000, 0x00000000a0000000|100%| E|CS|TAMS 0x000000009ff00000| PB 0x000000009ff00000| Complete 
| 512|0x00000000a0000000, 0x00000000a0100000, 0x00000000a0100000|100%| E|CS|TAMS 0x00000000a0000000| PB 0x00000000a0000000| Complete 
| 513|0x00000000a0100000, 0x00000000a0200000, 0x00000000a0200000|100%| E|CS|TAMS 0x00000000a0100000| PB 0x00000000a0100000| Complete 
| 514|0x00000000a0200000, 0x00000000a0300000, 0x00000000a0300000|100%| E|CS|TAMS 0x00000000a0200000| PB 0x00000000a0200000| Complete 
| 515|0x00000000a0300000, 0x00000000a0400000, 0x00000000a0400000|100%| E|CS|TAMS 0x00000000a0300000| PB 0x00000000a0300000| Complete 
| 516|0x00000000a0400000, 0x00000000a0500000, 0x00000000a0500000|100%| E|CS|TAMS 0x00000000a0400000| PB 0x00000000a0400000| Complete 
| 517|0x00000000a0500000, 0x00000000a0600000, 0x00000000a0600000|100%| E|CS|TAMS 0x00000000a0500000| PB 0x00000000a0500000| Complete 
| 518|0x00000000a0600000, 0x00000000a0700000, 0x00000000a0700000|100%| E|CS|TAMS 0x00000000a0600000| PB 0x00000000a0600000| Complete 
| 519|0x00000000a0700000, 0x00000000a0800000, 0x00000000a0800000|100%| E|CS|TAMS 0x00000000a0700000| PB 0x00000000a0700000| Complete 
| 520|0x00000000a0800000, 0x00000000a0900000, 0x00000000a0900000|100%| E|CS|TAMS 0x00000000a0800000| PB 0x00000000a0800000| Complete 
| 521|0x00000000a0900000, 0x00000000a0a00000, 0x00000000a0a00000|100%| E|CS|TAMS 0x00000000a0900000| PB 0x00000000a0900000| Complete 
| 522|0x00000000a0a00000, 0x00000000a0b00000, 0x00000000a0b00000|100%| E|CS|TAMS 0x00000000a0a00000| PB 0x00000000a0a00000| Complete 
| 523|0x00000000a0b00000, 0x00000000a0c00000, 0x00000000a0c00000|100%| E|CS|TAMS 0x00000000a0b00000| PB 0x00000000a0b00000| Complete 
| 524|0x00000000a0c00000, 0x00000000a0d00000, 0x00000000a0d00000|100%| E|CS|TAMS 0x00000000a0c00000| PB 0x00000000a0c00000| Complete 
| 525|0x00000000a0d00000, 0x00000000a0e00000, 0x00000000a0e00000|100%| E|CS|TAMS 0x00000000a0d00000| PB 0x00000000a0d00000| Complete 
| 526|0x00000000a0e00000, 0x00000000a0f00000, 0x00000000a0f00000|100%| E|CS|TAMS 0x00000000a0e00000| PB 0x00000000a0e00000| Complete 
| 527|0x00000000a0f00000, 0x00000000a1000000, 0x00000000a1000000|100%| E|CS|TAMS 0x00000000a0f00000| PB 0x00000000a0f00000| Complete 
| 528|0x00000000a1000000, 0x00000000a1100000, 0x00000000a1100000|100%| E|CS|TAMS 0x00000000a1000000| PB 0x00000000a1000000| Complete 
| 529|0x00000000a1100000, 0x00000000a1200000, 0x00000000a1200000|100%| E|CS|TAMS 0x00000000a1100000| PB 0x00000000a1100000| Complete 
| 530|0x00000000a1200000, 0x00000000a1300000, 0x00000000a1300000|100%| E|CS|TAMS 0x00000000a1200000| PB 0x00000000a1200000| Complete 
| 531|0x00000000a1300000, 0x00000000a1400000, 0x00000000a1400000|100%| E|CS|TAMS 0x00000000a1300000| PB 0x00000000a1300000| Complete 
| 532|0x00000000a1400000, 0x00000000a1500000, 0x00000000a1500000|100%| E|CS|TAMS 0x00000000a1400000| PB 0x00000000a1400000| Complete 
| 533|0x00000000a1500000, 0x00000000a1600000, 0x00000000a1600000|100%| E|CS|TAMS 0x00000000a1500000| PB 0x00000000a1500000| Complete 
| 534|0x00000000a1600000, 0x00000000a1700000, 0x00000000a1700000|100%| E|CS|TAMS 0x00000000a1600000| PB 0x00000000a1600000| Complete 
| 535|0x00000000a1700000, 0x00000000a1800000, 0x00000000a1800000|100%| E|CS|TAMS 0x00000000a1700000| PB 0x00000000a1700000| Complete 
| 536|0x00000000a1800000, 0x00000000a1900000, 0x00000000a1900000|100%| E|CS|TAMS 0x00000000a1800000| PB 0x00000000a1800000| Complete 
| 537|0x00000000a1900000, 0x00000000a1a00000, 0x00000000a1a00000|100%| E|CS|TAMS 0x00000000a1900000| PB 0x00000000a1900000| Complete 
| 538|0x00000000a1a00000, 0x00000000a1b00000, 0x00000000a1b00000|100%| E|CS|TAMS 0x00000000a1a00000| PB 0x00000000a1a00000| Complete 
| 539|0x00000000a1b00000, 0x00000000a1c00000, 0x00000000a1c00000|100%| E|CS|TAMS 0x00000000a1b00000| PB 0x00000000a1b00000| Complete 
| 540|0x00000000a1c00000, 0x00000000a1d00000, 0x00000000a1d00000|100%| E|CS|TAMS 0x00000000a1c00000| PB 0x00000000a1c00000| Complete 
| 541|0x00000000a1d00000, 0x00000000a1e00000, 0x00000000a1e00000|100%| E|CS|TAMS 0x00000000a1d00000| PB 0x00000000a1d00000| Complete 
| 542|0x00000000a1e00000, 0x00000000a1f00000, 0x00000000a1f00000|100%| E|CS|TAMS 0x00000000a1e00000| PB 0x00000000a1e00000| Complete 
| 543|0x00000000a1f00000, 0x00000000a2000000, 0x00000000a2000000|100%| E|CS|TAMS 0x00000000a1f00000| PB 0x00000000a1f00000| Complete 
| 544|0x00000000a2000000, 0x00000000a2100000, 0x00000000a2100000|100%| E|CS|TAMS 0x00000000a2000000| PB 0x00000000a2000000| Complete 
| 545|0x00000000a2100000, 0x00000000a2200000, 0x00000000a2200000|100%| E|CS|TAMS 0x00000000a2100000| PB 0x00000000a2100000| Complete 
| 546|0x00000000a2200000, 0x00000000a2300000, 0x00000000a2300000|100%| E|CS|TAMS 0x00000000a2200000| PB 0x00000000a2200000| Complete 
| 547|0x00000000a2300000, 0x00000000a2400000, 0x00000000a2400000|100%| E|CS|TAMS 0x00000000a2300000| PB 0x00000000a2300000| Complete 
| 548|0x00000000a2400000, 0x00000000a2500000, 0x00000000a2500000|100%| E|CS|TAMS 0x00000000a2400000| PB 0x00000000a2400000| Complete 
| 549|0x00000000a2500000, 0x00000000a2600000, 0x00000000a2600000|100%| E|CS|TAMS 0x00000000a2500000| PB 0x00000000a2500000| Complete 
| 550|0x00000000a2600000, 0x00000000a2700000, 0x00000000a2700000|100%| E|CS|TAMS 0x00000000a2600000| PB 0x00000000a2600000| Complete 
| 551|0x00000000a2700000, 0x00000000a2800000, 0x00000000a2800000|100%| E|CS|TAMS 0x00000000a2700000| PB 0x00000000a2700000| Complete 
| 552|0x00000000a2800000, 0x00000000a2900000, 0x00000000a2900000|100%| E|CS|TAMS 0x00000000a2800000| PB 0x00000000a2800000| Complete 
| 553|0x00000000a2900000, 0x00000000a2a00000, 0x00000000a2a00000|100%| E|CS|TAMS 0x00000000a2900000| PB 0x00000000a2900000| Complete 
| 554|0x00000000a2a00000, 0x00000000a2b00000, 0x00000000a2b00000|100%| E|CS|TAMS 0x00000000a2a00000| PB 0x00000000a2a00000| Complete 
| 555|0x00000000a2b00000, 0x00000000a2c00000, 0x00000000a2c00000|100%| E|CS|TAMS 0x00000000a2b00000| PB 0x00000000a2b00000| Complete 
| 556|0x00000000a2c00000, 0x00000000a2d00000, 0x00000000a2d00000|100%| E|CS|TAMS 0x00000000a2c00000| PB 0x00000000a2c00000| Complete 
| 557|0x00000000a2d00000, 0x00000000a2e00000, 0x00000000a2e00000|100%| E|CS|TAMS 0x00000000a2d00000| PB 0x00000000a2d00000| Complete 
| 558|0x00000000a2e00000, 0x00000000a2f00000, 0x00000000a2f00000|100%| E|CS|TAMS 0x00000000a2e00000| PB 0x00000000a2e00000| Complete 
| 559|0x00000000a2f00000, 0x00000000a3000000, 0x00000000a3000000|100%| E|CS|TAMS 0x00000000a2f00000| PB 0x00000000a2f00000| Complete 
| 560|0x00000000a3000000, 0x00000000a3100000, 0x00000000a3100000|100%| E|CS|TAMS 0x00000000a3000000| PB 0x00000000a3000000| Complete 
| 561|0x00000000a3100000, 0x00000000a3200000, 0x00000000a3200000|100%| E|CS|TAMS 0x00000000a3100000| PB 0x00000000a3100000| Complete 
| 562|0x00000000a3200000, 0x00000000a3300000, 0x00000000a3300000|100%| E|CS|TAMS 0x00000000a3200000| PB 0x00000000a3200000| Complete 
| 563|0x00000000a3300000, 0x00000000a3400000, 0x00000000a3400000|100%| E|CS|TAMS 0x00000000a3300000| PB 0x00000000a3300000| Complete 
| 564|0x00000000a3400000, 0x00000000a3500000, 0x00000000a3500000|100%| E|CS|TAMS 0x00000000a3400000| PB 0x00000000a3400000| Complete 
| 565|0x00000000a3500000, 0x00000000a3600000, 0x00000000a3600000|100%| E|CS|TAMS 0x00000000a3500000| PB 0x00000000a3500000| Complete 
| 566|0x00000000a3600000, 0x00000000a3700000, 0x00000000a3700000|100%| E|CS|TAMS 0x00000000a3600000| PB 0x00000000a3600000| Complete 
| 567|0x00000000a3700000, 0x00000000a3800000, 0x00000000a3800000|100%| E|CS|TAMS 0x00000000a3700000| PB 0x00000000a3700000| Complete 
| 568|0x00000000a3800000, 0x00000000a3900000, 0x00000000a3900000|100%| E|CS|TAMS 0x00000000a3800000| PB 0x00000000a3800000| Complete 
| 569|0x00000000a3900000, 0x00000000a3a00000, 0x00000000a3a00000|100%| E|CS|TAMS 0x00000000a3900000| PB 0x00000000a3900000| Complete 
| 570|0x00000000a3a00000, 0x00000000a3b00000, 0x00000000a3b00000|100%| E|CS|TAMS 0x00000000a3a00000| PB 0x00000000a3a00000| Complete 
| 571|0x00000000a3b00000, 0x00000000a3c00000, 0x00000000a3c00000|100%| E|CS|TAMS 0x00000000a3b00000| PB 0x00000000a3b00000| Complete 
| 572|0x00000000a3c00000, 0x00000000a3d00000, 0x00000000a3d00000|100%| E|CS|TAMS 0x00000000a3c00000| PB 0x00000000a3c00000| Complete 
| 573|0x00000000a3d00000, 0x00000000a3e00000, 0x00000000a3e00000|100%| E|CS|TAMS 0x00000000a3d00000| PB 0x00000000a3d00000| Complete 
| 574|0x00000000a3e00000, 0x00000000a3f00000, 0x00000000a3f00000|100%| E|CS|TAMS 0x00000000a3e00000| PB 0x00000000a3e00000| Complete 
| 575|0x00000000a3f00000, 0x00000000a4000000, 0x00000000a4000000|100%| E|CS|TAMS 0x00000000a3f00000| PB 0x00000000a3f00000| Complete 
| 576|0x00000000a4000000, 0x00000000a4100000, 0x00000000a4100000|100%| E|CS|TAMS 0x00000000a4000000| PB 0x00000000a4000000| Complete 
| 577|0x00000000a4100000, 0x00000000a4200000, 0x00000000a4200000|100%| E|CS|TAMS 0x00000000a4100000| PB 0x00000000a4100000| Complete 
| 578|0x00000000a4200000, 0x00000000a4300000, 0x00000000a4300000|100%| E|CS|TAMS 0x00000000a4200000| PB 0x00000000a4200000| Complete 
| 579|0x00000000a4300000, 0x00000000a4400000, 0x00000000a4400000|100%| E|CS|TAMS 0x00000000a4300000| PB 0x00000000a4300000| Complete 
| 580|0x00000000a4400000, 0x00000000a4500000, 0x00000000a4500000|100%| E|CS|TAMS 0x00000000a4400000| PB 0x00000000a4400000| Complete 
| 581|0x00000000a4500000, 0x00000000a4600000, 0x00000000a4600000|100%| E|CS|TAMS 0x00000000a4500000| PB 0x00000000a4500000| Complete 
| 582|0x00000000a4600000, 0x00000000a4700000, 0x00000000a4700000|100%| E|CS|TAMS 0x00000000a4600000| PB 0x00000000a4600000| Complete 
| 583|0x00000000a4700000, 0x00000000a4800000, 0x00000000a4800000|100%| E|CS|TAMS 0x00000000a4700000| PB 0x00000000a4700000| Complete 
| 584|0x00000000a4800000, 0x00000000a4900000, 0x00000000a4900000|100%| E|CS|TAMS 0x00000000a4800000| PB 0x00000000a4800000| Complete 
| 585|0x00000000a4900000, 0x00000000a4a00000, 0x00000000a4a00000|100%| E|CS|TAMS 0x00000000a4900000| PB 0x00000000a4900000| Complete 
| 586|0x00000000a4a00000, 0x00000000a4b00000, 0x00000000a4b00000|100%| E|CS|TAMS 0x00000000a4a00000| PB 0x00000000a4a00000| Complete 
| 587|0x00000000a4b00000, 0x00000000a4c00000, 0x00000000a4c00000|100%| E|CS|TAMS 0x00000000a4b00000| PB 0x00000000a4b00000| Complete 
| 588|0x00000000a4c00000, 0x00000000a4d00000, 0x00000000a4d00000|100%| E|CS|TAMS 0x00000000a4c00000| PB 0x00000000a4c00000| Complete 
| 589|0x00000000a4d00000, 0x00000000a4e00000, 0x00000000a4e00000|100%| E|CS|TAMS 0x00000000a4d00000| PB 0x00000000a4d00000| Complete 
| 590|0x00000000a4e00000, 0x00000000a4f00000, 0x00000000a4f00000|100%| E|CS|TAMS 0x00000000a4e00000| PB 0x00000000a4e00000| Complete 
| 591|0x00000000a4f00000, 0x00000000a5000000, 0x00000000a5000000|100%| E|CS|TAMS 0x00000000a4f00000| PB 0x00000000a4f00000| Complete 
| 592|0x00000000a5000000, 0x00000000a5100000, 0x00000000a5100000|100%| E|CS|TAMS 0x00000000a5000000| PB 0x00000000a5000000| Complete 
| 593|0x00000000a5100000, 0x00000000a5200000, 0x00000000a5200000|100%| E|CS|TAMS 0x00000000a5100000| PB 0x00000000a5100000| Complete 
| 594|0x00000000a5200000, 0x00000000a5300000, 0x00000000a5300000|100%| E|CS|TAMS 0x00000000a5200000| PB 0x00000000a5200000| Complete 
| 595|0x00000000a5300000, 0x00000000a5400000, 0x00000000a5400000|100%| E|CS|TAMS 0x00000000a5300000| PB 0x00000000a5300000| Complete 
| 596|0x00000000a5400000, 0x00000000a5500000, 0x00000000a5500000|100%| E|CS|TAMS 0x00000000a5400000| PB 0x00000000a5400000| Complete 
| 597|0x00000000a5500000, 0x00000000a5600000, 0x00000000a5600000|100%| E|CS|TAMS 0x00000000a5500000| PB 0x00000000a5500000| Complete 
| 598|0x00000000a5600000, 0x00000000a5700000, 0x00000000a5700000|100%| E|CS|TAMS 0x00000000a5600000| PB 0x00000000a5600000| Complete 
| 599|0x00000000a5700000, 0x00000000a5800000, 0x00000000a5800000|100%| E|CS|TAMS 0x00000000a5700000| PB 0x00000000a5700000| Complete 
| 600|0x00000000a5800000, 0x00000000a5900000, 0x00000000a5900000|100%| E|CS|TAMS 0x00000000a5800000| PB 0x00000000a5800000| Complete 
| 601|0x00000000a5900000, 0x00000000a5a00000, 0x00000000a5a00000|100%| E|CS|TAMS 0x00000000a5900000| PB 0x00000000a5900000| Complete 
| 602|0x00000000a5a00000, 0x00000000a5b00000, 0x00000000a5b00000|100%| E|CS|TAMS 0x00000000a5a00000| PB 0x00000000a5a00000| Complete 
| 603|0x00000000a5b00000, 0x00000000a5c00000, 0x00000000a5c00000|100%| E|CS|TAMS 0x00000000a5b00000| PB 0x00000000a5b00000| Complete 
| 604|0x00000000a5c00000, 0x00000000a5d00000, 0x00000000a5d00000|100%| E|CS|TAMS 0x00000000a5c00000| PB 0x00000000a5c00000| Complete 
| 605|0x00000000a5d00000, 0x00000000a5e00000, 0x00000000a5e00000|100%| E|CS|TAMS 0x00000000a5d00000| PB 0x00000000a5d00000| Complete 
| 606|0x00000000a5e00000, 0x00000000a5f00000, 0x00000000a5f00000|100%| E|CS|TAMS 0x00000000a5e00000| PB 0x00000000a5e00000| Complete 
| 607|0x00000000a5f00000, 0x00000000a6000000, 0x00000000a6000000|100%| E|CS|TAMS 0x00000000a5f00000| PB 0x00000000a5f00000| Complete 
| 608|0x00000000a6000000, 0x00000000a6100000, 0x00000000a6100000|100%| E|CS|TAMS 0x00000000a6000000| PB 0x00000000a6000000| Complete 
| 609|0x00000000a6100000, 0x00000000a6200000, 0x00000000a6200000|100%| E|CS|TAMS 0x00000000a6100000| PB 0x00000000a6100000| Complete 
| 610|0x00000000a6200000, 0x00000000a6300000, 0x00000000a6300000|100%| E|CS|TAMS 0x00000000a6200000| PB 0x00000000a6200000| Complete 
| 611|0x00000000a6300000, 0x00000000a6400000, 0x00000000a6400000|100%| E|CS|TAMS 0x00000000a6300000| PB 0x00000000a6300000| Complete 
| 612|0x00000000a6400000, 0x00000000a6500000, 0x00000000a6500000|100%| E|CS|TAMS 0x00000000a6400000| PB 0x00000000a6400000| Complete 
| 613|0x00000000a6500000, 0x00000000a6600000, 0x00000000a6600000|100%| E|CS|TAMS 0x00000000a6500000| PB 0x00000000a6500000| Complete 
| 614|0x00000000a6600000, 0x00000000a6700000, 0x00000000a6700000|100%| E|CS|TAMS 0x00000000a6600000| PB 0x00000000a6600000| Complete 
| 615|0x00000000a6700000, 0x00000000a6800000, 0x00000000a6800000|100%| E|CS|TAMS 0x00000000a6700000| PB 0x00000000a6700000| Complete 
| 616|0x00000000a6800000, 0x00000000a6900000, 0x00000000a6900000|100%| E|CS|TAMS 0x00000000a6800000| PB 0x00000000a6800000| Complete 
| 617|0x00000000a6900000, 0x00000000a6a00000, 0x00000000a6a00000|100%| E|CS|TAMS 0x00000000a6900000| PB 0x00000000a6900000| Complete 
| 618|0x00000000a6a00000, 0x00000000a6b00000, 0x00000000a6b00000|100%| E|CS|TAMS 0x00000000a6a00000| PB 0x00000000a6a00000| Complete 
| 619|0x00000000a6b00000, 0x00000000a6c00000, 0x00000000a6c00000|100%| E|CS|TAMS 0x00000000a6b00000| PB 0x00000000a6b00000| Complete 
| 620|0x00000000a6c00000, 0x00000000a6d00000, 0x00000000a6d00000|100%| E|CS|TAMS 0x00000000a6c00000| PB 0x00000000a6c00000| Complete 
| 621|0x00000000a6d00000, 0x00000000a6e00000, 0x00000000a6e00000|100%| E|CS|TAMS 0x00000000a6d00000| PB 0x00000000a6d00000| Complete 
| 622|0x00000000a6e00000, 0x00000000a6f00000, 0x00000000a6f00000|100%| E|CS|TAMS 0x00000000a6e00000| PB 0x00000000a6e00000| Complete 
| 623|0x00000000a6f00000, 0x00000000a7000000, 0x00000000a7000000|100%| E|CS|TAMS 0x00000000a6f00000| PB 0x00000000a6f00000| Complete 
| 624|0x00000000a7000000, 0x00000000a7100000, 0x00000000a7100000|100%| E|CS|TAMS 0x00000000a7000000| PB 0x00000000a7000000| Complete 
| 625|0x00000000a7100000, 0x00000000a7200000, 0x00000000a7200000|100%| E|CS|TAMS 0x00000000a7100000| PB 0x00000000a7100000| Complete 
| 626|0x00000000a7200000, 0x00000000a7300000, 0x00000000a7300000|100%| E|CS|TAMS 0x00000000a7200000| PB 0x00000000a7200000| Complete 
| 627|0x00000000a7300000, 0x00000000a7400000, 0x00000000a7400000|100%| E|CS|TAMS 0x00000000a7300000| PB 0x00000000a7300000| Complete 
| 628|0x00000000a7400000, 0x00000000a7500000, 0x00000000a7500000|100%| E|CS|TAMS 0x00000000a7400000| PB 0x00000000a7400000| Complete 
| 629|0x00000000a7500000, 0x00000000a7600000, 0x00000000a7600000|100%| E|CS|TAMS 0x00000000a7500000| PB 0x00000000a7500000| Complete 
| 630|0x00000000a7600000, 0x00000000a7700000, 0x00000000a7700000|100%| E|CS|TAMS 0x00000000a7600000| PB 0x00000000a7600000| Complete 
| 631|0x00000000a7700000, 0x00000000a7800000, 0x00000000a7800000|100%| E|CS|TAMS 0x00000000a7700000| PB 0x00000000a7700000| Complete 
| 632|0x00000000a7800000, 0x00000000a7900000, 0x00000000a7900000|100%| E|CS|TAMS 0x00000000a7800000| PB 0x00000000a7800000| Complete 
| 633|0x00000000a7900000, 0x00000000a7a00000, 0x00000000a7a00000|100%| E|CS|TAMS 0x00000000a7900000| PB 0x00000000a7900000| Complete 
| 634|0x00000000a7a00000, 0x00000000a7b00000, 0x00000000a7b00000|100%| E|CS|TAMS 0x00000000a7a00000| PB 0x00000000a7a00000| Complete 
| 635|0x00000000a7b00000, 0x00000000a7c00000, 0x00000000a7c00000|100%| E|CS|TAMS 0x00000000a7b00000| PB 0x00000000a7b00000| Complete 
| 636|0x00000000a7c00000, 0x00000000a7d00000, 0x00000000a7d00000|100%| E|CS|TAMS 0x00000000a7c00000| PB 0x00000000a7c00000| Complete 
| 637|0x00000000a7d00000, 0x00000000a7e00000, 0x00000000a7e00000|100%| E|CS|TAMS 0x00000000a7d00000| PB 0x00000000a7d00000| Complete 
| 638|0x00000000a7e00000, 0x00000000a7f00000, 0x00000000a7f00000|100%| E|CS|TAMS 0x00000000a7e00000| PB 0x00000000a7e00000| Complete 
| 639|0x00000000a7f00000, 0x00000000a8000000, 0x00000000a8000000|100%| E|CS|TAMS 0x00000000a7f00000| PB 0x00000000a7f00000| Complete 
| 640|0x00000000a8000000, 0x00000000a8100000, 0x00000000a8100000|100%| E|CS|TAMS 0x00000000a8000000| PB 0x00000000a8000000| Complete 
| 641|0x00000000a8100000, 0x00000000a8200000, 0x00000000a8200000|100%| E|CS|TAMS 0x00000000a8100000| PB 0x00000000a8100000| Complete 
| 642|0x00000000a8200000, 0x00000000a8300000, 0x00000000a8300000|100%| E|CS|TAMS 0x00000000a8200000| PB 0x00000000a8200000| Complete 
| 643|0x00000000a8300000, 0x00000000a8400000, 0x00000000a8400000|100%| E|CS|TAMS 0x00000000a8300000| PB 0x00000000a8300000| Complete 
| 644|0x00000000a8400000, 0x00000000a8500000, 0x00000000a8500000|100%| E|CS|TAMS 0x00000000a8400000| PB 0x00000000a8400000| Complete 
| 645|0x00000000a8500000, 0x00000000a8600000, 0x00000000a8600000|100%| E|CS|TAMS 0x00000000a8500000| PB 0x00000000a8500000| Complete 
| 646|0x00000000a8600000, 0x00000000a8700000, 0x00000000a8700000|100%| E|CS|TAMS 0x00000000a8600000| PB 0x00000000a8600000| Complete 
| 647|0x00000000a8700000, 0x00000000a8800000, 0x00000000a8800000|100%| E|CS|TAMS 0x00000000a8700000| PB 0x00000000a8700000| Complete 
| 648|0x00000000a8800000, 0x00000000a8900000, 0x00000000a8900000|100%| E|CS|TAMS 0x00000000a8800000| PB 0x00000000a8800000| Complete 
| 649|0x00000000a8900000, 0x00000000a8a00000, 0x00000000a8a00000|100%| E|CS|TAMS 0x00000000a8900000| PB 0x00000000a8900000| Complete 
| 650|0x00000000a8a00000, 0x00000000a8b00000, 0x00000000a8b00000|100%| E|CS|TAMS 0x00000000a8a00000| PB 0x00000000a8a00000| Complete 
| 651|0x00000000a8b00000, 0x00000000a8c00000, 0x00000000a8c00000|100%| E|CS|TAMS 0x00000000a8b00000| PB 0x00000000a8b00000| Complete 
| 652|0x00000000a8c00000, 0x00000000a8d00000, 0x00000000a8d00000|100%| E|CS|TAMS 0x00000000a8c00000| PB 0x00000000a8c00000| Complete 
| 653|0x00000000a8d00000, 0x00000000a8e00000, 0x00000000a8e00000|100%| E|CS|TAMS 0x00000000a8d00000| PB 0x00000000a8d00000| Complete 
| 654|0x00000000a8e00000, 0x00000000a8f00000, 0x00000000a8f00000|100%| E|CS|TAMS 0x00000000a8e00000| PB 0x00000000a8e00000| Complete 
| 655|0x00000000a8f00000, 0x00000000a9000000, 0x00000000a9000000|100%| E|CS|TAMS 0x00000000a8f00000| PB 0x00000000a8f00000| Complete 
| 656|0x00000000a9000000, 0x00000000a9100000, 0x00000000a9100000|100%| E|CS|TAMS 0x00000000a9000000| PB 0x00000000a9000000| Complete 
| 657|0x00000000a9100000, 0x00000000a9200000, 0x00000000a9200000|100%| E|CS|TAMS 0x00000000a9100000| PB 0x00000000a9100000| Complete 
| 658|0x00000000a9200000, 0x00000000a9300000, 0x00000000a9300000|100%| E|CS|TAMS 0x00000000a9200000| PB 0x00000000a9200000| Complete 
| 659|0x00000000a9300000, 0x00000000a9400000, 0x00000000a9400000|100%| E|CS|TAMS 0x00000000a9300000| PB 0x00000000a9300000| Complete 
| 660|0x00000000a9400000, 0x00000000a9500000, 0x00000000a9500000|100%| E|CS|TAMS 0x00000000a9400000| PB 0x00000000a9400000| Complete 
| 661|0x00000000a9500000, 0x00000000a9600000, 0x00000000a9600000|100%| E|CS|TAMS 0x00000000a9500000| PB 0x00000000a9500000| Complete 
| 662|0x00000000a9600000, 0x00000000a9700000, 0x00000000a9700000|100%| E|CS|TAMS 0x00000000a9600000| PB 0x00000000a9600000| Complete 
| 663|0x00000000a9700000, 0x00000000a9800000, 0x00000000a9800000|100%| E|CS|TAMS 0x00000000a9700000| PB 0x00000000a9700000| Complete 
| 664|0x00000000a9800000, 0x00000000a9900000, 0x00000000a9900000|100%| E|CS|TAMS 0x00000000a9800000| PB 0x00000000a9800000| Complete 
| 665|0x00000000a9900000, 0x00000000a9a00000, 0x00000000a9a00000|100%| E|CS|TAMS 0x00000000a9900000| PB 0x00000000a9900000| Complete 
| 666|0x00000000a9a00000, 0x00000000a9b00000, 0x00000000a9b00000|100%| E|CS|TAMS 0x00000000a9a00000| PB 0x00000000a9a00000| Complete 
| 667|0x00000000a9b00000, 0x00000000a9c00000, 0x00000000a9c00000|100%| E|CS|TAMS 0x00000000a9b00000| PB 0x00000000a9b00000| Complete 
| 668|0x00000000a9c00000, 0x00000000a9d00000, 0x00000000a9d00000|100%| E|CS|TAMS 0x00000000a9c00000| PB 0x00000000a9c00000| Complete 
| 669|0x00000000a9d00000, 0x00000000a9e00000, 0x00000000a9e00000|100%| E|CS|TAMS 0x00000000a9d00000| PB 0x00000000a9d00000| Complete 
| 670|0x00000000a9e00000, 0x00000000a9f00000, 0x00000000a9f00000|100%| E|CS|TAMS 0x00000000a9e00000| PB 0x00000000a9e00000| Complete 
| 671|0x00000000a9f00000, 0x00000000aa000000, 0x00000000aa000000|100%| E|CS|TAMS 0x00000000a9f00000| PB 0x00000000a9f00000| Complete 
| 672|0x00000000aa000000, 0x00000000aa100000, 0x00000000aa100000|100%| E|CS|TAMS 0x00000000aa000000| PB 0x00000000aa000000| Complete 
| 673|0x00000000aa100000, 0x00000000aa200000, 0x00000000aa200000|100%| E|CS|TAMS 0x00000000aa100000| PB 0x00000000aa100000| Complete 
| 674|0x00000000aa200000, 0x00000000aa300000, 0x00000000aa300000|100%| E|CS|TAMS 0x00000000aa200000| PB 0x00000000aa200000| Complete 
| 675|0x00000000aa300000, 0x00000000aa400000, 0x00000000aa400000|100%| E|CS|TAMS 0x00000000aa300000| PB 0x00000000aa300000| Complete 
| 676|0x00000000aa400000, 0x00000000aa500000, 0x00000000aa500000|100%| E|CS|TAMS 0x00000000aa400000| PB 0x00000000aa400000| Complete 
| 677|0x00000000aa500000, 0x00000000aa600000, 0x00000000aa600000|100%| E|CS|TAMS 0x00000000aa500000| PB 0x00000000aa500000| Complete 
| 678|0x00000000aa600000, 0x00000000aa700000, 0x00000000aa700000|100%| E|CS|TAMS 0x00000000aa600000| PB 0x00000000aa600000| Complete 
| 679|0x00000000aa700000, 0x00000000aa800000, 0x00000000aa800000|100%| E|CS|TAMS 0x00000000aa700000| PB 0x00000000aa700000| Complete 
| 680|0x00000000aa800000, 0x00000000aa900000, 0x00000000aa900000|100%| E|CS|TAMS 0x00000000aa800000| PB 0x00000000aa800000| Complete 
| 681|0x00000000aa900000, 0x00000000aaa00000, 0x00000000aaa00000|100%| E|CS|TAMS 0x00000000aa900000| PB 0x00000000aa900000| Complete 
| 682|0x00000000aaa00000, 0x00000000aab00000, 0x00000000aab00000|100%| E|CS|TAMS 0x00000000aaa00000| PB 0x00000000aaa00000| Complete 
| 683|0x00000000aab00000, 0x00000000aac00000, 0x00000000aac00000|100%| E|CS|TAMS 0x00000000aab00000| PB 0x00000000aab00000| Complete 
| 684|0x00000000aac00000, 0x00000000aad00000, 0x00000000aad00000|100%| E|CS|TAMS 0x00000000aac00000| PB 0x00000000aac00000| Complete 
| 685|0x00000000aad00000, 0x00000000aae00000, 0x00000000aae00000|100%| E|CS|TAMS 0x00000000aad00000| PB 0x00000000aad00000| Complete 
| 686|0x00000000aae00000, 0x00000000aaf00000, 0x00000000aaf00000|100%| E|CS|TAMS 0x00000000aae00000| PB 0x00000000aae00000| Complete 
| 687|0x00000000aaf00000, 0x00000000ab000000, 0x00000000ab000000|100%| E|CS|TAMS 0x00000000aaf00000| PB 0x00000000aaf00000| Complete 
| 688|0x00000000ab000000, 0x00000000ab100000, 0x00000000ab100000|100%| E|CS|TAMS 0x00000000ab000000| PB 0x00000000ab000000| Complete 
| 689|0x00000000ab100000, 0x00000000ab200000, 0x00000000ab200000|100%| E|CS|TAMS 0x00000000ab100000| PB 0x00000000ab100000| Complete 
| 690|0x00000000ab200000, 0x00000000ab300000, 0x00000000ab300000|100%| E|CS|TAMS 0x00000000ab200000| PB 0x00000000ab200000| Complete 
| 691|0x00000000ab300000, 0x00000000ab400000, 0x00000000ab400000|100%| E|CS|TAMS 0x00000000ab300000| PB 0x00000000ab300000| Complete 
| 692|0x00000000ab400000, 0x00000000ab500000, 0x00000000ab500000|100%| E|CS|TAMS 0x00000000ab400000| PB 0x00000000ab400000| Complete 
| 693|0x00000000ab500000, 0x00000000ab600000, 0x00000000ab600000|100%| E|CS|TAMS 0x00000000ab500000| PB 0x00000000ab500000| Complete 
| 694|0x00000000ab600000, 0x00000000ab700000, 0x00000000ab700000|100%| E|CS|TAMS 0x00000000ab600000| PB 0x00000000ab600000| Complete 
| 695|0x00000000ab700000, 0x00000000ab800000, 0x00000000ab800000|100%| E|CS|TAMS 0x00000000ab700000| PB 0x00000000ab700000| Complete 
| 696|0x00000000ab800000, 0x00000000ab900000, 0x00000000ab900000|100%| E|CS|TAMS 0x00000000ab800000| PB 0x00000000ab800000| Complete 
| 697|0x00000000ab900000, 0x00000000aba00000, 0x00000000aba00000|100%| E|CS|TAMS 0x00000000ab900000| PB 0x00000000ab900000| Complete 
| 698|0x00000000aba00000, 0x00000000abb00000, 0x00000000abb00000|100%| E|CS|TAMS 0x00000000aba00000| PB 0x00000000aba00000| Complete 
| 699|0x00000000abb00000, 0x00000000abc00000, 0x00000000abc00000|100%| E|CS|TAMS 0x00000000abb00000| PB 0x00000000abb00000| Complete 
| 700|0x00000000abc00000, 0x00000000abd00000, 0x00000000abd00000|100%| E|CS|TAMS 0x00000000abc00000| PB 0x00000000abc00000| Complete 
| 701|0x00000000abd00000, 0x00000000abe00000, 0x00000000abe00000|100%| E|CS|TAMS 0x00000000abd00000| PB 0x00000000abd00000| Complete 
| 702|0x00000000abe00000, 0x00000000abf00000, 0x00000000abf00000|100%| E|CS|TAMS 0x00000000abe00000| PB 0x00000000abe00000| Complete 
| 703|0x00000000abf00000, 0x00000000ac000000, 0x00000000ac000000|100%| E|CS|TAMS 0x00000000abf00000| PB 0x00000000abf00000| Complete 
| 704|0x00000000ac000000, 0x00000000ac100000, 0x00000000ac100000|100%| E|CS|TAMS 0x00000000ac000000| PB 0x00000000ac000000| Complete 
| 705|0x00000000ac100000, 0x00000000ac200000, 0x00000000ac200000|100%| E|CS|TAMS 0x00000000ac100000| PB 0x00000000ac100000| Complete 
| 706|0x00000000ac200000, 0x00000000ac300000, 0x00000000ac300000|100%| E|CS|TAMS 0x00000000ac200000| PB 0x00000000ac200000| Complete 
| 707|0x00000000ac300000, 0x00000000ac400000, 0x00000000ac400000|100%| E|CS|TAMS 0x00000000ac300000| PB 0x00000000ac300000| Complete 
| 708|0x00000000ac400000, 0x00000000ac500000, 0x00000000ac500000|100%| E|CS|TAMS 0x00000000ac400000| PB 0x00000000ac400000| Complete 
| 709|0x00000000ac500000, 0x00000000ac600000, 0x00000000ac600000|100%| E|CS|TAMS 0x00000000ac500000| PB 0x00000000ac500000| Complete 
| 710|0x00000000ac600000, 0x00000000ac700000, 0x00000000ac700000|100%| E|CS|TAMS 0x00000000ac600000| PB 0x00000000ac600000| Complete 
| 711|0x00000000ac700000, 0x00000000ac800000, 0x00000000ac800000|100%| E|CS|TAMS 0x00000000ac700000| PB 0x00000000ac700000| Complete 
| 712|0x00000000ac800000, 0x00000000ac900000, 0x00000000ac900000|100%| E|CS|TAMS 0x00000000ac800000| PB 0x00000000ac800000| Complete 
| 713|0x00000000ac900000, 0x00000000aca00000, 0x00000000aca00000|100%| E|CS|TAMS 0x00000000ac900000| PB 0x00000000ac900000| Complete 
| 714|0x00000000aca00000, 0x00000000acb00000, 0x00000000acb00000|100%| E|CS|TAMS 0x00000000aca00000| PB 0x00000000aca00000| Complete 
| 715|0x00000000acb00000, 0x00000000acc00000, 0x00000000acc00000|100%| E|CS|TAMS 0x00000000acb00000| PB 0x00000000acb00000| Complete 
| 716|0x00000000acc00000, 0x00000000acd00000, 0x00000000acd00000|100%| E|CS|TAMS 0x00000000acc00000| PB 0x00000000acc00000| Complete 
| 717|0x00000000acd00000, 0x00000000ace00000, 0x00000000ace00000|100%| E|CS|TAMS 0x00000000acd00000| PB 0x00000000acd00000| Complete 
| 718|0x00000000ace00000, 0x00000000acf00000, 0x00000000acf00000|100%| E|CS|TAMS 0x00000000ace00000| PB 0x00000000ace00000| Complete 
| 719|0x00000000acf00000, 0x00000000ad000000, 0x00000000ad000000|100%| E|CS|TAMS 0x00000000acf00000| PB 0x00000000acf00000| Complete 
| 720|0x00000000ad000000, 0x00000000ad100000, 0x00000000ad100000|100%| E|CS|TAMS 0x00000000ad000000| PB 0x00000000ad000000| Complete 
| 721|0x00000000ad100000, 0x00000000ad200000, 0x00000000ad200000|100%| E|CS|TAMS 0x00000000ad100000| PB 0x00000000ad100000| Complete 
| 722|0x00000000ad200000, 0x00000000ad300000, 0x00000000ad300000|100%| E|CS|TAMS 0x00000000ad200000| PB 0x00000000ad200000| Complete 
| 723|0x00000000ad300000, 0x00000000ad400000, 0x00000000ad400000|100%| E|CS|TAMS 0x00000000ad300000| PB 0x00000000ad300000| Complete 
| 724|0x00000000ad400000, 0x00000000ad500000, 0x00000000ad500000|100%| E|CS|TAMS 0x00000000ad400000| PB 0x00000000ad400000| Complete 
| 725|0x00000000ad500000, 0x00000000ad600000, 0x00000000ad600000|100%| E|CS|TAMS 0x00000000ad500000| PB 0x00000000ad500000| Complete 
| 726|0x00000000ad600000, 0x00000000ad700000, 0x00000000ad700000|100%| E|CS|TAMS 0x00000000ad600000| PB 0x00000000ad600000| Complete 
| 727|0x00000000ad700000, 0x00000000ad800000, 0x00000000ad800000|100%| E|CS|TAMS 0x00000000ad700000| PB 0x00000000ad700000| Complete 
| 728|0x00000000ad800000, 0x00000000ad900000, 0x00000000ad900000|100%| E|CS|TAMS 0x00000000ad800000| PB 0x00000000ad800000| Complete 
| 729|0x00000000ad900000, 0x00000000ada00000, 0x00000000ada00000|100%| E|CS|TAMS 0x00000000ad900000| PB 0x00000000ad900000| Complete 
| 730|0x00000000ada00000, 0x00000000adb00000, 0x00000000adb00000|100%| E|CS|TAMS 0x00000000ada00000| PB 0x00000000ada00000| Complete 
| 731|0x00000000adb00000, 0x00000000adc00000, 0x00000000adc00000|100%| E|CS|TAMS 0x00000000adb00000| PB 0x00000000adb00000| Complete 
| 732|0x00000000adc00000, 0x00000000add00000, 0x00000000add00000|100%| E|CS|TAMS 0x00000000adc00000| PB 0x00000000adc00000| Complete 
| 733|0x00000000add00000, 0x00000000ade00000, 0x00000000ade00000|100%| E|CS|TAMS 0x00000000add00000| PB 0x00000000add00000| Complete 
| 734|0x00000000ade00000, 0x00000000adf00000, 0x00000000adf00000|100%| E|CS|TAMS 0x00000000ade00000| PB 0x00000000ade00000| Complete 
| 735|0x00000000adf00000, 0x00000000ae000000, 0x00000000ae000000|100%| E|CS|TAMS 0x00000000adf00000| PB 0x00000000adf00000| Complete 
| 736|0x00000000ae000000, 0x00000000ae100000, 0x00000000ae100000|100%| E|CS|TAMS 0x00000000ae000000| PB 0x00000000ae000000| Complete 
| 737|0x00000000ae100000, 0x00000000ae200000, 0x00000000ae200000|100%| E|CS|TAMS 0x00000000ae100000| PB 0x00000000ae100000| Complete 
| 738|0x00000000ae200000, 0x00000000ae300000, 0x00000000ae300000|100%| E|CS|TAMS 0x00000000ae200000| PB 0x00000000ae200000| Complete 
| 739|0x00000000ae300000, 0x00000000ae400000, 0x00000000ae400000|100%| E|CS|TAMS 0x00000000ae300000| PB 0x00000000ae300000| Complete 
| 740|0x00000000ae400000, 0x00000000ae500000, 0x00000000ae500000|100%| E|CS|TAMS 0x00000000ae400000| PB 0x00000000ae400000| Complete 
| 741|0x00000000ae500000, 0x00000000ae600000, 0x00000000ae600000|100%| E|CS|TAMS 0x00000000ae500000| PB 0x00000000ae500000| Complete 
| 742|0x00000000ae600000, 0x00000000ae700000, 0x00000000ae700000|100%| E|CS|TAMS 0x00000000ae600000| PB 0x00000000ae600000| Complete 
| 743|0x00000000ae700000, 0x00000000ae800000, 0x00000000ae800000|100%| E|CS|TAMS 0x00000000ae700000| PB 0x00000000ae700000| Complete 
| 744|0x00000000ae800000, 0x00000000ae900000, 0x00000000ae900000|100%| E|CS|TAMS 0x00000000ae800000| PB 0x00000000ae800000| Complete 
| 745|0x00000000ae900000, 0x00000000aea00000, 0x00000000aea00000|100%| E|CS|TAMS 0x00000000ae900000| PB 0x00000000ae900000| Complete 
| 746|0x00000000aea00000, 0x00000000aeb00000, 0x00000000aeb00000|100%| E|CS|TAMS 0x00000000aea00000| PB 0x00000000aea00000| Complete 
| 747|0x00000000aeb00000, 0x00000000aec00000, 0x00000000aec00000|100%| E|CS|TAMS 0x00000000aeb00000| PB 0x00000000aeb00000| Complete 
| 748|0x00000000aec00000, 0x00000000aed00000, 0x00000000aed00000|100%| E|CS|TAMS 0x00000000aec00000| PB 0x00000000aec00000| Complete 
| 749|0x00000000aed00000, 0x00000000aee00000, 0x00000000aee00000|100%| E|CS|TAMS 0x00000000aed00000| PB 0x00000000aed00000| Complete 
| 750|0x00000000aee00000, 0x00000000aef00000, 0x00000000aef00000|100%| E|CS|TAMS 0x00000000aee00000| PB 0x00000000aee00000| Complete 
| 751|0x00000000aef00000, 0x00000000af000000, 0x00000000af000000|100%| E|CS|TAMS 0x00000000aef00000| PB 0x00000000aef00000| Complete 
| 752|0x00000000af000000, 0x00000000af100000, 0x00000000af100000|100%| E|CS|TAMS 0x00000000af000000| PB 0x00000000af000000| Complete 
| 753|0x00000000af100000, 0x00000000af200000, 0x00000000af200000|100%| E|CS|TAMS 0x00000000af100000| PB 0x00000000af100000| Complete 
| 754|0x00000000af200000, 0x00000000af300000, 0x00000000af300000|100%| E|CS|TAMS 0x00000000af200000| PB 0x00000000af200000| Complete 
| 755|0x00000000af300000, 0x00000000af400000, 0x00000000af400000|100%| E|CS|TAMS 0x00000000af300000| PB 0x00000000af300000| Complete 
| 756|0x00000000af400000, 0x00000000af500000, 0x00000000af500000|100%| E|CS|TAMS 0x00000000af400000| PB 0x00000000af400000| Complete 
| 757|0x00000000af500000, 0x00000000af600000, 0x00000000af600000|100%| E|CS|TAMS 0x00000000af500000| PB 0x00000000af500000| Complete 
| 758|0x00000000af600000, 0x00000000af700000, 0x00000000af700000|100%| E|CS|TAMS 0x00000000af600000| PB 0x00000000af600000| Complete 
| 759|0x00000000af700000, 0x00000000af800000, 0x00000000af800000|100%| E|CS|TAMS 0x00000000af700000| PB 0x00000000af700000| Complete 
| 760|0x00000000af800000, 0x00000000af900000, 0x00000000af900000|100%| E|CS|TAMS 0x00000000af800000| PB 0x00000000af800000| Complete 
| 761|0x00000000af900000, 0x00000000afa00000, 0x00000000afa00000|100%| E|CS|TAMS 0x00000000af900000| PB 0x00000000af900000| Complete 
| 762|0x00000000afa00000, 0x00000000afb00000, 0x00000000afb00000|100%| E|CS|TAMS 0x00000000afa00000| PB 0x00000000afa00000| Complete 
| 763|0x00000000afb00000, 0x00000000afc00000, 0x00000000afc00000|100%| E|CS|TAMS 0x00000000afb00000| PB 0x00000000afb00000| Complete 
| 764|0x00000000afc00000, 0x00000000afd00000, 0x00000000afd00000|100%| E|CS|TAMS 0x00000000afc00000| PB 0x00000000afc00000| Complete 
| 765|0x00000000afd00000, 0x00000000afe00000, 0x00000000afe00000|100%| E|CS|TAMS 0x00000000afd00000| PB 0x00000000afd00000| Complete 
| 766|0x00000000afe00000, 0x00000000aff00000, 0x00000000aff00000|100%| E|CS|TAMS 0x00000000afe00000| PB 0x00000000afe00000| Complete 
| 767|0x00000000aff00000, 0x00000000b0000000, 0x00000000b0000000|100%| E|CS|TAMS 0x00000000aff00000| PB 0x00000000aff00000| Complete 
| 768|0x00000000b0000000, 0x00000000b0100000, 0x00000000b0100000|100%| E|CS|TAMS 0x00000000b0000000| PB 0x00000000b0000000| Complete 
| 769|0x00000000b0100000, 0x00000000b0200000, 0x00000000b0200000|100%| E|CS|TAMS 0x00000000b0100000| PB 0x00000000b0100000| Complete 
| 770|0x00000000b0200000, 0x00000000b0300000, 0x00000000b0300000|100%| E|CS|TAMS 0x00000000b0200000| PB 0x00000000b0200000| Complete 
| 771|0x00000000b0300000, 0x00000000b0400000, 0x00000000b0400000|100%| E|CS|TAMS 0x00000000b0300000| PB 0x00000000b0300000| Complete 
| 772|0x00000000b0400000, 0x00000000b0500000, 0x00000000b0500000|100%| E|CS|TAMS 0x00000000b0400000| PB 0x00000000b0400000| Complete 
| 773|0x00000000b0500000, 0x00000000b0600000, 0x00000000b0600000|100%| E|CS|TAMS 0x00000000b0500000| PB 0x00000000b0500000| Complete 
| 774|0x00000000b0600000, 0x00000000b0700000, 0x00000000b0700000|100%| E|CS|TAMS 0x00000000b0600000| PB 0x00000000b0600000| Complete 
| 775|0x00000000b0700000, 0x00000000b0800000, 0x00000000b0800000|100%| E|CS|TAMS 0x00000000b0700000| PB 0x00000000b0700000| Complete 
| 776|0x00000000b0800000, 0x00000000b0900000, 0x00000000b0900000|100%| E|CS|TAMS 0x00000000b0800000| PB 0x00000000b0800000| Complete 
| 777|0x00000000b0900000, 0x00000000b0a00000, 0x00000000b0a00000|100%| E|CS|TAMS 0x00000000b0900000| PB 0x00000000b0900000| Complete 
| 778|0x00000000b0a00000, 0x00000000b0b00000, 0x00000000b0b00000|100%| E|CS|TAMS 0x00000000b0a00000| PB 0x00000000b0a00000| Complete 
| 779|0x00000000b0b00000, 0x00000000b0c00000, 0x00000000b0c00000|100%| E|CS|TAMS 0x00000000b0b00000| PB 0x00000000b0b00000| Complete 
| 780|0x00000000b0c00000, 0x00000000b0d00000, 0x00000000b0d00000|100%| E|CS|TAMS 0x00000000b0c00000| PB 0x00000000b0c00000| Complete 
| 781|0x00000000b0d00000, 0x00000000b0e00000, 0x00000000b0e00000|100%| E|CS|TAMS 0x00000000b0d00000| PB 0x00000000b0d00000| Complete 
| 782|0x00000000b0e00000, 0x00000000b0f00000, 0x00000000b0f00000|100%| E|CS|TAMS 0x00000000b0e00000| PB 0x00000000b0e00000| Complete 
| 783|0x00000000b0f00000, 0x00000000b1000000, 0x00000000b1000000|100%| E|CS|TAMS 0x00000000b0f00000| PB 0x00000000b0f00000| Complete 
| 784|0x00000000b1000000, 0x00000000b1100000, 0x00000000b1100000|100%| E|CS|TAMS 0x00000000b1000000| PB 0x00000000b1000000| Complete 
| 785|0x00000000b1100000, 0x00000000b1200000, 0x00000000b1200000|100%| E|CS|TAMS 0x00000000b1100000| PB 0x00000000b1100000| Complete 
| 786|0x00000000b1200000, 0x00000000b1300000, 0x00000000b1300000|100%| E|CS|TAMS 0x00000000b1200000| PB 0x00000000b1200000| Complete 
| 787|0x00000000b1300000, 0x00000000b1400000, 0x00000000b1400000|100%| E|CS|TAMS 0x00000000b1300000| PB 0x00000000b1300000| Complete 
| 788|0x00000000b1400000, 0x00000000b1500000, 0x00000000b1500000|100%| E|CS|TAMS 0x00000000b1400000| PB 0x00000000b1400000| Complete 
| 789|0x00000000b1500000, 0x00000000b1600000, 0x00000000b1600000|100%| E|CS|TAMS 0x00000000b1500000| PB 0x00000000b1500000| Complete 
| 790|0x00000000b1600000, 0x00000000b1700000, 0x00000000b1700000|100%| E|CS|TAMS 0x00000000b1600000| PB 0x00000000b1600000| Complete 
| 791|0x00000000b1700000, 0x00000000b1800000, 0x00000000b1800000|100%| E|CS|TAMS 0x00000000b1700000| PB 0x00000000b1700000| Complete 
| 792|0x00000000b1800000, 0x00000000b1900000, 0x00000000b1900000|100%| E|CS|TAMS 0x00000000b1800000| PB 0x00000000b1800000| Complete 
| 793|0x00000000b1900000, 0x00000000b1a00000, 0x00000000b1a00000|100%| E|CS|TAMS 0x00000000b1900000| PB 0x00000000b1900000| Complete 
| 794|0x00000000b1a00000, 0x00000000b1b00000, 0x00000000b1b00000|100%| E|CS|TAMS 0x00000000b1a00000| PB 0x00000000b1a00000| Complete 
| 795|0x00000000b1b00000, 0x00000000b1c00000, 0x00000000b1c00000|100%| E|CS|TAMS 0x00000000b1b00000| PB 0x00000000b1b00000| Complete 
| 796|0x00000000b1c00000, 0x00000000b1d00000, 0x00000000b1d00000|100%| E|CS|TAMS 0x00000000b1c00000| PB 0x00000000b1c00000| Complete 
| 797|0x00000000b1d00000, 0x00000000b1e00000, 0x00000000b1e00000|100%| E|CS|TAMS 0x00000000b1d00000| PB 0x00000000b1d00000| Complete 
| 798|0x00000000b1e00000, 0x00000000b1f00000, 0x00000000b1f00000|100%| E|CS|TAMS 0x00000000b1e00000| PB 0x00000000b1e00000| Complete 
| 799|0x00000000b1f00000, 0x00000000b2000000, 0x00000000b2000000|100%| E|CS|TAMS 0x00000000b1f00000| PB 0x00000000b1f00000| Complete 
| 800|0x00000000b2000000, 0x00000000b2100000, 0x00000000b2100000|100%| E|CS|TAMS 0x00000000b2000000| PB 0x00000000b2000000| Complete 
| 801|0x00000000b2100000, 0x00000000b2200000, 0x00000000b2200000|100%| E|CS|TAMS 0x00000000b2100000| PB 0x00000000b2100000| Complete 
| 802|0x00000000b2200000, 0x00000000b2300000, 0x00000000b2300000|100%| E|CS|TAMS 0x00000000b2200000| PB 0x00000000b2200000| Complete 
| 803|0x00000000b2300000, 0x00000000b2400000, 0x00000000b2400000|100%| E|CS|TAMS 0x00000000b2300000| PB 0x00000000b2300000| Complete 
| 804|0x00000000b2400000, 0x00000000b2500000, 0x00000000b2500000|100%| E|CS|TAMS 0x00000000b2400000| PB 0x00000000b2400000| Complete 
| 805|0x00000000b2500000, 0x00000000b2600000, 0x00000000b2600000|100%| E|CS|TAMS 0x00000000b2500000| PB 0x00000000b2500000| Complete 
| 806|0x00000000b2600000, 0x00000000b2700000, 0x00000000b2700000|100%| E|CS|TAMS 0x00000000b2600000| PB 0x00000000b2600000| Complete 
| 807|0x00000000b2700000, 0x00000000b2800000, 0x00000000b2800000|100%| E|CS|TAMS 0x00000000b2700000| PB 0x00000000b2700000| Complete 
| 808|0x00000000b2800000, 0x00000000b2900000, 0x00000000b2900000|100%| E|CS|TAMS 0x00000000b2800000| PB 0x00000000b2800000| Complete 
| 809|0x00000000b2900000, 0x00000000b2a00000, 0x00000000b2a00000|100%| E|CS|TAMS 0x00000000b2900000| PB 0x00000000b2900000| Complete 
| 810|0x00000000b2a00000, 0x00000000b2b00000, 0x00000000b2b00000|100%| E|CS|TAMS 0x00000000b2a00000| PB 0x00000000b2a00000| Complete 
| 811|0x00000000b2b00000, 0x00000000b2c00000, 0x00000000b2c00000|100%| E|CS|TAMS 0x00000000b2b00000| PB 0x00000000b2b00000| Complete 
| 812|0x00000000b2c00000, 0x00000000b2d00000, 0x00000000b2d00000|100%| E|CS|TAMS 0x00000000b2c00000| PB 0x00000000b2c00000| Complete 
| 813|0x00000000b2d00000, 0x00000000b2e00000, 0x00000000b2e00000|100%| E|CS|TAMS 0x00000000b2d00000| PB 0x00000000b2d00000| Complete 
| 814|0x00000000b2e00000, 0x00000000b2f00000, 0x00000000b2f00000|100%| E|CS|TAMS 0x00000000b2e00000| PB 0x00000000b2e00000| Complete 
| 815|0x00000000b2f00000, 0x00000000b3000000, 0x00000000b3000000|100%| E|CS|TAMS 0x00000000b2f00000| PB 0x00000000b2f00000| Complete 
| 816|0x00000000b3000000, 0x00000000b3100000, 0x00000000b3100000|100%| E|CS|TAMS 0x00000000b3000000| PB 0x00000000b3000000| Complete 
| 817|0x00000000b3100000, 0x00000000b3200000, 0x00000000b3200000|100%| E|CS|TAMS 0x00000000b3100000| PB 0x00000000b3100000| Complete 
| 818|0x00000000b3200000, 0x00000000b3300000, 0x00000000b3300000|100%| E|CS|TAMS 0x00000000b3200000| PB 0x00000000b3200000| Complete 
| 819|0x00000000b3300000, 0x00000000b3400000, 0x00000000b3400000|100%| E|CS|TAMS 0x00000000b3300000| PB 0x00000000b3300000| Complete 
| 820|0x00000000b3400000, 0x00000000b3500000, 0x00000000b3500000|100%| E|CS|TAMS 0x00000000b3400000| PB 0x00000000b3400000| Complete 
| 821|0x00000000b3500000, 0x00000000b3600000, 0x00000000b3600000|100%| E|CS|TAMS 0x00000000b3500000| PB 0x00000000b3500000| Complete 
| 822|0x00000000b3600000, 0x00000000b3700000, 0x00000000b3700000|100%| E|CS|TAMS 0x00000000b3600000| PB 0x00000000b3600000| Complete 
| 823|0x00000000b3700000, 0x00000000b3800000, 0x00000000b3800000|100%| E|CS|TAMS 0x00000000b3700000| PB 0x00000000b3700000| Complete 
| 824|0x00000000b3800000, 0x00000000b3900000, 0x00000000b3900000|100%| E|CS|TAMS 0x00000000b3800000| PB 0x00000000b3800000| Complete 
| 825|0x00000000b3900000, 0x00000000b3a00000, 0x00000000b3a00000|100%| E|CS|TAMS 0x00000000b3900000| PB 0x00000000b3900000| Complete 
| 826|0x00000000b3a00000, 0x00000000b3b00000, 0x00000000b3b00000|100%| E|CS|TAMS 0x00000000b3a00000| PB 0x00000000b3a00000| Complete 
| 827|0x00000000b3b00000, 0x00000000b3c00000, 0x00000000b3c00000|100%| E|CS|TAMS 0x00000000b3b00000| PB 0x00000000b3b00000| Complete 
| 828|0x00000000b3c00000, 0x00000000b3d00000, 0x00000000b3d00000|100%| E|CS|TAMS 0x00000000b3c00000| PB 0x00000000b3c00000| Complete 
| 829|0x00000000b3d00000, 0x00000000b3e00000, 0x00000000b3e00000|100%| E|CS|TAMS 0x00000000b3d00000| PB 0x00000000b3d00000| Complete 
| 830|0x00000000b3e00000, 0x00000000b3f00000, 0x00000000b3f00000|100%| E|CS|TAMS 0x00000000b3e00000| PB 0x00000000b3e00000| Complete 
| 831|0x00000000b3f00000, 0x00000000b4000000, 0x00000000b4000000|100%| E|CS|TAMS 0x00000000b3f00000| PB 0x00000000b3f00000| Complete 
| 832|0x00000000b4000000, 0x00000000b4100000, 0x00000000b4100000|100%| E|CS|TAMS 0x00000000b4000000| PB 0x00000000b4000000| Complete 
| 833|0x00000000b4100000, 0x00000000b4200000, 0x00000000b4200000|100%| E|CS|TAMS 0x00000000b4100000| PB 0x00000000b4100000| Complete 
| 834|0x00000000b4200000, 0x00000000b4300000, 0x00000000b4300000|100%| E|CS|TAMS 0x00000000b4200000| PB 0x00000000b4200000| Complete 
| 835|0x00000000b4300000, 0x00000000b4400000, 0x00000000b4400000|100%| E|CS|TAMS 0x00000000b4300000| PB 0x00000000b4300000| Complete 
| 836|0x00000000b4400000, 0x00000000b4500000, 0x00000000b4500000|100%| E|CS|TAMS 0x00000000b4400000| PB 0x00000000b4400000| Complete 
| 837|0x00000000b4500000, 0x00000000b4600000, 0x00000000b4600000|100%| E|CS|TAMS 0x00000000b4500000| PB 0x00000000b4500000| Complete 
| 838|0x00000000b4600000, 0x00000000b4700000, 0x00000000b4700000|100%| E|CS|TAMS 0x00000000b4600000| PB 0x00000000b4600000| Complete 
| 839|0x00000000b4700000, 0x00000000b4800000, 0x00000000b4800000|100%| E|CS|TAMS 0x00000000b4700000| PB 0x00000000b4700000| Complete 
| 840|0x00000000b4800000, 0x00000000b4900000, 0x00000000b4900000|100%| E|CS|TAMS 0x00000000b4800000| PB 0x00000000b4800000| Complete 
| 841|0x00000000b4900000, 0x00000000b4a00000, 0x00000000b4a00000|100%| E|CS|TAMS 0x00000000b4900000| PB 0x00000000b4900000| Complete 
| 842|0x00000000b4a00000, 0x00000000b4b00000, 0x00000000b4b00000|100%| E|CS|TAMS 0x00000000b4a00000| PB 0x00000000b4a00000| Complete 
| 843|0x00000000b4b00000, 0x00000000b4c00000, 0x00000000b4c00000|100%| E|CS|TAMS 0x00000000b4b00000| PB 0x00000000b4b00000| Complete 
| 844|0x00000000b4c00000, 0x00000000b4d00000, 0x00000000b4d00000|100%| E|CS|TAMS 0x00000000b4c00000| PB 0x00000000b4c00000| Complete 
| 845|0x00000000b4d00000, 0x00000000b4e00000, 0x00000000b4e00000|100%| E|CS|TAMS 0x00000000b4d00000| PB 0x00000000b4d00000| Complete 
| 846|0x00000000b4e00000, 0x00000000b4f00000, 0x00000000b4f00000|100%| E|CS|TAMS 0x00000000b4e00000| PB 0x00000000b4e00000| Complete 
| 847|0x00000000b4f00000, 0x00000000b5000000, 0x00000000b5000000|100%| E|CS|TAMS 0x00000000b4f00000| PB 0x00000000b4f00000| Complete 
| 848|0x00000000b5000000, 0x00000000b5100000, 0x00000000b5100000|100%| E|CS|TAMS 0x00000000b5000000| PB 0x00000000b5000000| Complete 
| 849|0x00000000b5100000, 0x00000000b5200000, 0x00000000b5200000|100%| E|CS|TAMS 0x00000000b5100000| PB 0x00000000b5100000| Complete 
| 850|0x00000000b5200000, 0x00000000b5300000, 0x00000000b5300000|100%| E|CS|TAMS 0x00000000b5200000| PB 0x00000000b5200000| Complete 
| 851|0x00000000b5300000, 0x00000000b5400000, 0x00000000b5400000|100%| E|CS|TAMS 0x00000000b5300000| PB 0x00000000b5300000| Complete 
| 852|0x00000000b5400000, 0x00000000b5500000, 0x00000000b5500000|100%| E|CS|TAMS 0x00000000b5400000| PB 0x00000000b5400000| Complete 
| 853|0x00000000b5500000, 0x00000000b5600000, 0x00000000b5600000|100%| E|CS|TAMS 0x00000000b5500000| PB 0x00000000b5500000| Complete 
| 854|0x00000000b5600000, 0x00000000b5700000, 0x00000000b5700000|100%| E|CS|TAMS 0x00000000b5600000| PB 0x00000000b5600000| Complete 
| 855|0x00000000b5700000, 0x00000000b5800000, 0x00000000b5800000|100%| E|CS|TAMS 0x00000000b5700000| PB 0x00000000b5700000| Complete 
| 856|0x00000000b5800000, 0x00000000b5900000, 0x00000000b5900000|100%| E|CS|TAMS 0x00000000b5800000| PB 0x00000000b5800000| Complete 
| 857|0x00000000b5900000, 0x00000000b5a00000, 0x00000000b5a00000|100%| E|CS|TAMS 0x00000000b5900000| PB 0x00000000b5900000| Complete 
| 858|0x00000000b5a00000, 0x00000000b5b00000, 0x00000000b5b00000|100%| E|CS|TAMS 0x00000000b5a00000| PB 0x00000000b5a00000| Complete 
| 859|0x00000000b5b00000, 0x00000000b5c00000, 0x00000000b5c00000|100%| S|  |TAMS 0x00000000b5b00000| PB 0x00000000b5b00000| Complete 
| 860|0x00000000b5c00000, 0x00000000b5d00000, 0x00000000b5d00000|100%| S|  |TAMS 0x00000000b5c00000| PB 0x00000000b5c00000| Complete 
| 861|0x00000000b5d00000, 0x00000000b5e00000, 0x00000000b5e00000|100%| S|  |TAMS 0x00000000b5d00000| PB 0x00000000b5d00000| Complete 
| 862|0x00000000b5e00000, 0x00000000b5f00000, 0x00000000b5f00000|100%| S|  |TAMS 0x00000000b5e00000| PB 0x00000000b5e00000| Complete 
| 863|0x00000000b5f00000, 0x00000000b6000000, 0x00000000b6000000|100%| S|  |TAMS 0x00000000b5f00000| PB 0x00000000b5f00000| Complete 
| 864|0x00000000b6000000, 0x00000000b6100000, 0x00000000b6100000|100%| S|  |TAMS 0x00000000b6000000| PB 0x00000000b6000000| Complete 
| 865|0x00000000b6100000, 0x00000000b6200000, 0x00000000b6200000|100%| S|  |TAMS 0x00000000b6100000| PB 0x00000000b6100000| Complete 
| 866|0x00000000b6200000, 0x00000000b6280000, 0x00000000b6300000| 50%| S|  |TAMS 0x00000000b6200000| PB 0x00000000b6200000| Complete 
| 875|0x00000000b6b00000, 0x00000000b6c00000, 0x00000000b6c00000|100%| E|CS|TAMS 0x00000000b6b00000| PB 0x00000000b6b00000| Complete 
|1994|0x00000000fca00000, 0x00000000fcb00000, 0x00000000fcb00000|100%| O|  |TAMS 0x00000000fca00000| PB 0x00000000fca00000| Untracked 
|1995|0x00000000fcb00000, 0x00000000fcc00000, 0x00000000fcc00000|100%| O|  |TAMS 0x00000000fcb00000| PB 0x00000000fcb00000| Untracked 
|1996|0x00000000fcc00000, 0x00000000fcd00000, 0x00000000fcd00000|100%| O|  |TAMS 0x00000000fcc00000| PB 0x00000000fcc00000| Untracked 
|1997|0x00000000fcd00000, 0x00000000fce00000, 0x00000000fce00000|100%| O|  |TAMS 0x00000000fcd00000| PB 0x00000000fcd00000| Untracked 
|1998|0x00000000fce00000, 0x00000000fcf00000, 0x00000000fcf00000|100%| O|  |TAMS 0x00000000fce00000| PB 0x00000000fce00000| Untracked 
|1999|0x00000000fcf00000, 0x00000000fd000000, 0x00000000fd000000|100%| O|  |TAMS 0x00000000fcf00000| PB 0x00000000fcf00000| Untracked 
|2000|0x00000000fd000000, 0x00000000fd100000, 0x00000000fd100000|100%| O|  |TAMS 0x00000000fd000000| PB 0x00000000fd000000| Untracked 
|2001|0x00000000fd100000, 0x00000000fd200000, 0x00000000fd200000|100%| O|  |TAMS 0x00000000fd100000| PB 0x00000000fd100000| Untracked 
|2002|0x00000000fd200000, 0x00000000fd300000, 0x00000000fd300000|100%| O|  |TAMS 0x00000000fd200000| PB 0x00000000fd200000| Untracked 
|2003|0x00000000fd300000, 0x00000000fd400000, 0x00000000fd400000|100%| O|  |TAMS 0x00000000fd300000| PB 0x00000000fd300000| Untracked 
|2004|0x00000000fd400000, 0x00000000fd500000, 0x00000000fd500000|100%| O|  |TAMS 0x00000000fd400000| PB 0x00000000fd400000| Untracked 
|2005|0x00000000fd500000, 0x00000000fd600000, 0x00000000fd600000|100%| O|  |TAMS 0x00000000fd500000| PB 0x00000000fd500000| Untracked 
|2006|0x00000000fd600000, 0x00000000fd700000, 0x00000000fd700000|100%| O|  |TAMS 0x00000000fd600000| PB 0x00000000fd600000| Untracked 
|2007|0x00000000fd700000, 0x00000000fd800000, 0x00000000fd800000|100%| O|  |TAMS 0x00000000fd700000| PB 0x00000000fd700000| Untracked 
|2008|0x00000000fd800000, 0x00000000fd900000, 0x00000000fd900000|100%| O|  |TAMS 0x00000000fd800000| PB 0x00000000fd800000| Untracked 
|2009|0x00000000fd900000, 0x00000000fda00000, 0x00000000fda00000|100%| O|CS|TAMS 0x00000000fd900000| PB 0x00000000fd900000| Complete 
|2010|0x00000000fda00000, 0x00000000fdb00000, 0x00000000fdb00000|100%| O|CS|TAMS 0x00000000fda00000| PB 0x00000000fda00000| Complete 
|2011|0x00000000fdb00000, 0x00000000fdc00000, 0x00000000fdc00000|100%| O|CS|TAMS 0x00000000fdb00000| PB 0x00000000fdb00000| Complete 
|2012|0x00000000fdc00000, 0x00000000fdd00000, 0x00000000fdd00000|100%| O|  |TAMS 0x00000000fdc00000| PB 0x00000000fdc00000| Untracked 
|2013|0x00000000fdd00000, 0x00000000fde00000, 0x00000000fde00000|100%| O|  |TAMS 0x00000000fdd00000| PB 0x00000000fdd00000| Untracked 
|2014|0x00000000fde00000, 0x00000000fdf00000, 0x00000000fdf00000|100%| O|  |TAMS 0x00000000fde00000| PB 0x00000000fde00000| Untracked 
|2015|0x00000000fdf00000, 0x00000000fe000000, 0x00000000fe000000|100%| E|CS|TAMS 0x00000000fdf00000| PB 0x00000000fdf00000| Complete 
|2016|0x00000000fe000000, 0x00000000fe100000, 0x00000000fe100000|100%| E|CS|TAMS 0x00000000fe000000| PB 0x00000000fe000000| Complete 
|2017|0x00000000fe100000, 0x00000000fe200000, 0x00000000fe200000|100%| E|CS|TAMS 0x00000000fe100000| PB 0x00000000fe100000| Complete 
|2018|0x00000000fe200000, 0x00000000fe300000, 0x00000000fe300000|100%| E|CS|TAMS 0x00000000fe200000| PB 0x00000000fe200000| Complete 
|2019|0x00000000fe300000, 0x00000000fe400000, 0x00000000fe400000|100%| O|  |TAMS 0x00000000fe300000| PB 0x00000000fe300000| Untracked 
|2020|0x00000000fe400000, 0x00000000fe500000, 0x00000000fe500000|100%| E|CS|TAMS 0x00000000fe400000| PB 0x00000000fe400000| Complete 
|2021|0x00000000fe500000, 0x00000000fe600000, 0x00000000fe600000|100%| O|  |TAMS 0x00000000fe500000| PB 0x00000000fe500000| Untracked 
|2022|0x00000000fe600000, 0x00000000fe700000, 0x00000000fe700000|100%| O|  |TAMS 0x00000000fe600000| PB 0x00000000fe600000| Untracked 
|2023|0x00000000fe700000, 0x00000000fe800000, 0x00000000fe800000|100%| E|CS|TAMS 0x00000000fe700000| PB 0x00000000fe700000| Complete 
|2024|0x00000000fe800000, 0x00000000fe900000, 0x00000000fe900000|100%| E|CS|TAMS 0x00000000fe800000| PB 0x00000000fe800000| Complete 
|2025|0x00000000fe900000, 0x00000000fea00000, 0x00000000fea00000|100%| E|CS|TAMS 0x00000000fe900000| PB 0x00000000fe900000| Complete 
|2026|0x00000000fea00000, 0x00000000feb00000, 0x00000000feb00000|100%| E|CS|TAMS 0x00000000fea00000| PB 0x00000000fea00000| Complete 
|2027|0x00000000feb00000, 0x00000000fec00000, 0x00000000fec00000|100%| E|CS|TAMS 0x00000000feb00000| PB 0x00000000feb00000| Complete 
|2028|0x00000000fec00000, 0x00000000fed00000, 0x00000000fed00000|100%| E|CS|TAMS 0x00000000fec00000| PB 0x00000000fec00000| Complete 
|2029|0x00000000fed00000, 0x00000000fee00000, 0x00000000fee00000|100%| E|CS|TAMS 0x00000000fed00000| PB 0x00000000fed00000| Complete 
|2030|0x00000000fee00000, 0x00000000fef00000, 0x00000000fef00000|100%| E|CS|TAMS 0x00000000fee00000| PB 0x00000000fee00000| Complete 
|2031|0x00000000fef00000, 0x00000000ff000000, 0x00000000ff000000|100%| E|CS|TAMS 0x00000000fef00000| PB 0x00000000fef00000| Complete 
|2032|0x00000000ff000000, 0x00000000ff100000, 0x00000000ff100000|100%| E|CS|TAMS 0x00000000ff000000| PB 0x00000000ff000000| Complete 
|2033|0x00000000ff100000, 0x00000000ff200000, 0x00000000ff200000|100%| O|  |TAMS 0x00000000ff100000| PB 0x00000000ff100000| Untracked 
|2034|0x00000000ff200000, 0x00000000ff300000, 0x00000000ff300000|100%| E|CS|TAMS 0x00000000ff200000| PB 0x00000000ff200000| Complete 
|2035|0x00000000ff300000, 0x00000000ff400000, 0x00000000ff400000|100%| E|CS|TAMS 0x00000000ff300000| PB 0x00000000ff300000| Complete 
|2036|0x00000000ff400000, 0x00000000ff500000, 0x00000000ff500000|100%| E|CS|TAMS 0x00000000ff400000| PB 0x00000000ff400000| Complete 
|2037|0x00000000ff500000, 0x00000000ff600000, 0x00000000ff600000|100%| E|CS|TAMS 0x00000000ff500000| PB 0x00000000ff500000| Complete 
|2038|0x00000000ff600000, 0x00000000ff700000, 0x00000000ff700000|100%| E|CS|TAMS 0x00000000ff600000| PB 0x00000000ff600000| Complete 
|2039|0x00000000ff700000, 0x00000000ff800000, 0x00000000ff800000|100%| E|CS|TAMS 0x00000000ff700000| PB 0x00000000ff700000| Complete 
|2040|0x00000000ff800000, 0x00000000ff900000, 0x00000000ff900000|100%| E|CS|TAMS 0x00000000ff800000| PB 0x00000000ff800000| Complete 
|2041|0x00000000ff900000, 0x00000000ffa00000, 0x00000000ffa00000|100%| E|CS|TAMS 0x00000000ff900000| PB 0x00000000ff900000| Complete 
|2042|0x00000000ffa00000, 0x00000000ffb00000, 0x00000000ffb00000|100%| E|CS|TAMS 0x00000000ffa00000| PB 0x00000000ffa00000| Complete 
|2043|0x00000000ffb00000, 0x00000000ffc00000, 0x00000000ffc00000|100%| E|CS|TAMS 0x00000000ffb00000| PB 0x00000000ffb00000| Complete 
|2044|0x00000000ffc00000, 0x00000000ffd00000, 0x00000000ffd00000|100%| E|CS|TAMS 0x00000000ffc00000| PB 0x00000000ffc00000| Complete 
|2045|0x00000000ffd00000, 0x00000000ffe00000, 0x00000000ffe00000|100%| E|CS|TAMS 0x00000000ffd00000| PB 0x00000000ffd00000| Complete 
|2046|0x00000000ffe00000, 0x00000000fff00000, 0x00000000fff00000|100%| O|  |TAMS 0x00000000ffe00000| PB 0x00000000ffe00000| Untracked 
|2047|0x00000000fff00000, 0x0000000100000000, 0x0000000100000000|100%| E|CS|TAMS 0x00000000fff00000| PB 0x00000000fff00000| Complete 

Card table byte_map: [0x000070013da00000,0x000070013de00000] _byte_map_base: 0x000070013d600000

Marking Bits: (CMBitMap*) 0x000070013808a770
 Bits: [0x000070011e800000, 0x0000700120800000)

Polling page: 0x0000700140d5c000

Metaspace:

Usage:
  Non-class:    350.11 MB used.
      Class:     49.74 MB used.
       Both:    399.85 MB used.

Virtual space:
  Non-class space:      384.00 MB reserved,     351.31 MB ( 91%) committed,  6 nodes.
      Class space:        1.00 GB reserved,      50.88 MB (  5%) committed,  1 nodes.
             Both:        1.38 GB reserved,     402.19 MB ( 29%) committed. 

Chunk freelists:
   Non-Class:  15.89 MB
       Class:  13.15 MB
        Both:  29.04 MB

MaxMetaspaceSize: unlimited
CompressedClassSpaceSize: 1.00 GB
Initial GC threshold: 21.00 MB
Current GC threshold: 606.88 MB
CDS: on
 - commit_granule_bytes: 65536.
 - commit_granule_words: 8192.
 - virtual_space_node_default_size: 8388608.
 - enlarge_chunks_in_place: 1.
 - use_allocation_guard: 0.


Internal statistics:

num_allocs_failed_limit: 12.
num_arena_births: 7412.
num_arena_deaths: 3742.
num_vsnodes_births: 7.
num_vsnodes_deaths: 0.
num_space_committed: 6504.
num_space_uncommitted: 65.
num_chunks_returned_to_freelist: 4843.
num_chunks_taken_from_freelist: 25261.
num_chunk_merges: 1750.
num_chunk_splits: 17368.
num_chunks_enlarged: 13025.
num_inconsistent_stats: 0.

CodeHeap 'non-profiled nmethods': size=119168Kb used=26900Kb max_used=26900Kb free=92267Kb
 bounds [0x00007001283a0000, 0x0000700129df0000, 0x000070012f800000]
CodeHeap 'profiled nmethods': size=119164Kb used=63493Kb max_used=63493Kb free=55670Kb
 bounds [0x0000700120800000, 0x0000700124610000, 0x0000700127c5f000]
CodeHeap 'non-nmethods': size=7428Kb used=4543Kb max_used=4604Kb free=2884Kb
 bounds [0x0000700127c5f000, 0x00007001280ef000, 0x00007001283a0000]
CodeCache: size=245760Kb, used=94936Kb, max_used=94997Kb, free=150821Kb
 total_blobs=28606, nmethods=27184, adapters=1320, full_count=0
Compilation: enabled, stopped_count=0, restarted_count=0

Compilation events (20 events):
Event: 2380.031 Thread 0x00006ffe74229580 nmethod 66103 0x00007001245fa810 code [0x00007001245fa9e0, 0x00007001245fabf8]
Event: 2380.031 Thread 0x00006ffe74229580 66105       3       com.intellij.util.lang.UrlClassLoader::isPackageDefined (14 bytes)
Event: 2380.031 Thread 0x00006ffe74229580 nmethod 66105 0x00007001245fad10 code [0x00007001245faec0, 0x00007001245fb0c8]
Event: 2380.031 Thread 0x00006fffb40ee110 nmethod 66094 0x0000700129de3310 code [0x0000700129de34a0, 0x0000700129de37e8]
Event: 2380.031 Thread 0x00006fffb4137c10 nmethod 66095 0x00007001245fb190 code [0x00007001245fb4a0, 0x00007001245fc308]
Event: 2380.031 Thread 0x00006fff8400c980 nmethod 66104 0x00007001245fc910 code [0x00007001245fcb60, 0x00007001245fd3b0]
Event: 2380.031 Thread 0x000070013842ba50 nmethod 66101 0x00007001245fd690 code [0x00007001245fd920, 0x00007001245fe480]
Event: 2380.032 Thread 0x00006fffb40ee110 66106       4       org.objectweb.asm.Type::getClassName (182 bytes)
Event: 2380.044 Thread 0x00006fffb40ee110 nmethod 66106 0x0000700129de3910 code [0x0000700129de3b20, 0x0000700129de4828]
Event: 2380.056 Thread 0x00006fffb4137c10 66107       3       com.intellij.util.lang.ClasspathCache$LoaderDataBuilder$1::test (22 bytes)
Event: 2380.056 Thread 0x00006fffb4137c10 nmethod 66107 0x00007001245fea10 code [0x00007001245feba0, 0x00007001245fed40]
Event: 2380.057 Thread 0x00006fffb40ee110 66108       4       java.lang.ClassLoader::getClassLoadingLock (35 bytes)
Event: 2380.057 Thread 0x000070013842ba50 66109       3       com.intellij.util.lang.StrippedLongToObjectMap::apply (107 bytes)
Event: 2380.057 Thread 0x000070013842ba50 nmethod 66109 0x00007001245fee10 code [0x00007001245ff000, 0x00007001245ff4b8]
Event: 2380.058 Thread 0x00006ffe74229580 66110   !   3       sun.invoke.util.ValueConversions::boxExact (107 bytes)
Event: 2380.058 Thread 0x00006fffb40ee110 nmethod 66108 0x0000700129de4e10 code [0x0000700129de4fa0, 0x0000700129de50e8]
Event: 2380.058 Thread 0x00006fffb40ee110 66111       4       org.objectweb.asm.Type::getDescriptor (73 bytes)
Event: 2380.058 Thread 0x00006ffe74229580 nmethod 66110 0x00007001245ff710 code [0x00007001245ffa40, 0x0000700124600b90]
Event: 2380.061 Thread 0x00006fffb4137c10 66112  s    3       java.util.Hashtable::isEmpty (13 bytes)
Event: 2380.061 Thread 0x00006fffb4137c10 nmethod 66112 0x0000700124601290 code [0x0000700124601420, 0x0000700124601638]

GC Heap History (20 events):
Event: 544.359 GC heap after
{Heap after GC invocations=80 (full 0):
 garbage-first heap   total 911360K, used 285440K [0x0000000080000000, 0x0000000100000000)
  region size 1024K, 14 young (14336K), 14 survivors (14336K)
 Metaspace       used 352508K, committed 358720K, reserved 1376256K
  class space    used 44702K, committed 46784K, reserved 1048576K
}
Event: 559.440 GC heap before
{Heap before GC invocations=80 (full 0):
 garbage-first heap   total 911360K, used 816896K [0x0000000080000000, 0x0000000100000000)
  region size 1024K, 534 young (546816K), 14 survivors (14336K)
 Metaspace       used 360221K, committed 363264K, reserved 1376256K
  class space    used 45654K, committed 47168K, reserved 1048576K
}
Event: 559.448 GC heap after
{Heap after GC invocations=81 (full 0):
 garbage-first heap   total 911360K, used 270683K [0x0000000080000000, 0x0000000100000000)
  region size 1024K, 18 young (18432K), 18 survivors (18432K)
 Metaspace       used 360221K, committed 363264K, reserved 1376256K
  class space    used 45654K, committed 47168K, reserved 1048576K
}
Event: 560.026 GC heap before
{Heap before GC invocations=81 (full 0):
 garbage-first heap   total 911360K, used 594267K [0x0000000080000000, 0x0000000100000000)
  region size 1024K, 336 young (344064K), 18 survivors (18432K)
 Metaspace       used 360243K, committed 363392K, reserved 1376256K
  class space    used 45655K, committed 47232K, reserved 1048576K
}
Event: 560.033 GC heap after
{Heap after GC invocations=82 (full 0):
 garbage-first heap   total 911360K, used 270880K [0x0000000080000000, 0x0000000100000000)
  region size 1024K, 18 young (18432K), 18 survivors (18432K)
 Metaspace       used 360243K, committed 363392K, reserved 1376256K
  class space    used 45655K, committed 47232K, reserved 1048576K
}
Event: 562.312 GC heap before
{Heap before GC invocations=83 (full 0):
 garbage-first heap   total 911360K, used 802336K [0x0000000080000000, 0x0000000100000000)
  region size 1024K, 535 young (547840K), 18 survivors (18432K)
 Metaspace       used 361308K, committed 364352K, reserved 1376256K
  class space    used 45739K, committed 47296K, reserved 1048576K
}
Event: 562.321 GC heap after
{Heap after GC invocations=84 (full 0):
 garbage-first heap   total 911360K, used 283996K [0x0000000080000000, 0x0000000100000000)
  region size 1024K, 29 young (29696K), 29 survivors (29696K)
 Metaspace       used 361308K, committed 364352K, reserved 1376256K
  class space    used 45739K, committed 47296K, reserved 1048576K
}
Event: 562.564 GC heap before
{Heap before GC invocations=84 (full 0):
 garbage-first heap   total 911360K, used 800092K [0x0000000080000000, 0x0000000100000000)
  region size 1024K, 534 young (546816K), 29 survivors (29696K)
 Metaspace       used 361323K, committed 364416K, reserved 1376256K
  class space    used 45741K, committed 47296K, reserved 1048576K
}
Event: 562.573 GC heap after
{Heap after GC invocations=85 (full 0):
 garbage-first heap   total 911360K, used 277338K [0x0000000080000000, 0x0000000100000000)
  region size 1024K, 32 young (32768K), 32 survivors (32768K)
 Metaspace       used 361323K, committed 364416K, reserved 1376256K
  class space    used 45741K, committed 47296K, reserved 1048576K
}
Event: 2357.728 GC heap before
{Heap before GC invocations=85 (full 0):
 garbage-first heap   total 911360K, used 790362K [0x0000000080000000, 0x0000000100000000)
  region size 1024K, 534 young (546816K), 32 survivors (32768K)
 Metaspace       used 369011K, committed 372160K, reserved 1376256K
  class space    used 46510K, committed 48064K, reserved 1048576K
}
Event: 2357.745 GC heap after
{Heap after GC invocations=86 (full 0):
 garbage-first heap   total 911360K, used 289661K [0x0000000080000000, 0x0000000100000000)
  region size 1024K, 44 young (45056K), 44 survivors (45056K)
 Metaspace       used 369011K, committed 372160K, reserved 1376256K
  class space    used 46510K, committed 48064K, reserved 1048576K
}
Event: 2364.413 GC heap before
{Heap before GC invocations=87 (full 0):
 garbage-first heap   total 911360K, used 791421K [0x0000000080000000, 0x0000000100000000)
  region size 1024K, 534 young (546816K), 44 survivors (45056K)
 Metaspace       used 367822K, committed 372160K, reserved 1376256K
  class space    used 45979K, committed 48064K, reserved 1048576K
}
Event: 2364.439 GC heap after
{Heap after GC invocations=88 (full 0):
 garbage-first heap   total 911360K, used 311719K [0x0000000080000000, 0x0000000100000000)
  region size 1024K, 46 young (47104K), 46 survivors (47104K)
 Metaspace       used 367822K, committed 372160K, reserved 1376256K
  class space    used 45979K, committed 48064K, reserved 1048576K
}
Event: 2372.410 GC heap before
{Heap before GC invocations=88 (full 0):
 garbage-first heap   total 911360K, used 814503K [0x0000000080000000, 0x0000000100000000)
  region size 1024K, 534 young (546816K), 46 survivors (47104K)
 Metaspace       used 370124K, committed 372928K, reserved 1376256K
  class space    used 46240K, committed 48064K, reserved 1048576K
}
Event: 2372.448 GC heap after
{Heap after GC invocations=89 (full 0):
 garbage-first heap   total 921600K, used 300170K [0x0000000080000000, 0x0000000100000000)
  region size 1024K, 61 young (62464K), 61 survivors (62464K)
 Metaspace       used 370124K, committed 372928K, reserved 1376256K
  class space    used 46240K, committed 48064K, reserved 1048576K
}
Event: 2372.826 GC heap before
{Heap before GC invocations=89 (full 0):
 garbage-first heap   total 921600K, used 380042K [0x0000000080000000, 0x0000000100000000)
  region size 1024K, 141 young (144384K), 61 survivors (62464K)
 Metaspace       used 370655K, committed 373440K, reserved 1376256K
  class space    used 46280K, committed 48064K, reserved 1048576K
}
Event: 2372.846 GC heap after
{Heap after GC invocations=90 (full 0):
 garbage-first heap   total 921600K, used 304640K [0x0000000080000000, 0x0000000100000000)
  region size 1024K, 9 young (9216K), 9 survivors (9216K)
 Metaspace       used 370655K, committed 373440K, reserved 1376256K
  class space    used 46280K, committed 48064K, reserved 1048576K
}
Event: 2376.547 GC heap before
{Heap before GC invocations=91 (full 0):
 garbage-first heap   total 921600K, used 816640K [0x0000000080000000, 0x0000000100000000)
  region size 1024K, 498 young (509952K), 9 survivors (9216K)
 Metaspace       used 394858K, committed 396992K, reserved 1441792K
  class space    used 49183K, committed 50240K, reserved 1048576K
}
Event: 2376.573 GC heap after
{Heap after GC invocations=92 (full 0):
 garbage-first heap   total 921600K, used 352219K [0x0000000080000000, 0x0000000100000000)
  region size 1024K, 51 young (52224K), 51 survivors (52224K)
 Metaspace       used 394858K, committed 396992K, reserved 1441792K
  class space    used 49183K, committed 50240K, reserved 1048576K
}
Event: 2380.062 GC heap before
{Heap before GC invocations=92 (full 0):
 garbage-first heap   total 921600K, used 830427K [0x0000000080000000, 0x0000000100000000)
  region size 1024K, 500 young (512000K), 51 survivors (52224K)
 Metaspace       used 409446K, committed 411840K, reserved 1441792K
  class space    used 50928K, committed 52096K, reserved 1048576K
}

Dll operation events (20 events):
Event: 0.033 Loaded shared library /home/kigawa/.sdkman/candidates/java/21.0.10-tem/lib/libzip.so
Event: 0.097 Loaded shared library /home/kigawa/.sdkman/candidates/java/21.0.10-tem/lib/libjimage.so
Event: 0.159 Loaded shared library /home/kigawa/.sdkman/candidates/java/21.0.10-tem/lib/libverify.so
Event: 0.168 Loaded shared library /home/kigawa/.sdkman/candidates/java/21.0.10-tem/lib/libnet.so
Event: 0.169 Loaded shared library /home/kigawa/.gradle/native/660c5614fbf4a5f2a75b1949f50a0caf5cd603558e7d8a26e50b933a0cfb79d1/linux-amd64/libnative-platform.so
Event: 0.172 Loaded shared library /home/kigawa/.gradle/native/0.2.8/x86_64-linux-gnu/libgradle-fileevents.so
Event: 0.409 Loaded shared library /home/kigawa/.sdkman/candidates/java/21.0.10-tem/lib/libmanagement.so
Event: 0.409 Loaded shared library /home/kigawa/.sdkman/candidates/java/21.0.10-tem/lib/libmanagement_ext.so
Event: 0.453 Loaded shared library /home/kigawa/.sdkman/candidates/java/21.0.10-tem/lib/libextnet.so
Event: 6.882 Loaded shared library /home/kigawa/.sdkman/candidates/java/21.0.10-tem/lib/libawt.so
Event: 6.882 Loaded shared library /home/kigawa/.sdkman/candidates/java/21.0.10-tem/lib/libawt_headless.so
Event: 7.897 Loaded shared library /tmp/sqlite-3.41.2.2-c70d695c-211c-4364-a236-436f39cfc171-libsqlitejdbc.so
Event: 8.231 Loaded shared library /home/kigawa/.sdkman/candidates/java/21.0.10-tem/lib/librmi.so
Event: 10.421 Unloaded shared library "/tmp/sqlite-3.41.2.2-c70d695c-211c-4364-a236-436f39cfc171-libsqlitejdbc.so" [0x00006fff49c14180]
Event: 540.635 Loaded shared library /tmp/sqlite-3.41.2.2-23df9d75-7e4d-4522-b5e7-93bfa0ed92cd-libsqlitejdbc.so
Event: 543.875 Unloaded shared library "/tmp/sqlite-3.41.2.2-23df9d75-7e4d-4522-b5e7-93bfa0ed92cd-libsqlitejdbc.so" [0x00006fff3c1b9f80]
Event: 560.278 Loaded shared library /tmp/sqlite-3.41.2.2-4e4386b1-0ffd-47de-b1b2-26a03b1cd157-libsqlitejdbc.so
Event: 2358.441 Loaded shared library /tmp/sqlite-3.41.2.2-eab279e2-6aa4-44f3-be22-206b409dfa8d-libsqlitejdbc.so
Event: 2364.659 Loaded shared library /tmp/sqlite-3.41.2.2-6e3cbeee-0396-4c61-919c-580a62cf8d13-libsqlitejdbc.so
Event: 2372.910 Unloaded shared library "/tmp/sqlite-3.41.2.2-4e4386b1-0ffd-47de-b1b2-26a03b1cd157-libsqlitejdbc.so" [0x0000700088175550]

Deoptimization events (20 events):
Event: 2379.980 Thread 0x00006ffee4016580 Uncommon trap: trap_request=0xffffffad fr.pc=0x0000700129d92668 relative=0x0000000000000948
Event: 2379.980 Thread 0x00006ffee4016580 Uncommon trap: reason=uninitialized action=reinterpret pc=0x0000700129d92668 method=com.android.tools.lint.client.api.LintJarVerifier.checkField(Ljava/lang/String;Ljava/lang/String;)V @ 44 c2
Event: 2379.980 Thread 0x00006ffee4016580 DEOPT PACKING pc=0x0000700129d92668 sp=0x00006ffe3bcfc090
Event: 2379.980 Thread 0x00006ffee4016580 DEOPT UNPACKING pc=0x0000700127cb2f99 sp=0x00006ffe3bcfc040 mode 2
Event: 2379.980 Thread 0x00006ffeb00023e0 Uncommon trap: trap_request=0xffffffad fr.pc=0x0000700129d92668 relative=0x0000000000000948
Event: 2379.980 Thread 0x00006ffeb00023e0 Uncommon trap: reason=uninitialized action=reinterpret pc=0x0000700129d92668 method=com.android.tools.lint.client.api.LintJarVerifier.checkField(Ljava/lang/String;Ljava/lang/String;)V @ 44 c2
Event: 2379.980 Thread 0x00006ffeb00023e0 DEOPT PACKING pc=0x0000700129d92668 sp=0x00006ffe3bbfc090
Event: 2379.980 Thread 0x00006ffeb00023e0 DEOPT UNPACKING pc=0x0000700127cb2f99 sp=0x00006ffe3bbfc040 mode 2
Event: 2379.980 Thread 0x00006fff740304e0 Uncommon trap: trap_request=0xffffffad fr.pc=0x0000700129d92668 relative=0x0000000000000948
Event: 2379.980 Thread 0x00006fff740304e0 Uncommon trap: reason=uninitialized action=reinterpret pc=0x0000700129d92668 method=com.android.tools.lint.client.api.LintJarVerifier.checkField(Ljava/lang/String;Ljava/lang/String;)V @ 44 c2
Event: 2379.980 Thread 0x00006fff740304e0 DEOPT PACKING pc=0x0000700129d92668 sp=0x00006ffe4defc090
Event: 2379.980 Thread 0x00006fff740304e0 DEOPT UNPACKING pc=0x0000700127cb2f99 sp=0x00006ffe4defc040 mode 2
Event: 2379.980 Thread 0x00006ffee4016580 Uncommon trap: trap_request=0xffffffad fr.pc=0x0000700129d90b50 relative=0x0000000000000990
Event: 2379.980 Thread 0x00006ffee4016580 Uncommon trap: reason=uninitialized action=reinterpret pc=0x0000700129d90b50 method=com.android.tools.lint.client.api.LintJarVerifier.checkMethod(Ljava/lang/String;Ljava/lang/String;Ljava/lang/String;)V @ 51 c2
Event: 2379.980 Thread 0x00006ffee4016580 DEOPT PACKING pc=0x0000700129d90b50 sp=0x00006ffe3bcfc070
Event: 2379.980 Thread 0x00006ffee4016580 DEOPT UNPACKING pc=0x0000700127cb2f99 sp=0x00006ffe3bcfc020 mode 2
Event: 2379.980 Thread 0x00006ffeb00023e0 Uncommon trap: trap_request=0xffffffad fr.pc=0x0000700129d90b50 relative=0x0000000000000990
Event: 2379.980 Thread 0x00006ffeb00023e0 Uncommon trap: reason=uninitialized action=reinterpret pc=0x0000700129d90b50 method=com.android.tools.lint.client.api.LintJarVerifier.checkMethod(Ljava/lang/String;Ljava/lang/String;Ljava/lang/String;)V @ 51 c2
Event: 2379.980 Thread 0x00006ffeb00023e0 DEOPT PACKING pc=0x0000700129d90b50 sp=0x00006ffe3bbfc070
Event: 2379.980 Thread 0x00006ffeb00023e0 DEOPT UNPACKING pc=0x0000700127cb2f99 sp=0x00006ffe3bbfc020 mode 2

Classes loaded (20 events):
Event: 2372.911 Loading class sun/security/ssl/Alert$AlertConsumer
Event: 2372.911 Loading class sun/security/ssl/Alert$AlertConsumer done
Event: 2372.911 Loading class sun/security/ssl/Alert$Level
Event: 2372.911 Loading class sun/security/ssl/Alert$Level done
Event: 2373.116 Loading class java/util/regex/PatternSyntaxException
Event: 2373.116 Loading class java/util/regex/PatternSyntaxException done
Event: 2373.181 Loading class java/util/regex/Pattern$Caret
Event: 2373.181 Loading class java/util/regex/Pattern$Caret done
Event: 2373.371 Loading class java/time/format/DateTimeParseException
Event: 2373.371 Loading class java/time/DateTimeException
Event: 2373.371 Loading class java/time/DateTimeException done
Event: 2373.371 Loading class java/time/format/DateTimeParseException done
Event: 2375.785 Loading class java/util/concurrent/locks/ReentrantReadWriteLock$Sync$HoldCounter
Event: 2375.785 Loading class java/util/concurrent/locks/ReentrantReadWriteLock$Sync$HoldCounter done
Event: 2376.244 Loading class java/nio/file/attribute/UserPrincipalLookupService
Event: 2376.244 Loading class java/nio/file/attribute/UserPrincipalLookupService done
Event: 2376.636 Loading class java/nio/file/FileSystemLoopException
Event: 2376.636 Loading class java/nio/file/FileSystemLoopException done
Event: 2379.312 Loading class java/util/jar/JarInputStream
Event: 2379.312 Loading class java/util/jar/JarInputStream done

Classes unloaded (20 events):
Event: 2372.886 Thread 0x00007001384197a0 Unloading class 0x00007000caddb800 'java/lang/invoke/LambdaForm$DMH+0x00007000caddb800'
Event: 2372.886 Thread 0x00007001384197a0 Unloading class 0x00007000cadd8c00 'java/lang/invoke/LambdaForm$DMH+0x00007000cadd8c00'
Event: 2372.886 Thread 0x00007001384197a0 Unloading class 0x00007000caddb400 'java/lang/invoke/LambdaForm$DMH+0x00007000caddb400'
Event: 2372.886 Thread 0x00007001384197a0 Unloading class 0x00007000caddac00 'java/lang/invoke/LambdaForm$DMH+0x00007000caddac00'
Event: 2372.886 Thread 0x00007001384197a0 Unloading class 0x00007000cadd9000 'java/lang/invoke/LambdaForm$DMH+0x00007000cadd9000'
Event: 2372.886 Thread 0x00007001384197a0 Unloading class 0x00007000cadda000 'java/lang/invoke/LambdaForm$DMH+0x00007000cadda000'
Event: 2372.886 Thread 0x00007001384197a0 Unloading class 0x00007000cadd9400 'java/lang/invoke/LambdaForm$DMH+0x00007000cadd9400'
Event: 2372.886 Thread 0x00007001384197a0 Unloading class 0x00007000cadd8800 'java/lang/invoke/LambdaForm$DMH+0x00007000cadd8800'
Event: 2372.886 Thread 0x00007001384197a0 Unloading class 0x00007000cad19c00 'jdk/internal/reflect/GeneratedSerializationConstructorAccessor284'
Event: 2372.886 Thread 0x00007001384197a0 Unloading class 0x00007000cad19800 'jdk/internal/reflect/GeneratedSerializationConstructorAccessor283'
Event: 2372.886 Thread 0x00007001384197a0 Unloading class 0x00007000cac02000 'jdk/internal/reflect/GeneratedSerializationConstructorAccessor276'
Event: 2372.886 Thread 0x00007001384197a0 Unloading class 0x00007000cac00000 'jdk/internal/reflect/GeneratedSerializationConstructorAccessor268'
Event: 2372.886 Thread 0x00007001384197a0 Unloading class 0x00007000caa04800 'jdk/internal/reflect/GeneratedSerializationConstructorAccessor267'
Event: 2372.886 Thread 0x00007001384197a0 Unloading class 0x00007000ca568400 'jdk/internal/reflect/GeneratedSerializationConstructorAccessor247'
Event: 2372.886 Thread 0x00007001384197a0 Unloading class 0x00007000ca558400 'jdk/internal/reflect/GeneratedSerializationConstructorAccessor245'
Event: 2372.886 Thread 0x00007001384197a0 Unloading class 0x00007000ca558000 'jdk/internal/reflect/GeneratedSerializationConstructorAccessor244'
Event: 2372.886 Thread 0x00007001384197a0 Unloading class 0x00007000ca550000 'jdk/internal/reflect/GeneratedSerializationConstructorAccessor241'
Event: 2372.886 Thread 0x00007001384197a0 Unloading class 0x00007000ca540000 'jdk/internal/reflect/GeneratedSerializationConstructorAccessor239'
Event: 2372.886 Thread 0x00007001384197a0 Unloading class 0x00007000ca3e4000 'java/lang/invoke/LambdaForm$MH+0x00007000ca3e4000'
Event: 2372.886 Thread 0x00007001384197a0 Unloading class 0x00007000c8000400 'java/lang/invoke/LambdaForm$MH+0x00007000c8000400'

Classes redefined (0 events):
No events

Internal exceptions (20 events):
Event: 2376.246 Thread 0x00006ffee4016580 Exception <a 'java/lang/NoSuchMethodError'{0x00000000aff493a8}: 'java.lang.Object java.lang.invoke.DirectMethodHandle$Holder.newInvokeSpecial(java.lang.Object, java.lang.Object, int, java.lang.Object)'> (0x00000000aff493a8) 
thrown [src/hotspot/share/interpreter/linkResolver.cpp, line 772]
Event: 2376.246 Thread 0x00006ffeb00023e0 Exception <a 'java/lang/NoSuchMethodError'{0x00000000aff88020}: 'java.lang.Object java.lang.invoke.Invokers$Holder.linkToTargetMethod(java.lang.Object, int, java.lang.Object, java.lang.Object)'> (0x00000000aff88020) 
thrown [src/hotspot/share/interpreter/linkResolver.cpp, line 772]
Event: 2376.246 Thread 0x00006ffee4016580 Exception <a 'java/lang/NoSuchMethodError'{0x00000000aff91b80}: 'java.lang.Object java.lang.invoke.Invokers$Holder.linkToTargetMethod(java.lang.Object, int, java.lang.Object, java.lang.Object)'> (0x00000000aff91b80) 
thrown [src/hotspot/share/interpreter/linkResolver.cpp, line 772]
Event: 2378.004 Thread 0x000070002a7756f0 Exception <a 'java/io/IOException'{0x00000000a868b4f0}> (0x00000000a868b4f0) 
thrown [src/hotspot/share/prims/jni.cpp, line 520]
Event: 2378.633 Thread 0x00006ffeb00023e0 Implicit null exception at 0x0000700129c612db to 0x0000700129c63c7c
Event: 2378.633 Thread 0x00006ffee4016580 Implicit null exception at 0x0000700129c612db to 0x0000700129c63c7c
Event: 2378.633 Thread 0x00006fff740304e0 Implicit null exception at 0x0000700129c612db to 0x0000700129c63c7c
Event: 2378.633 Thread 0x00006ffeb00023e0 Implicit null exception at 0x0000700129c5d1cb to 0x0000700129c5f024
Event: 2378.633 Thread 0x00006fff740304e0 Implicit null exception at 0x0000700129c5d1cb to 0x0000700129c5f024
Event: 2378.633 Thread 0x00006ffee4016580 Implicit null exception at 0x0000700129c5d1cb to 0x0000700129c5f024
Event: 2378.870 Thread 0x00006fff740304e0 Implicit null exception at 0x0000700129ca0a7e to 0x0000700129ca0c08
Event: 2379.073 Thread 0x00006fff740304e0 Implicit null exception at 0x0000700129cd6413 to 0x0000700129cd6728
Event: 2379.073 Thread 0x00006fff740304e0 Implicit null exception at 0x0000700129ca22da to 0x0000700129ca23d8
Event: 2379.304 Thread 0x00006fff740304e0 Exception <a 'java/lang/NoSuchMethodError'{0x00000000a2399750}: 'java.lang.Object java.lang.invoke.DirectMethodHandle$Holder.invokeStaticInit(java.lang.Object, long)'> (0x00000000a2399750) 
thrown [src/hotspot/share/interpreter/linkResolver.cpp, line 772]
Event: 2379.308 Thread 0x00006ffeb00023e0 Implicit null exception at 0x0000700128a14303 to 0x0000700128a15560
Event: 2379.308 Thread 0x00006fff740304e0 Implicit null exception at 0x0000700128a14303 to 0x0000700128a15560
Event: 2379.308 Thread 0x00006ffee4016580 Implicit null exception at 0x0000700128a14303 to 0x0000700128a15560
Event: 2379.322 Thread 0x00006fff740304e0 Implicit null exception at 0x0000700128afaea8 to 0x0000700128afb370
Event: 2379.322 Thread 0x00006ffee4016580 Implicit null exception at 0x0000700128afaea8 to 0x0000700128afb370
Event: 2379.322 Thread 0x00006ffeb00023e0 Implicit null exception at 0x0000700128afaea8 to 0x0000700128afb370

ZGC Phase Switch (0 events):
No events

VM Operations (20 events):
Event: 2378.860 Executing non-safepoint VM operation: HandshakeAllThreads (Deoptimize) done
Event: 2378.882 Executing non-safepoint VM operation: HandshakeAllThreads (Deoptimize)
Event: 2378.883 Executing non-safepoint VM operation: HandshakeAllThreads (Deoptimize) done
Event: 2378.897 Executing safepoint VM operation: ICBufferFull
Event: 2378.897 Executing safepoint VM operation: ICBufferFull done
Event: 2378.971 Executing safepoint VM operation: ICBufferFull
Event: 2378.971 Executing safepoint VM operation: ICBufferFull done
Event: 2379.007 Executing non-safepoint VM operation: HandshakeAllThreads (Deoptimize)
Event: 2379.007 Executing non-safepoint VM operation: HandshakeAllThreads (Deoptimize) done
Event: 2379.012 Executing non-safepoint VM operation: HandshakeAllThreads (Deoptimize)
Event: 2379.012 Executing non-safepoint VM operation: HandshakeAllThreads (Deoptimize) done
Event: 2379.012 Executing safepoint VM operation: ICBufferFull
Event: 2379.012 Executing safepoint VM operation: ICBufferFull done
Event: 2379.302 Executing non-safepoint VM operation: HandshakeAllThreads (Deoptimize)
Event: 2379.302 Executing non-safepoint VM operation: HandshakeAllThreads (Deoptimize) done
Event: 2379.316 Executing non-safepoint VM operation: HandshakeAllThreads (Deoptimize)
Event: 2379.317 Executing non-safepoint VM operation: HandshakeAllThreads (Deoptimize) done
Event: 2379.321 Executing non-safepoint VM operation: HandshakeAllThreads (Deoptimize)
Event: 2379.322 Executing non-safepoint VM operation: HandshakeAllThreads (Deoptimize) done
Event: 2380.062 Executing safepoint VM operation: G1CollectForAllocation (G1 Evacuation Pause)

Memory protections (20 events):
Event: 2375.567 Protecting memory [0x00006ffe4fc00000,0x00006ffe4fc04000] with protection modes 0
Event: 2375.567 Protecting memory [0x00006ffe3ba00000,0x00006ffe3ba04000] with protection modes 0
Event: 2375.577 Protecting memory [0x00006ffe3b900000,0x00006ffe3b904000] with protection modes 0
Event: 2375.577 Protecting memory [0x00006ffe3b800000,0x00006ffe3b804000] with protection modes 0
Event: 2375.578 Protecting memory [0x00006ffe3b700000,0x00006ffe3b704000] with protection modes 0
Event: 2375.578 Protecting memory [0x00006ffe3b600000,0x00006ffe3b604000] with protection modes 0
Event: 2375.578 Protecting memory [0x00006ffe3b500000,0x00006ffe3b504000] with protection modes 0
Event: 2375.863 Protecting memory [0x00006ffe3b400000,0x00006ffe3b404000] with protection modes 0
Event: 2376.274 Protecting memory [0x00006ffe3b300000,0x00006ffe3b304000] with protection modes 0
Event: 2376.274 Protecting memory [0x00006ffe3b100000,0x00006ffe3b104000] with protection modes 0
Event: 2376.369 Protecting memory [0x00006ffe3b000000,0x00006ffe3b004000] with protection modes 0
Event: 2376.370 Protecting memory [0x00006ffe3af00000,0x00006ffe3af04000] with protection modes 0
Event: 2377.290 Protecting memory [0x00006ffe3b100000,0x00006ffe3b104000] with protection modes 0
Event: 2378.324 Protecting memory [0x00006ffe3af00000,0x00006ffe3af04000] with protection modes 0
Event: 2378.324 Protecting memory [0x00006ffe3b000000,0x00006ffe3b004000] with protection modes 0
Event: 2378.326 Protecting memory [0x00006ffe3b100000,0x00006ffe3b104000] with protection modes 0
Event: 2378.480 Protecting memory [0x00006ffe3af00000,0x00006ffe3af04000] with protection modes 0
Event: 2378.643 Protecting memory [0x00006ffe3b300000,0x00006ffe3b304000] with protection modes 0
Event: 2379.899 Protecting memory [0x00006ffe3af00000,0x00006ffe3af04000] with protection modes 0
Event: 2379.900 Protecting memory [0x00006ffe3b300000,0x00006ffe3b304000] with protection modes 0

Nmethod flushes (20 events):
Event: 2372.908 Thread 0x00007001384197a0 flushing  nmethod 0x00007001215aaf90
Event: 2372.908 Thread 0x00007001384197a0 flushing  nmethod 0x00007001215aee90
Event: 2372.908 Thread 0x00007001384197a0 flushing  nmethod 0x0000700121706690
Event: 2372.908 Thread 0x00007001384197a0 flushing  nmethod 0x0000700121bc4d10
Event: 2372.908 Thread 0x00007001384197a0 flushing  nmethod 0x0000700121e4ef90
Event: 2372.908 Thread 0x00007001384197a0 flushing  nmethod 0x0000700121f6a110
Event: 2372.908 Thread 0x00007001384197a0 flushing  nmethod 0x00007001220b2990
Event: 2372.908 Thread 0x00007001384197a0 flushing  nmethod 0x0000700122301510
Event: 2372.908 Thread 0x00007001384197a0 flushing  nmethod 0x000070012245a590
Event: 2372.908 Thread 0x00007001384197a0 flushing  nmethod 0x0000700122af2410
Event: 2372.908 Thread 0x00007001384197a0 flushing  nmethod 0x0000700122af4910
Event: 2372.908 Thread 0x00007001384197a0 flushing  nmethod 0x0000700122af6410
Event: 2372.908 Thread 0x00007001384197a0 flushing  nmethod 0x0000700123021190
Event: 2372.908 Thread 0x00007001384197a0 flushing  nmethod 0x000070012309e490
Event: 2372.908 Thread 0x00007001384197a0 flushing  nmethod 0x0000700123190990
Event: 2372.908 Thread 0x00007001384197a0 flushing  nmethod 0x000070012358ec90
Event: 2372.908 Thread 0x00007001384197a0 flushing  nmethod 0x0000700123b3f210
Event: 2372.908 Thread 0x00007001384197a0 flushing  nmethod 0x0000700123b40190
Event: 2372.908 Thread 0x00007001384197a0 flushing  nmethod 0x0000700123ffaa90
Event: 2372.908 Thread 0x00007001384197a0 flushing  nmethod 0x00007001243ba110

Events (20 events):
Event: 2376.274 Thread 0x00006ffe74229580 Thread added: 0x00006fffb40fe970
Event: 2376.274 Thread 0x00006ffe74229580 Thread added: 0x00006fffb41001c0
Event: 2376.369 Thread 0x00006ffe74229580 Thread added: 0x00006fffb4137cc0
Event: 2376.370 Thread 0x00006ffe74229580 Thread added: 0x00006fffb4100ff0
Event: 2376.810 Thread 0x00006fffb41001c0 Thread exited: 0x00006fffb41001c0
Event: 2376.810 Thread 0x00006fffb40fe970 Thread exited: 0x00006fffb40fe970
Event: 2377.290 Thread 0x000070013842ba50 Thread added: 0x00007000a05867d0
Event: 2378.256 Thread 0x00006fffb4100ff0 Thread exited: 0x00006fffb4100ff0
Event: 2378.256 Thread 0x00007000a05867d0 Thread exited: 0x00007000a05867d0
Event: 2378.256 Thread 0x00006fffb4137cc0 Thread exited: 0x00006fffb4137cc0
Event: 2378.324 Thread 0x000070013842a390 Thread added: 0x000070009c1170f0
Event: 2378.324 Thread 0x00006ffe74229580 Thread added: 0x00006fffb4137c10
Event: 2378.326 Thread 0x00006fffb4137c10 Thread added: 0x00006fff8400c980
Event: 2378.460 Thread 0x000070009c1170f0 Thread exited: 0x000070009c1170f0
Event: 2378.480 Thread 0x00006fff8400c980 Thread added: 0x00006fff80537090
Event: 2378.643 Thread 0x00006fffb4137c10 Thread added: 0x00006fff8401a590
Event: 2379.897 Thread 0x00006fff8401a590 Thread exited: 0x00006fff8401a590
Event: 2379.898 Thread 0x00006fff80537090 Thread exited: 0x00006fff80537090
Event: 2379.899 Thread 0x00006ffe74229580 Thread added: 0x00006fffb40ee110
Event: 2379.900 Thread 0x00006fffb40ee110 Thread added: 0x00006fff9400b420


Dynamic libraries:
80000000-b6300000 rw-p 00000000 00:00 0 
b6300000-b6b00000 ---p 00000000 00:00 0 
b6b00000-b6c00000 rw-p 00000000 00:00 0 
b6c00000-fca00000 ---p 00000000 00:00 0 
fca00000-ffe00000 rw-p 00000000 00:00 0 
ffe00000-fff0d000 rw-p 00cda000 00:33 2973800                            /home/kigawa/.sdkman/candidates/java/21.0.10-tem/lib/server/classes.jsa
fff0d000-100000000 rw-p 00000000 00:00 0 
609eca3ec000-609eca3ed000 r-xp 00000000 00:33 2972800                    /home/kigawa/.sdkman/candidates/java/21.0.10-tem/bin/java
609eca3ee000-609eca3ef000 r--p 00001000 00:33 2972800                    /home/kigawa/.sdkman/candidates/java/21.0.10-tem/bin/java
609eca3ef000-609eca3f0000 rw-p 00002000 00:33 2972800                    /home/kigawa/.sdkman/candidates/java/21.0.10-tem/bin/java
609ef7380000-609ef7838000 rw-p 00000000 00:00 0                          [heap]
6ffe1a000000-6ffe1b300000 rw-p 00000000 00:00 0 
6ffe1b300000-6ffe1c020000 rw-p 00000000 00:00 0 
6ffe1c020000-6ffe1e000000 ---p 00000000 00:00 0 
6ffe1e000000-6ffe1f3e0000 rw-p 00000000 00:00 0 
6ffe1f3e0000-6ffe20980000 rw-p 00000000 00:00 0 
6ffe20980000-6ffe20a00000 rw-p 00000000 00:00 0 
6ffe20a00000-6ffe20a40000 rw-p 00000000 00:00 0 
6ffe20a40000-6ffe20ad0000 rw-p 00000000 00:00 0 
6ffe20ad0000-6ffe21580000 rw-p 00000000 00:00 0 
6ffe21580000-6ffe21d00000 rw-p 00000000 00:00 0 
6ffe21d00000-6ffe21d30000 rw-p 00000000 00:00 0 
6ffe21d30000-6ffe21e00000 ---p 00000000 00:00 0 
6ffe21e00000-6ffe22000000 rw-p 00000000 00:00 0 
6ffe22000000-6ffe24b00000 rw-p 00000000 00:00 0 
6ffe24b00000-6ffe24e00000 rw-p 00000000 00:00 0 
6ffe24e00000-6ffe24f00000 rw-p 00000000 00:00 0 
6ffe24f00000-6ffe25000000 rw-p 00000000 00:00 0 
6ffe25000000-6ffe26000000 rw-p 00000000 00:00 0 
6ffe28bd6000-6ffe28bda000 ---p 00000000 00:00 0 
6ffe28bda000-6ffe28cd6000 rw-p 00000000 00:00 0 
6ffe28dd6000-6ffe28dda000 ---p 00000000 00:00 0 
6ffe28dda000-6ffe28ed6000 rw-p 00000000 00:00 0 
6ffe293d6000-6ffe31b6b000 r--s 00000000 00:33 2973664                    /home/kigawa/.sdkman/candidates/java/21.0.10-tem/lib/modules
6ffe31b6b000-6ffe3a300000 r--s 00000000 00:33 2973664                    /home/kigawa/.sdkman/candidates/java/21.0.10-tem/lib/modules
6ffe3a300000-6ffe3a304000 ---p 00000000 00:00 0 
6ffe3a304000-6ffe3a400000 rw-p 00000000 00:00 0 
6ffe3aa00000-6ffe3aa04000 ---p 00000000 00:00 0 
6ffe3aa04000-6ffe3ab00000 rw-p 00000000 00:00 0 
6ffe3ab00000-6ffe3ab04000 ---p 00000000 00:00 0 
6ffe3ab04000-6ffe3ac00000 rw-p 00000000 00:00 0 
6ffe3ac00000-6ffe3ac04000 ---p 00000000 00:00 0 
6ffe3ac04000-6ffe3ad00000 rw-p 00000000 00:00 0 
6ffe3ae00000-6ffe3ae04000 ---p 00000000 00:00 0 
6ffe3ae04000-6ffe3af00000 rw-p 00000000 00:00 0 
6ffe3af00000-6ffe3af04000 ---p 00000000 00:00 0 
6ffe3af04000-6ffe3b000000 rw-p 00000000 00:00 0 
6ffe3b000000-6ffe3b004000 ---p 00000000 00:00 0 
6ffe3b004000-6ffe3b100000 rw-p 00000000 00:00 0 
6ffe3b100000-6ffe3b104000 ---p 00000000 00:00 0 
6ffe3b104000-6ffe3b200000 rw-p 00000000 00:00 0 
6ffe3b200000-6ffe3b204000 ---p 00000000 00:00 0 
6ffe3b204000-6ffe3b300000 rw-p 00000000 00:00 0 
6ffe3b300000-6ffe3b304000 ---p 00000000 00:00 0 
6ffe3b304000-6ffe3b400000 rw-p 00000000 00:00 0 
6ffe3b400000-6ffe3b404000 ---p 00000000 00:00 0 
6ffe3b404000-6ffe3b500000 rw-p 00000000 00:00 0 
6ffe3b500000-6ffe3b504000 ---p 00000000 00:00 0 
6ffe3b504000-6ffe3b600000 rw-p 00000000 00:00 0 
6ffe3b600000-6ffe3b604000 ---p 00000000 00:00 0 
6ffe3b604000-6ffe3b700000 rw-p 00000000 00:00 0 
6ffe3b700000-6ffe3b704000 ---p 00000000 00:00 0 
6ffe3b704000-6ffe3b800000 rw-p 00000000 00:00 0 
6ffe3b800000-6ffe3b804000 ---p 00000000 00:00 0 
6ffe3b804000-6ffe3b900000 rw-p 00000000 00:00 0 
6ffe3b900000-6ffe3b904000 ---p 00000000 00:00 0 
6ffe3b904000-6ffe3ba00000 rw-p 00000000 00:00 0 
6ffe3ba00000-6ffe3ba04000 ---p 00000000 00:00 0 
6ffe3ba04000-6ffe3bb00000 rw-p 00000000 00:00 0 
6ffe3bb00000-6ffe3bb04000 ---p 00000000 00:00 0 
6ffe3bb04000-6ffe3bc00000 rw-p 00000000 00:00 0 
6ffe3bc00000-6ffe3bc04000 ---p 00000000 00:00 0 
6ffe3bc04000-6ffe3bd00000 rw-p 00000000 00:00 0 
6ffe3bd00000-6ffe3bd04000 ---p 00000000 00:00 0 
6ffe3bd04000-6ffe3be00000 rw-p 00000000 00:00 0 
6ffe3be00000-6ffe3be04000 ---p 00000000 00:00 0 
6ffe3be04000-6ffe3bf00000 rw-p 00000000 00:00 0 
6ffe3bf00000-6ffe3bf04000 ---p 00000000 00:00 0 
6ffe3bf04000-6ffe3c000000 rw-p 00000000 00:00 0 
6ffe3c000000-6ffe3c300000 rw-p 00000000 00:00 0 
6ffe3c300000-6ffe3c400000 rw-p 00000000 00:00 0 
6ffe3c400000-6ffe3db00000 rw-p 00000000 00:00 0 
6ffe3db00000-6ffe3dc00000 rw-p 00000000 00:00 0 
6ffe3dc00000-6ffe3df00000 rw-p 00000000 00:00 0 
6ffe3df00000-6ffe3e000000 rw-p 00000000 00:00 0 
6ffe3e000000-6ffe40000000 rw-p 00000000 00:00 0 
6ffe40000000-6ffe40004000 ---p 00000000 00:00 0 
6ffe40004000-6ffe40100000 rw-p 00000000 00:00 0 
6ffe40100000-6ffe40104000 ---p 00000000 00:00 0 
6ffe40104000-6ffe40200000 rw-p 00000000 00:00 0 
6ffe40200000-6ffe40204000 ---p 00000000 00:00 0 
6ffe40204000-6ffe40300000 rw-p 00000000 00:00 0 
6ffe40300000-6ffe40304000 ---p 00000000 00:00 0 
6ffe40304000-6ffe40400000 rw-p 00000000 00:00 0 
6ffe40400000-6ffe40404000 ---p 00000000 00:00 0 
6ffe40404000-6ffe40500000 rw-p 00000000 00:00 0 
6ffe40500000-6ffe40504000 ---p 00000000 00:00 0 
6ffe40504000-6ffe40600000 rw-p 00000000 00:00 0 
6ffe40600000-6ffe40604000 ---p 00000000 00:00 0 
6ffe40604000-6ffe40700000 rw-p 00000000 00:00 0 
6ffe40700000-6ffe40704000 ---p 00000000 00:00 0 
6ffe40704000-6ffe40800000 rw-p 00000000 00:00 0 
6ffe4086b000-6ffe4086f000 ---p 00000000 00:00 0 
6ffe4086f000-6ffe4096b000 rw-p 00000000 00:00 0 
6ffe4096b000-6ffe4096f000 ---p 00000000 00:00 0 
6ffe4096f000-6ffe40a6b000 rw-p 00000000 00:00 0 
6ffe40a6b000-6ffe40a6f000 ---p 00000000 00:00 0 
6ffe40a6f000-6ffe40b6b000 rw-p 00000000 00:00 0 
6ffe40b6b000-6ffe40b6f000 ---p 00000000 00:00 0 
6ffe40b6f000-6ffe40c6b000 rw-p 00000000 00:00 0 
6ffe40c6b000-6ffe40c6f000 ---p 00000000 00:00 0 
6ffe40c6f000-6ffe40d6b000 rw-p 00000000 00:00 0 
6ffe40d6b000-6ffe40d6f000 ---p 00000000 00:00 0 
6ffe40d6f000-6ffe40e6b000 rw-p 00000000 00:00 0 
6ffe40e6b000-6ffe40e6f000 ---p 00000000 00:00 0 
6ffe40e6f000-6ffe40f6b000 rw-p 00000000 00:00 0 
6ffe40f6b000-6ffe40f6f000 ---p 00000000 00:00 0 
6ffe40f6f000-6ffe4106b000 rw-p 00000000 00:00 0 
6ffe4106b000-6ffe4106f000 ---p 00000000 00:00 0 
6ffe4106f000-6ffe4116b000 rw-p 00000000 00:00 0 
6ffe4116b000-6ffe49900000 r--s 00000000 00:33 2973664                    /home/kigawa/.sdkman/candidates/java/21.0.10-tem/lib/modules
6ffe49900000-6ffe49904000 ---p 00000000 00:00 0 
6ffe49904000-6ffe49a00000 rw-p 00000000 00:00 0 
6ffe49a00000-6ffe49a04000 ---p 00000000 00:00 0 
6ffe49a04000-6ffe49b00000 rw-p 00000000 00:00 0 
6ffe49b00000-6ffe49b04000 ---p 00000000 00:00 0 
6ffe49b04000-6ffe49c00000 rw-p 00000000 00:00 0 
6ffe49c00000-6ffe49c04000 ---p 00000000 00:00 0 
6ffe49c04000-6ffe49d00000 rw-p 00000000 00:00 0 
6ffe49d00000-6ffe49d04000 ---p 00000000 00:00 0 
6ffe49d04000-6ffe49e00000 rw-p 00000000 00:00 0 
6ffe49e00000-6ffe49e04000 ---p 00000000 00:00 0 
6ffe49e04000-6ffe49f00000 rw-p 00000000 00:00 0 
6ffe49f00000-6ffe49f04000 ---p 00000000 00:00 0 
6ffe49f04000-6ffe4a000000 rw-p 00000000 00:00 0 
6ffe4a000000-6ffe4a004000 ---p 00000000 00:00 0 
6ffe4a004000-6ffe4a100000 rw-p 00000000 00:00 0 
6ffe4a100000-6ffe4a104000 ---p 00000000 00:00 0 
6ffe4a104000-6ffe4a200000 rw-p 00000000 00:00 0 
6ffe4a200000-6ffe4a204000 ---p 00000000 00:00 0 
6ffe4a204000-6ffe4a300000 rw-p 00000000 00:00 0 
6ffe4a300000-6ffe4a304000 ---p 00000000 00:00 0 
6ffe4a304000-6ffe4a400000 rw-p 00000000 00:00 0 
6ffe4a400000-6ffe4a404000 ---p 00000000 00:00 0 
6ffe4a404000-6ffe4a500000 rw-p 00000000 00:00 0 
6ffe4a500000-6ffe4a504000 ---p 00000000 00:00 0 
6ffe4a504000-6ffe4a600000 rw-p 00000000 00:00 0 
6ffe4a600000-6ffe4a604000 ---p 00000000 00:00 0 
6ffe4a604000-6ffe4a700000 rw-p 00000000 00:00 0 
6ffe4a700000-6ffe4a704000 ---p 00000000 00:00 0 
6ffe4a704000-6ffe4a800000 rw-p 00000000 00:00 0 
6ffe4a800000-6ffe4a804000 ---p 00000000 00:00 0 
6ffe4a804000-6ffe4a900000 rw-p 00000000 00:00 0 
6ffe4a900000-6ffe4a904000 ---p 00000000 00:00 0 
6ffe4a904000-6ffe4aa00000 rw-p 00000000 00:00 0 
6ffe4aa00000-6ffe4aa04000 ---p 00000000 00:00 0 
6ffe4aa04000-6ffe4ab00000 rw-p 00000000 00:00 0 
6ffe4ab00000-6ffe4ab04000 ---p 00000000 00:00 0 
6ffe4ab04000-6ffe4ac00000 rw-p 00000000 00:00 0 
6ffe4ac00000-6ffe4ac04000 ---p 00000000 00:00 0 
6ffe4ac04000-6ffe4ad00000 rw-p 00000000 00:00 0 
6ffe4ad00000-6ffe4ad04000 ---p 00000000 00:00 0 
6ffe4ad04000-6ffe4ae00000 rw-p 00000000 00:00 0 
6ffe4ae00000-6ffe4ae04000 ---p 00000000 00:00 0 
6ffe4ae04000-6ffe4af00000 rw-p 00000000 00:00 0 
6ffe4af00000-6ffe4af04000 ---p 00000000 00:00 0 
6ffe4af04000-6ffe4b000000 rw-p 00000000 00:00 0 
6ffe4b000000-6ffe4b004000 ---p 00000000 00:00 0 
6ffe4b004000-6ffe4b100000 rw-p 00000000 00:00 0 
6ffe4b100000-6ffe4b104000 ---p 00000000 00:00 0 
6ffe4b104000-6ffe4b200000 rw-p 00000000 00:00 0 
6ffe4b200000-6ffe4b204000 ---p 00000000 00:00 0 
6ffe4b204000-6ffe4b300000 rw-p 00000000 00:00 0 
6ffe4b300000-6ffe4b304000 ---p 00000000 00:00 0 
6ffe4b304000-6ffe4b400000 rw-p 00000000 00:00 0 
6ffe4b400000-6ffe4b404000 ---p 00000000 00:00 0 
6ffe4b404000-6ffe4b500000 rw-p 00000000 00:00 0 
6ffe4b500000-6ffe4b504000 ---p 00000000 00:00 0 
6ffe4b504000-6ffe4b600000 rw-p 00000000 00:00 0 
6ffe4b600000-6ffe4b604000 ---p 00000000 00:00 0 
6ffe4b604000-6ffe4b700000 rw-p 00000000 00:00 0 
6ffe4b700000-6ffe4b704000 ---p 00000000 00:00 0 
6ffe4b704000-6ffe4b800000 rw-p 00000000 00:00 0 
6ffe4b800000-6ffe4b804000 ---p 00000000 00:00 0 
6ffe4b804000-6ffe4b900000 rw-p 00000000 00:00 0 
6ffe4b900000-6ffe4b904000 ---p 00000000 00:00 0 
6ffe4b904000-6ffe4ba00000 rw-p 00000000 00:00 0 
6ffe4ba00000-6ffe4ba04000 ---p 00000000 00:00 0 
6ffe4ba04000-6ffe4bb00000 rw-p 00000000 00:00 0 
6ffe4bb00000-6ffe4bb04000 ---p 00000000 00:00 0 
6ffe4bb04000-6ffe4bc00000 rw-p 00000000 00:00 0 
6ffe4bc00000-6ffe4bc04000 ---p 00000000 00:00 0 
6ffe4bc04000-6ffe4bd00000 rw-p 00000000 00:00 0 
6ffe4bd00000-6ffe4bd04000 ---p 00000000 00:00 0 
6ffe4bd04000-6ffe4be00000 rw-p 00000000 00:00 0 
6ffe4be00000-6ffe4be04000 ---p 00000000 00:00 0 
6ffe4be04000-6ffe4bf00000 rw-p 00000000 00:00 0 
6ffe4bf00000-6ffe4bf04000 ---p 00000000 00:00 0 
6ffe4bf04000-6ffe4c000000 rw-p 00000000 00:00 0 
6ffe4c000000-6ffe4c004000 ---p 00000000 00:00 0 
6ffe4c004000-6ffe4c100000 rw-p 00000000 00:00 0 
6ffe4c100000-6ffe4c104000 ---p 00000000 00:00 0 
6ffe4c104000-6ffe4c200000 rw-p 00000000 00:00 0 
6ffe4c200000-6ffe4c204000 ---p 00000000 00:00 0 
6ffe4c204000-6ffe4c300000 rw-p 00000000 00:00 0 
6ffe4c300000-6ffe4c304000 ---p 00000000 00:00 0 
6ffe4c304000-6ffe4c400000 rw-p 00000000 00:00 0 
6ffe4c400000-6ffe4c404000 ---p 00000000 00:00 0 
6ffe4c404000-6ffe4c500000 rw-p 00000000 00:00 0 
6ffe4c500000-6ffe4c504000 ---p 00000000 00:00 0 
6ffe4c504000-6ffe4c600000 rw-p 00000000 00:00 0 
6ffe4c600000-6ffe4c604000 ---p 00000000 00:00 0 
6ffe4c604000-6ffe4c700000 rw-p 00000000 00:00 0 
6ffe4c700000-6ffe4c704000 ---p 00000000 00:00 0 
6ffe4c704000-6ffe4c800000 rw-p 00000000 00:00 0 
6ffe4c800000-6ffe4c804000 ---p 00000000 00:00 0 
6ffe4c804000-6ffe4c900000 rw-p 00000000 00:00 0 
6ffe4c900000-6ffe4c904000 ---p 00000000 00:00 0 
6ffe4c904000-6ffe4ca00000 rw-p 00000000 00:00 0 
6ffe4ca00000-6ffe4ca04000 ---p 00000000 00:00 0 
6ffe4ca04000-6ffe4cb00000 rw-p 00000000 00:00 0 
6ffe4cb00000-6ffe4cb04000 ---p 00000000 00:00 0 
6ffe4cb04000-6ffe4cc00000 rw-p 00000000 00:00 0 
6ffe4cc00000-6ffe4cc04000 ---p 00000000 00:00 0 
6ffe4cc04000-6ffe4cd00000 rw-p 00000000 00:00 0 
6ffe4cd00000-6ffe4cd04000 ---p 00000000 00:00 0 
6ffe4cd04000-6ffe4ce00000 rw-p 00000000 00:00 0 
6ffe4ce00000-6ffe4ce04000 ---p 00000000 00:00 0 
6ffe4ce04000-6ffe4cf00000 rw-p 00000000 00:00 0 
6ffe4cf00000-6ffe4cf04000 ---p 00000000 00:00 0 
6ffe4cf04000-6ffe4d000000 rw-p 00000000 00:00 0 
6ffe4d000000-6ffe4d004000 ---p 00000000 00:00 0 
6ffe4d004000-6ffe4d100000 rw-p 00000000 00:00 0 
6ffe4d100000-6ffe4d104000 ---p 00000000 00:00 0 
6ffe4d104000-6ffe4d200000 rw-p 00000000 00:00 0 
6ffe4d200000-6ffe4d204000 ---p 00000000 00:00 0 
6ffe4d204000-6ffe4d300000 rw-p 00000000 00:00 0 
6ffe4d300000-6ffe4d304000 ---p 00000000 00:00 0 
6ffe4d304000-6ffe4d400000 rw-p 00000000 00:00 0 
6ffe4d400000-6ffe4d404000 ---p 00000000 00:00 0 
6ffe4d404000-6ffe4d500000 rw-p 00000000 00:00 0 
6ffe4d500000-6ffe4d504000 ---p 00000000 00:00 0 
6ffe4d504000-6ffe4d600000 rw-p 00000000 00:00 0 
6ffe4d600000-6ffe4d604000 ---p 00000000 00:00 0 
6ffe4d604000-6ffe4d700000 rw-p 00000000 00:00 0 
6ffe4d700000-6ffe4d704000 ---p 00000000 00:00 0 
6ffe4d704000-6ffe4d800000 rw-p 00000000 00:00 0 
6ffe4d800000-6ffe4d804000 ---p 00000000 00:00 0 
6ffe4d804000-6ffe4d900000 rw-p 00000000 00:00 0 
6ffe4d900000-6ffe4d904000 ---p 00000000 00:00 0 
6ffe4d904000-6ffe4da00000 rw-p 00000000 00:00 0 
6ffe4da00000-6ffe4da04000 ---p 00000000 00:00 0 
6ffe4da04000-6ffe4db00000 rw-p 00000000 00:00 0 
6ffe4db00000-6ffe4db04000 ---p 00000000 00:00 0 
6ffe4db04000-6ffe4dc00000 rw-p 00000000 00:00 0 
6ffe4dc00000-6ffe4dc04000 ---p 00000000 00:00 0 
6ffe4dc04000-6ffe4dd00000 rw-p 00000000 00:00 0 
6ffe4dd00000-6ffe4dd04000 ---p 00000000 00:00 0 
6ffe4dd04000-6ffe4de00000 rw-p 00000000 00:00 0 
6ffe4de00000-6ffe4de04000 ---p 00000000 00:00 0 
6ffe4de04000-6ffe4df00000 rw-p 00000000 00:00 0 
6ffe4df00000-6ffe4df04000 ---p 00000000 00:00 0 
6ffe4df04000-6ffe4e000000 rw-p 00000000 00:00 0 
6ffe4e000000-6ffe4e0ec000 r-xp 00000000 00:1c 911652                     /tmp/sqlite-3.41.2.2-6e3cbeee-0396-4c61-919c-580a62cf8d13-libsqlitejdbc.so
6ffe4e0ec000-6ffe4e2ec000 ---p 000ec000 00:1c 911652                     /tmp/sqlite-3.41.2.2-6e3cbeee-0396-4c61-919c-580a62cf8d13-libsqlitejdbc.so
6ffe4e2ec000-6ffe4e2f3000 rw-p 000ec000 00:1c 911652                     /tmp/sqlite-3.41.2.2-6e3cbeee-0396-4c61-919c-580a62cf8d13-libsqlitejdbc.so
6ffe4e2f3000-6ffe4e2f4000 rw-p 00000000 00:00 0 
6ffe4e300000-6ffe4e304000 ---p 00000000 00:00 0 
6ffe4e304000-6ffe4e400000 rw-p 00000000 00:00 0 
6ffe4e400000-6ffe4e404000 ---p 00000000 00:00 0 
6ffe4e404000-6ffe4e500000 rw-p 00000000 00:00 0 
6ffe4e500000-6ffe4e504000 ---p 00000000 00:00 0 
6ffe4e504000-6ffe4e600000 rw-p 00000000 00:00 0 
6ffe4e600000-6ffe4e604000 ---p 00000000 00:00 0 
6ffe4e604000-6ffe4e700000 rw-p 00000000 00:00 0 
6ffe4e700000-6ffe4e704000 ---p 00000000 00:00 0 
6ffe4e704000-6ffe4e800000 rw-p 00000000 00:00 0 
6ffe4e800000-6ffe4e804000 ---p 00000000 00:00 0 
6ffe4e804000-6ffe4e900000 rw-p 00000000 00:00 0 
6ffe4e900000-6ffe4e904000 ---p 00000000 00:00 0 
6ffe4e904000-6ffe4ea00000 rw-p 00000000 00:00 0 
6ffe4ea00000-6ffe4ea04000 ---p 00000000 00:00 0 
6ffe4ea04000-6ffe4eb00000 rw-p 00000000 00:00 0 
6ffe4eb00000-6ffe4eb04000 ---p 00000000 00:00 0 
6ffe4eb04000-6ffe4ec00000 rw-p 00000000 00:00 0 
6ffe4ec00000-6ffe4ec04000 ---p 00000000 00:00 0 
6ffe4ec04000-6ffe4ed00000 rw-p 00000000 00:00 0 
6ffe4ed00000-6ffe4ed04000 ---p 00000000 00:00 0 
6ffe4ed04000-6ffe4ee00000 rw-p 00000000 00:00 0 
6ffe4ee00000-6ffe4ee04000 ---p 00000000 00:00 0 
6ffe4ee04000-6ffe4ef00000 rw-p 00000000 00:00 0 
6ffe4ef00000-6ffe4ef04000 ---p 00000000 00:00 0 
6ffe4ef04000-6ffe4f000000 rw-p 00000000 00:00 0 
6ffe4f000000-6ffe4f004000 ---p 00000000 00:00 0 
6ffe4f004000-6ffe4f100000 rw-p 00000000 00:00 0 
6ffe4f100000-6ffe4f104000 ---p 00000000 00:00 0 
6ffe4f104000-6ffe4f200000 rw-p 00000000 00:00 0 
6ffe4f200000-6ffe4f204000 ---p 00000000 00:00 0 
6ffe4f204000-6ffe4f300000 rw-p 00000000 00:00 0 
6ffe4f300000-6ffe4f304000 ---p 00000000 00:00 0 
6ffe4f304000-6ffe4f400000 rw-p 00000000 00:00 0 
6ffe4f400000-6ffe4f404000 ---p 00000000 00:00 0 
6ffe4f404000-6ffe4f500000 rw-p 00000000 00:00 0 
6ffe4f500000-6ffe4f504000 ---p 00000000 00:00 0 
6ffe4f504000-6ffe4f600000 rw-p 00000000 00:00 0 
6ffe4f600000-6ffe4f604000 ---p 00000000 00:00 0 
6ffe4f604000-6ffe4f700000 rw-p 00000000 00:00 0 
6ffe4f700000-6ffe4f704000 ---p 00000000 00:00 0 
6ffe4f704000-6ffe4f800000 rw-p 00000000 00:00 0 
6ffe4f800000-6ffe4f804000 ---p 00000000 00:00 0 
6ffe4f804000-6ffe4f900000 rw-p 00000000 00:00 0 
6ffe4f900000-6ffe4f904000 ---p 00000000 00:00 0 
6ffe4f904000-6ffe4fa00000 rw-p 00000000 00:00 0 
6ffe4fa00000-6ffe4fa04000 ---p 00000000 00:00 0 
6ffe4fa04000-6ffe4fb00000 rw-p 00000000 00:00 0 
6ffe4fb00000-6ffe4fb04000 ---p 00000000 00:00 0 
6ffe4fb04000-6ffe4fc00000 rw-p 00000000 00:00 0 
6ffe4fc00000-6ffe4fc04000 ---p 00000000 00:00 0 
6ffe4fc04000-6ffe4fd00000 rw-p 00000000 00:00 0 
6ffe4fd00000-6ffe4fd04000 ---p 00000000 00:00 0 
6ffe4fd04000-6ffe4fe00000 rw-p 00000000 00:00 0 
6ffe4fe00000-6ffe4fe04000 ---p 00000000 00:00 0 
6ffe4fe04000-6ffe4ff00000 rw-p 00000000 00:00 0 
6ffe4ff00000-6ffe4ff04000 ---p 00000000 00:00 0 
6ffe4ff04000-6ffe50000000 rw-p 00000000 00:00 0 
6ffe50000000-6ffe50149000 rw-p 00000000 00:00 0 
6ffe50149000-6ffe54000000 ---p 00000000 00:00 0 
6ffe54000000-6ffe54956000 rw-p 00000000 00:00 0 
6ffe54956000-6ffe58000000 ---p 00000000 00:00 0 
6ffe58000000-6ffe58114000 rw-p 00000000 00:00 0 
6ffe58114000-6ffe5c000000 ---p 00000000 00:00 0 
6ffe5c000000-6ffe5c279000 rw-p 00000000 00:00 0 
6ffe5c279000-6ffe60000000 ---p 00000000 00:00 0 
6ffe60000000-6ffe602b6000 rw-p 00000000 00:00 0 
6ffe602b6000-6ffe64000000 ---p 00000000 00:00 0 
6ffe64000000-6ffe6414f000 rw-p 00000000 00:00 0 
6ffe6414f000-6ffe68000000 ---p 00000000 00:00 0 
6ffe68000000-6ffe6814b000 rw-p 00000000 00:00 0 
6ffe6814b000-6ffe6c000000 ---p 00000000 00:00 0 
6ffe6c000000-6ffe6c14e000 rw-p 00000000 00:00 0 
6ffe6c14e000-6ffe70000000 ---p 00000000 00:00 0 
6ffe70000000-6ffe7014b000 rw-p 00000000 00:00 0 
6ffe7014b000-6ffe74000000 ---p 00000000 00:00 0 
6ffe74000000-6ffe754a3000 rw-p 00000000 00:00 0 
6ffe754a3000-6ffe78000000 ---p 00000000 00:00 0 
6ffe78000000-6ffe7810d000 rw-p 00000000 00:00 0 
6ffe7810d000-6ffe7c000000 ---p 00000000 00:00 0 
6ffe7c000000-6ffe7c10c000 rw-p 00000000 00:00 0 
6ffe7c10c000-6ffe80000000 ---p 00000000 00:00 0 
6ffe80000000-6ffe8191a000 rw-p 00000000 00:00 0 
6ffe8191a000-6ffe84000000 ---p 00000000 00:00 0 
6ffe84000000-6ffe84110000 rw-p 00000000 00:00 0 
6ffe84110000-6ffe88000000 ---p 00000000 00:00 0 
6ffe88000000-6ffe8b848000 rw-p 00000000 00:00 0 
6ffe8b848000-6ffe8c000000 ---p 00000000 00:00 0 
6ffe8c000000-6ffe8c0cb000 rw-p 00000000 00:00 0 
6ffe8c0cb000-6ffe90000000 ---p 00000000 00:00 0 
6ffe90000000-6ffe90108000 rw-p 00000000 00:00 0 
6ffe90108000-6ffe94000000 ---p 00000000 00:00 0 
6ffe94000000-6ffe9410d000 rw-p 00000000 00:00 0 
6ffe9410d000-6ffe98000000 ---p 00000000 00:00 0 
6ffe98000000-6ffe981f0000 rw-p 00000000 00:00 0 
6ffe981f0000-6ffe9c000000 ---p 00000000 00:00 0 
6ffe9c000000-6ffe9c1fa000 rw-p 00000000 00:00 0 
6ffe9c1fa000-6ffea0000000 ---p 00000000 00:00 0 
6ffea0000000-6ffea0054000 rw-p 00000000 00:00 0 
6ffea0054000-6ffea4000000 ---p 00000000 00:00 0 
6ffea4000000-6ffea410a000 rw-p 00000000 00:00 0 
6ffea410a000-6ffea8000000 ---p 00000000 00:00 0 
6ffea8000000-6ffea943a000 rw-p 00000000 00:00 0 
6ffea943a000-6ffeac000000 ---p 00000000 00:00 0 
6ffeac000000-6ffeac15a000 rw-p 00000000 00:00 0 
6ffeac15a000-6ffeb0000000 ---p 00000000 00:00 0 
6ffeb0000000-6ffeb0058000 rw-p 00000000 00:00 0 
6ffeb0058000-6ffeb4000000 ---p 00000000 00:00 0 
6ffeb4000000-6ffeb4aa2000 rw-p 00000000 00:00 0 
6ffeb4aa2000-6ffeb8000000 ---p 00000000 00:00 0 
6ffeb8000000-6ffeb80dd000 rw-p 00000000 00:00 0 
6ffeb80dd000-6ffebc000000 ---p 00000000 00:00 0 
6ffebc000000-6ffebc11f000 rw-p 00000000 00:00 0 
6ffebc11f000-6ffec0000000 ---p 00000000 00:00 0 
6ffec0000000-6ffec00e9000 rw-p 00000000 00:00 0 
6ffec00e9000-6ffec4000000 ---p 00000000 00:00 0 
6ffec4000000-6ffec40da000 rw-p 00000000 00:00 0 
6ffec40da000-6ffec8000000 ---p 00000000 00:00 0 
6ffec8000000-6ffec813f000 rw-p 00000000 00:00 0 
6ffec813f000-6ffecc000000 ---p 00000000 00:00 0 
6ffecc000000-6ffecc0e8000 rw-p 00000000 00:00 0 
6ffecc0e8000-6ffed0000000 ---p 00000000 00:00 0 
6ffed0000000-6ffed0054000 rw-p 00000000 00:00 0 
6ffed0054000-6ffed4000000 ---p 00000000 00:00 0 
6ffed4000000-6ffed40f4000 rw-p 00000000 00:00 0 
6ffed40f4000-6ffed8000000 ---p 00000000 00:00 0 
6ffed8000000-6ffed811e000 rw-p 00000000 00:00 0 
6ffed811e000-6ffedc000000 ---p 00000000 00:00 0 
6ffedc000000-6ffedc0c9000 rw-p 00000000 00:00 0 
6ffedc0c9000-6ffee0000000 ---p 00000000 00:00 0 
6ffee0000000-6ffee050f000 rw-p 00000000 00:00 0 
6ffee050f000-6ffee4000000 ---p 00000000 00:00 0 
6ffee4000000-6ffee40ec000 rw-p 00000000 00:00 0 
6ffee40ec000-6ffee8000000 ---p 00000000 00:00 0 
6ffee8000000-6ffee8d00000 rw-p 00000000 00:00 0 
6ffee8d00000-6ffee8e00000 rw-p 00000000 00:00 0 
6ffee8e00000-6ffee9600000 rw-p 00000000 00:00 0 
6ffee9600000-6ffeebdc0000 rw-p 00000000 00:00 0 
6ffeebdc0000-6ffeebe00000 rw-p 00000000 00:00 0 
6ffeebe00000-6ffeec000000 rw-p 00000000 00:00 0 
6ffeec000000-6ffeec055000 rw-p 00000000 00:00 0 
6ffeec055000-6ffef0000000 ---p 00000000 00:00 0 
6ffef0000000-6ffef1607000 rw-p 00000000 00:00 0 
6ffef1607000-6ffef4000000 ---p 00000000 00:00 0 
6ffef4000000-6ffef4552000 rw-p 00000000 00:00 0 
6ffef4552000-6ffef8000000 ---p 00000000 00:00 0 
6ffef8000000-6ffef8046000 rw-p 00000000 00:00 0 
6ffef8046000-6ffefc004000 ---p 00000000 00:00 0 
6ffefc004000-6ffefc100000 rw-p 00000000 00:00 0 
6ffefc100000-6ffefc104000 ---p 00000000 00:00 0 
6ffefc104000-6ffefc200000 rw-p 00000000 00:00 0 
6ffefc200000-6ffefc204000 ---p 00000000 00:00 0 
6ffefc204000-6ffefc300000 rw-p 00000000 00:00 0 
6ffefc300000-6ffefc304000 ---p 00000000 00:00 0 
6ffefc304000-6ffefc400000 rw-p 00000000 00:00 0 
6ffefc400000-6ffefc404000 ---p 00000000 00:00 0 
6ffefc404000-6ffefc500000 rw-p 00000000 00:00 0 
6ffefc500000-6ffefc504000 ---p 00000000 00:00 0 
6ffefc504000-6ffefc600000 rw-p 00000000 00:00 0 
6ffefc600000-6ffefc604000 ---p 00000000 00:00 0 
6ffefc604000-6ffefc700000 rw-p 00000000 00:00 0 
6ffefc700000-6ffefc704000 ---p 00000000 00:00 0 
6ffefc704000-6ffefc800000 rw-p 00000000 00:00 0 
6ffefc800000-6ffefc804000 ---p 00000000 00:00 0 
6ffefc804000-6ffefc900000 rw-p 00000000 00:00 0 
6ffefc900000-6ffefc904000 ---p 00000000 00:00 0 
6ffefc904000-6ffefca00000 rw-p 00000000 00:00 0 
6ffefca00000-6ffefca04000 ---p 00000000 00:00 0 
6ffefca04000-6ffefcb00000 rw-p 00000000 00:00 0 
6ffefcb00000-6ffefcb04000 ---p 00000000 00:00 0 
6ffefcb04000-6ffefcc00000 rw-p 00000000 00:00 0 
6ffefcc00000-6ffefcc04000 ---p 00000000 00:00 0 
6ffefcc04000-6ffefcd00000 rw-p 00000000 00:00 0 
6ffefcd00000-6ffefcd04000 ---p 00000000 00:00 0 
6ffefcd04000-6ffefce00000 rw-p 00000000 00:00 0 
6ffefce00000-6ffefce04000 ---p 00000000 00:00 0 
6ffefce04000-6ffefcf00000 rw-p 00000000 00:00 0 
6ffefcf00000-6ffefcf04000 ---p 00000000 00:00 0 
6ffefcf04000-6ffefd000000 rw-p 00000000 00:00 0 
6ffefd000000-6ffefd0ec000 r-xp 00000000 00:1c 907826                     /tmp/sqlite-3.41.2.2-eab279e2-6aa4-44f3-be22-206b409dfa8d-libsqlitejdbc.so
6ffefd0ec000-6ffefd2ec000 ---p 000ec000 00:1c 907826                     /tmp/sqlite-3.41.2.2-eab279e2-6aa4-44f3-be22-206b409dfa8d-libsqlitejdbc.so
6ffefd2ec000-6ffefd2f3000 rw-p 000ec000 00:1c 907826                     /tmp/sqlite-3.41.2.2-eab279e2-6aa4-44f3-be22-206b409dfa8d-libsqlitejdbc.so
6ffefd2f3000-6ffefd2f4000 rw-p 00000000 00:00 0 
6ffefd300000-6ffefd304000 ---p 00000000 00:00 0 
6ffefd304000-6ffefd400000 rw-p 00000000 00:00 0 
6ffefd400000-6ffefd404000 ---p 00000000 00:00 0 
6ffefd404000-6ffefd500000 rw-p 00000000 00:00 0 
6ffefd500000-6ffefd504000 ---p 00000000 00:00 0 
6ffefd504000-6ffefd600000 rw-p 00000000 00:00 0 
6ffefd600000-6ffefd604000 ---p 00000000 00:00 0 
6ffefd604000-6ffefd700000 rw-p 00000000 00:00 0 
6ffefd700000-6ffefd704000 ---p 00000000 00:00 0 
6ffefd704000-6ffefd800000 rw-p 00000000 00:00 0 
6ffefd800000-6ffefd804000 ---p 00000000 00:00 0 
6ffefd804000-6ffefd900000 rw-p 00000000 00:00 0 
6ffefd900000-6ffefd904000 ---p 00000000 00:00 0 
6ffefd904000-6ffefda00000 rw-p 00000000 00:00 0 
6ffefda00000-6ffefda04000 ---p 00000000 00:00 0 
6ffefda04000-6ffefdb00000 rw-p 00000000 00:00 0 
6ffefdb00000-6ffefdb04000 ---p 00000000 00:00 0 
6ffefdb04000-6ffefdc00000 rw-p 00000000 00:00 0 
6ffefdc00000-6ffefdc04000 ---p 00000000 00:00 0 
6ffefdc04000-6ffefdd00000 rw-p 00000000 00:00 0 
6ffefdd00000-6ffefdd04000 ---p 00000000 00:00 0 
6ffefdd04000-6ffefde00000 rw-p 00000000 00:00 0 
6ffefde00000-6ffefde04000 ---p 00000000 00:00 0 
6ffefde04000-6ffefdf00000 rw-p 00000000 00:00 0 
6ffefdf00000-6ffefdf04000 ---p 00000000 00:00 0 
6ffefdf04000-6ffefe000000 rw-p 00000000 00:00 0 
6ffefe000000-6ffefe004000 ---p 00000000 00:00 0 
6ffefe004000-6ffefe100000 rw-p 00000000 00:00 0 
6ffefe100000-6ffefe104000 ---p 00000000 00:00 0 
6ffefe104000-6ffefe200000 rw-p 00000000 00:00 0 
6ffefe200000-6ffefe204000 ---p 00000000 00:00 0 
6ffefe204000-6ffefe300000 rw-p 00000000 00:00 0 
6ffefe300000-6ffefe304000 ---p 00000000 00:00 0 
6ffefe304000-6ffefe400000 rw-p 00000000 00:00 0 
6ffefe400000-6ffefe404000 ---p 00000000 00:00 0 
6ffefe404000-6ffefe500000 rw-p 00000000 00:00 0 
6ffefe500000-6ffefe504000 ---p 00000000 00:00 0 
6ffefe504000-6ffefe600000 rw-p 00000000 00:00 0 
6ffefe600000-6ffefe604000 ---p 00000000 00:00 0 
6ffefe604000-6ffefe700000 rw-p 00000000 00:00 0 
6ffefe700000-6ffefe704000 ---p 00000000 00:00 0 
6ffefe704000-6ffefe800000 rw-p 00000000 00:00 0 
6ffefe800000-6ffefe804000 ---p 00000000 00:00 0 
6ffefe804000-6ffefe900000 rw-p 00000000 00:00 0 
6ffefe900000-6ffefe904000 ---p 00000000 00:00 0 
6ffefe904000-6ffefea00000 rw-p 00000000 00:00 0 
6ffefea00000-6ffefea04000 ---p 00000000 00:00 0 
6ffefea04000-6ffefeb00000 rw-p 00000000 00:00 0 
6ffefeb00000-6ffefeb04000 ---p 00000000 00:00 0 
6ffefeb04000-6ffefec00000 rw-p 00000000 00:00 0 
6ffefec00000-6ffefec04000 ---p 00000000 00:00 0 
6ffefec04000-6ffefed00000 rw-p 00000000 00:00 0 
6ffefed00000-6ffefed04000 ---p 00000000 00:00 0 
6ffefed04000-6ffefee00000 rw-p 00000000 00:00 0 
6ffefee00000-6ffefee04000 ---p 00000000 00:00 0 
6ffefee04000-6ffefef00000 rw-p 00000000 00:00 0 
6ffefef00000-6ffefef04000 ---p 00000000 00:00 0 
6ffefef04000-6ffeff000000 rw-p 00000000 00:00 0 
6ffeff000000-6ffeff004000 ---p 00000000 00:00 0 
6ffeff004000-6ffeff100000 rw-p 00000000 00:00 0 
6ffeff100000-6ffeff104000 ---p 00000000 00:00 0 
6ffeff104000-6ffeff200000 rw-p 00000000 00:00 0 
6ffeff200000-6ffeff204000 ---p 00000000 00:00 0 
6ffeff204000-6ffeff300000 rw-p 00000000 00:00 0 
6ffeff300000-6ffeff304000 ---p 00000000 00:00 0 
6ffeff304000-6ffeff400000 rw-p 00000000 00:00 0 
6ffeff400000-6ffeff404000 ---p 00000000 00:00 0 
6ffeff404000-6ffeff500000 rw-p 00000000 00:00 0 
6ffeff500000-6ffeff504000 ---p 00000000 00:00 0 
6ffeff504000-6ffeff600000 rw-p 00000000 00:00 0 
6ffeff600000-6ffeff604000 ---p 00000000 00:00 0 
6ffeff604000-6ffeff700000 rw-p 00000000 00:00 0 
6ffeff700000-6ffeff704000 ---p 00000000 00:00 0 
6ffeff704000-6ffeff800000 rw-p 00000000 00:00 0 
6ffeff800000-6ffeff804000 ---p 00000000 00:00 0 
6ffeff804000-6ffeff900000 rw-p 00000000 00:00 0 
6ffeff900000-6ffeff904000 ---p 00000000 00:00 0 
6ffeff904000-6ffeffa00000 rw-p 00000000 00:00 0 
6ffeffa00000-6ffeffa04000 ---p 00000000 00:00 0 
6ffeffa04000-6ffeffb00000 rw-p 00000000 00:00 0 
6ffeffb00000-6ffeffb04000 ---p 00000000 00:00 0 
6ffeffb04000-6ffeffc00000 rw-p 00000000 00:00 0 
6ffeffc00000-6ffeffc04000 ---p 00000000 00:00 0 
6ffeffc04000-6ffeffd00000 rw-p 00000000 00:00 0 
6ffeffd00000-6ffeffd04000 ---p 00000000 00:00 0 
6ffeffd04000-6ffeffe00000 rw-p 00000000 00:00 0 
6ffeffe00000-6ffeffe04000 ---p 00000000 00:00 0 
6ffeffe04000-6ffefff00000 rw-p 00000000 00:00 0 
6ffefff00000-6ffefff04000 ---p 00000000 00:00 0 
6ffefff04000-6fff00000000 rw-p 00000000 00:00 0 
6fff00000000-6fff00c94000 rw-p 00000000 00:00 0 
6fff00c94000-6fff04000000 ---p 00000000 00:00 0 
6fff04000000-6fff0469b000 rw-p 00000000 00:00 0 
6fff0469b000-6fff08000000 ---p 00000000 00:00 0 
6fff08000000-6fff08955000 rw-p 00000000 00:00 0 
6fff08955000-6fff0c000000 ---p 00000000 00:00 0 
6fff0c000000-6fff0c4c6000 rw-p 00000000 00:00 0 
6fff0c4c6000-6fff10000000 ---p 00000000 00:00 0 
6fff10000000-6fff10c75000 rw-p 00000000 00:00 0 
6fff10c75000-6fff14000000 ---p 00000000 00:00 0 
6fff14000000-6fff14c36000 rw-p 00000000 00:00 0 
6fff14c36000-6fff18000000 ---p 00000000 00:00 0 
6fff18000000-6fff1920c000 rw-p 00000000 00:00 0 
6fff1920c000-6fff1c000000 ---p 00000000 00:00 0 
6fff1c000000-6fff1c279000 rw-p 00000000 00:00 0 
6fff1c279000-6fff20000000 ---p 00000000 00:00 0 
6fff20000000-6fff21558000 rw-p 00000000 00:00 0 
6fff21558000-6fff24000000 ---p 00000000 00:00 0 
6fff24000000-6fff24f17000 rw-p 00000000 00:00 0 
6fff24f17000-6fff28000000 ---p 00000000 00:00 0 
6fff28000000-6fff2804d000 rw-p 00000000 00:00 0 
6fff2804d000-6fff2c000000 ---p 00000000 00:00 0 
6fff2c000000-6fff2c051000 rw-p 00000000 00:00 0 
6fff2c051000-6fff30000000 ---p 00000000 00:00 0 
6fff30000000-6fff30a2f000 rw-p 00000000 00:00 0 
6fff30a2f000-6fff34000000 ---p 00000000 00:00 0 
6fff34000000-6fff34663000 rw-p 00000000 00:00 0 
6fff34663000-6fff38000000 ---p 00000000 00:00 0 
6fff38000000-6fff395b8000 rw-p 00000000 00:00 0 
6fff395b8000-6fff3c000000 ---p 00000000 00:00 0 
6fff3c000000-6fff3dbd3000 rw-p 00000000 00:00 0 
6fff3dbd3000-6fff40000000 ---p 00000000 00:00 0 
6fff40000000-6fff401b4000 rw-p 00000000 00:00 0 
6fff401b4000-6fff44000000 ---p 00000000 00:00 0 
6fff44000000-6fff45150000 rw-p 00000000 00:00 0 
6fff45150000-6fff48000000 ---p 00000000 00:00 0 
6fff48000000-6fff4ab55000 rw-p 00000000 00:00 0 
6fff4ab55000-6fff4c000000 ---p 00000000 00:00 0 
6fff4c000000-6fff4c0fc000 rw-p 00000000 00:00 0 
6fff4c0fc000-6fff50000000 ---p 00000000 00:00 0 
6fff50000000-6fff501cd000 rw-p 00000000 00:00 0 
6fff501cd000-6fff54000000 ---p 00000000 00:00 0 
6fff54000000-6fff544d8000 rw-p 00000000 00:00 0 
6fff544d8000-6fff58000000 ---p 00000000 00:00 0 
6fff58000000-6fff5810c000 rw-p 00000000 00:00 0 
6fff5810c000-6fff5c000000 ---p 00000000 00:00 0 
6fff5c000000-6fff5d5e4000 rw-p 00000000 00:00 0 
6fff5d5e4000-6fff60000000 ---p 00000000 00:00 0 
6fff60000000-6fff60217000 rw-p 00000000 00:00 0 
6fff60217000-6fff64000000 ---p 00000000 00:00 0 
6fff64000000-6fff6418a000 rw-p 00000000 00:00 0 
6fff6418a000-6fff68000000 ---p 00000000 00:00 0 
6fff68000000-6fff68f6b000 rw-p 00000000 00:00 0 
6fff68f6b000-6fff6c000000 ---p 00000000 00:00 0 
6fff6c000000-6fff6cf32000 rw-p 00000000 00:00 0 
6fff6cf32000-6fff70000000 ---p 00000000 00:00 0 
6fff70000000-6fff700ac000 rw-p 00000000 00:00 0 
6fff700ac000-6fff74000000 ---p 00000000 00:00 0 
6fff74000000-6fff740e9000 rw-p 00000000 00:00 0 
6fff740e9000-6fff78000000 ---p 00000000 00:00 0 
6fff78000000-6fff780a0000 rw-p 00000000 00:00 0 
6fff780a0000-6fff7c000000 ---p 00000000 00:00 0 
6fff7c000000-6fff7c3a4000 rw-p 00000000 00:00 0 
6fff7c3a4000-6fff80000000 ---p 00000000 00:00 0 
6fff80000000-6fff80da7000 rw-p 00000000 00:00 0 
6fff80da7000-6fff84000000 ---p 00000000 00:00 0 
6fff84000000-6fff84160000 rw-p 00000000 00:00 0 
6fff84160000-6fff88000000 ---p 00000000 00:00 0 
6fff88000000-6fff892d9000 rw-p 00000000 00:00 0 
6fff892d9000-6fff8c000000 ---p 00000000 00:00 0 
6fff8c000000-6fff8cb1b000 rw-p 00000000 00:00 0 
6fff8cb1b000-6fff90000000 ---p 00000000 00:00 0 
6fff90000000-6fff90a49000 rw-p 00000000 00:00 0 
6fff90a49000-6fff94000000 ---p 00000000 00:00 0 
6fff94000000-6fff9448b000 rw-p 00000000 00:00 0 
6fff9448b000-6fff98000000 ---p 00000000 00:00 0 
6fff98000000-6fff988a6000 rw-p 00000000 00:00 0 
6fff988a6000-6fff9c000000 ---p 00000000 00:00 0 
6fff9c000000-6fff9c065000 rw-p 00000000 00:00 0 
6fff9c065000-6fffa0000000 ---p 00000000 00:00 0 
6fffa0000000-6fffa0ecb000 rw-p 00000000 00:00 0 
6fffa0ecb000-6fffa4000000 ---p 00000000 00:00 0 
6fffa4000000-6fffa429c000 rw-p 00000000 00:00 0 
6fffa429c000-6fffa8000000 ---p 00000000 00:00 0 
6fffa8000000-6fffa808a000 rw-p 00000000 00:00 0 
6fffa808a000-6fffac000000 ---p 00000000 00:00 0 
6fffac000000-6fffac0ef000 rw-p 00000000 00:00 0 
6fffac0ef000-6fffb0000000 ---p 00000000 00:00 0 
6fffb0000000-6fffb004e000 rw-p 00000000 00:00 0 
6fffb004e000-6fffb4000000 ---p 00000000 00:00 0 
6fffb4000000-6fffb4243000 rw-p 00000000 00:00 0 
6fffb4243000-6fffb8000000 ---p 00000000 00:00 0 
6fffb8000000-6fffb80b3000 rw-p 00000000 00:00 0 
6fffb80b3000-6fffbc000000 ---p 00000000 00:00 0 
6fffbc000000-6fffbc04e000 rw-p 00000000 00:00 0 
6fffbc04e000-6fffc0000000 ---p 00000000 00:00 0 
6fffc0000000-6fffc00d4000 rw-p 00000000 00:00 0 
6fffc00d4000-6fffc4000000 ---p 00000000 00:00 0 
6fffc4000000-6fffc408b000 rw-p 00000000 00:00 0 
6fffc408b000-6fffc8000000 ---p 00000000 00:00 0 
6fffc8000000-6fffc808d000 rw-p 00000000 00:00 0 
6fffc808d000-6fffcc000000 ---p 00000000 00:00 0 
6fffcc000000-6fffcc1d4000 rw-p 00000000 00:00 0 
6fffcc1d4000-6fffd0000000 ---p 00000000 00:00 0 
6fffd0000000-6fffd178d000 rw-p 00000000 00:00 0 
6fffd178d000-6fffd4000000 ---p 00000000 00:00 0 
6fffd4000000-6fffd40a4000 rw-p 00000000 00:00 0 
6fffd40a4000-6fffd8000000 ---p 00000000 00:00 0 
6fffd8000000-6fffd9533000 rw-p 00000000 00:00 0 
6fffd9533000-6fffdc000000 ---p 00000000 00:00 0 
6fffdc000000-6fffdc055000 rw-p 00000000 00:00 0 
6fffdc055000-6fffe0000000 ---p 00000000 00:00 0 
6fffe0000000-6fffe0048000 rw-p 00000000 00:00 0 
6fffe0048000-6fffe4000000 ---p 00000000 00:00 0 
6fffe4000000-6fffe40d5000 rw-p 00000000 00:00 0 
6fffe40d5000-6fffe8000000 ---p 00000000 00:00 0 
6fffe8000000-6fffe8056000 rw-p 00000000 00:00 0 
6fffe8056000-6fffec000000 ---p 00000000 00:00 0 
6fffec000000-6fffec073000 rw-p 00000000 00:00 0 
6fffec073000-6ffff0000000 ---p 00000000 00:00 0 
6ffff0000000-6ffff11dd000 rw-p 00000000 00:00 0 
6ffff11dd000-6ffff4000000 ---p 00000000 00:00 0 
6ffff4000000-6ffff404b000 rw-p 00000000 00:00 0 
6ffff404b000-6ffff8000000 ---p 00000000 00:00 0 
6ffff8000000-6ffff9541000 rw-p 00000000 00:00 0 
6ffff9541000-6ffffc000000 ---p 00000000 00:00 0 
6ffffc000000-6ffffd007000 rw-p 00000000 00:00 0 
6ffffd007000-700000004000 ---p 00000000 00:00 0 
700000004000-700000100000 rw-p 00000000 00:00 0 
700000100000-700000104000 ---p 00000000 00:00 0 
700000104000-700000200000 rw-p 00000000 00:00 0 
700000200000-700000204000 ---p 00000000 00:00 0 
700000204000-700000300000 rw-p 00000000 00:00 0 
700000300000-700000304000 ---p 00000000 00:00 0 
700000304000-700000400000 rw-p 00000000 00:00 0 
700000400000-700000404000 ---p 00000000 00:00 0 
700000404000-700000500000 rw-p 00000000 00:00 0 
700000500000-700000504000 ---p 00000000 00:00 0 
700000504000-700000600000 rw-p 00000000 00:00 0 
700000600000-700000604000 ---p 00000000 00:00 0 
700000604000-700000700000 rw-p 00000000 00:00 0 
700000700000-700000704000 ---p 00000000 00:00 0 
700000704000-700000800000 rw-p 00000000 00:00 0 
700000800000-700000804000 ---p 00000000 00:00 0 
700000804000-700000900000 rw-p 00000000 00:00 0 
700000900000-700000904000 ---p 00000000 00:00 0 
700000904000-700000a00000 rw-p 00000000 00:00 0 
700000a8f000-700000a93000 ---p 00000000 00:00 0 
700000a93000-700000b8f000 rw-p 00000000 00:00 0 
700000b8f000-700000b93000 ---p 00000000 00:00 0 
700000b93000-700000c8f000 rw-p 00000000 00:00 0 
700000c8f000-700000c93000 ---p 00000000 00:00 0 
700000c93000-700000d8f000 rw-p 00000000 00:00 0 
700000d8f000-700000d93000 ---p 00000000 00:00 0 
700000d93000-700000e8f000 rw-p 00000000 00:00 0 
700000e8f000-700000e93000 ---p 00000000 00:00 0 
700000e93000-700000f8f000 rw-p 00000000 00:00 0 
700000f8f000-700000f93000 ---p 00000000 00:00 0 
700000f93000-70000108f000 rw-p 00000000 00:00 0 
70000108f000-700001093000 ---p 00000000 00:00 0 
700001093000-70000118f000 rw-p 00000000 00:00 0 
70000118f000-700001193000 ---p 00000000 00:00 0 
700001193000-70000128f000 rw-p 00000000 00:00 0 
70000128f000-700001293000 ---p 00000000 00:00 0 
700001293000-70000138f000 rw-p 00000000 00:00 0 
70000138f000-700001393000 ---p 00000000 00:00 0 
700001393000-70000148f000 rw-p 00000000 00:00 0 
70000148f000-700001493000 ---p 00000000 00:00 0 
700001493000-70000158f000 rw-p 00000000 00:00 0 
700001600000-700001604000 ---p 00000000 00:00 0 
700001604000-700001700000 rw-p 00000000 00:00 0 
700001700000-700001704000 ---p 00000000 00:00 0 
700001704000-700001800000 rw-p 00000000 00:00 0 
700001800000-700001804000 ---p 00000000 00:00 0 
700001804000-700001900000 rw-p 00000000 00:00 0 
700001900000-700001904000 ---p 00000000 00:00 0 
700001904000-700001a00000 rw-p 00000000 00:00 0 
700001a00000-700001a04000 ---p 00000000 00:00 0 
700001a04000-700001b00000 rw-p 00000000 00:00 0 
700001b00000-700001b04000 ---p 00000000 00:00 0 
700001b04000-700001c00000 rw-p 00000000 00:00 0 
700001c00000-700001c04000 ---p 00000000 00:00 0 
700001c04000-700001d00000 rw-p 00000000 00:00 0 
700001d00000-700001d04000 ---p 00000000 00:00 0 
700001d04000-700001e00000 rw-p 00000000 00:00 0 
700001e00000-700001e04000 ---p 00000000 00:00 0 
700001e04000-700001f00000 rw-p 00000000 00:00 0 
700001f00000-700001f04000 ---p 00000000 00:00 0 
700001f04000-700002000000 rw-p 00000000 00:00 0 
700002000000-700002004000 ---p 00000000 00:00 0 
700002004000-700002100000 rw-p 00000000 00:00 0 
700002100000-700002104000 ---p 00000000 00:00 0 
700002104000-700002200000 rw-p 00000000 00:00 0 
700002200000-700002204000 ---p 00000000 00:00 0 
700002204000-700002300000 rw-p 00000000 00:00 0 
700002300000-700002304000 ---p 00000000 00:00 0 
700002304000-700002400000 rw-p 00000000 00:00 0 
700002400000-700002404000 ---p 00000000 00:00 0 
700002404000-700002500000 rw-p 00000000 00:00 0 
700002500000-700002504000 ---p 00000000 00:00 0 
700002504000-700002600000 rw-p 00000000 00:00 0 
700002600000-700002604000 ---p 00000000 00:00 0 
700002604000-700002700000 rw-p 00000000 00:00 0 
700002700000-700002704000 ---p 00000000 00:00 0 
700002704000-700002800000 rw-p 00000000 00:00 0 
700002800000-700002804000 ---p 00000000 00:00 0 
700002804000-700002900000 rw-p 00000000 00:00 0 
700002900000-700002904000 ---p 00000000 00:00 0 
700002904000-700002a00000 rw-p 00000000 00:00 0 
700002a00000-700002a04000 ---p 00000000 00:00 0 
700002a04000-700002b00000 rw-p 00000000 00:00 0 
700002b00000-700002b04000 ---p 00000000 00:00 0 
700002b04000-700002c00000 rw-p 00000000 00:00 0 
700002c00000-700002c04000 ---p 00000000 00:00 0 
700002c04000-700002d00000 rw-p 00000000 00:00 0 
700002d00000-700002d04000 ---p 00000000 00:00 0 
700002d04000-700002e00000 rw-p 00000000 00:00 0 
700002e00000-700002e04000 ---p 00000000 00:00 0 
700002e04000-700002f00000 rw-p 00000000 00:00 0 
700002f00000-700002f04000 ---p 00000000 00:00 0 
700002f04000-700003000000 rw-p 00000000 00:00 0 
700003000000-700003004000 ---p 00000000 00:00 0 
700003004000-700003100000 rw-p 00000000 00:00 0 
700003100000-700003104000 ---p 00000000 00:00 0 
700003104000-700003200000 rw-p 00000000 00:00 0 
700003200000-700003204000 ---p 00000000 00:00 0 
700003204000-700003300000 rw-p 00000000 00:00 0 
700003300000-700003304000 ---p 00000000 00:00 0 
700003304000-700003400000 rw-p 00000000 00:00 0 
700003400000-700003404000 ---p 00000000 00:00 0 
700003404000-700003500000 rw-p 00000000 00:00 0 
700003500000-700003504000 ---p 00000000 00:00 0 
700003504000-700003600000 rw-p 00000000 00:00 0 
700003600000-700003604000 ---p 00000000 00:00 0 
700003604000-700003700000 rw-p 00000000 00:00 0 
700003700000-700003704000 ---p 00000000 00:00 0 
700003704000-700003800000 rw-p 00000000 00:00 0 
700003800000-700003804000 ---p 00000000 00:00 0 
700003804000-700003900000 rw-p 00000000 00:00 0 
700003900000-700003904000 ---p 00000000 00:00 0 
700003904000-700003a00000 rw-p 00000000 00:00 0 
700003a00000-700003a04000 ---p 00000000 00:00 0 
700003a04000-700003b00000 rw-p 00000000 00:00 0 
700003b00000-700003b04000 ---p 00000000 00:00 0 
700003b04000-700003c00000 rw-p 00000000 00:00 0 
700003c00000-700003c04000 ---p 00000000 00:00 0 
700003c04000-700003d00000 rw-p 00000000 00:00 0 
700003d00000-700003d04000 ---p 00000000 00:00 0 
700003d04000-700003e00000 rw-p 00000000 00:00 0 
700003e00000-700003e04000 ---p 00000000 00:00 0 
700003e04000-700003f00000 rw-p 00000000 00:00 0 
700003f00000-700003f04000 ---p 00000000 00:00 0 
700003f04000-700004000000 rw-p 00000000 00:00 0 
700004000000-700004b10000 rw-p 00000000 00:00 0 
700004b10000-700008000000 ---p 00000000 00:00 0 
700008000000-700008efe000 rw-p 00000000 00:00 0 
700008efe000-70000c000000 ---p 00000000 00:00 0 
70000c000000-70000c03f000 rw-p 00000000 00:00 0 
70000c03f000-700010000000 ---p 00000000 00:00 0 
700010000000-700010baa000 rw-p 00000000 00:00 0 
700010baa000-700014000000 ---p 00000000 00:00 0 
700014000000-700014199000 rw-p 00000000 00:00 0 
700014199000-700018000000 ---p 00000000 00:00 0 
700018000000-70001804d000 rw-p 00000000 00:00 0 
70001804d000-70001c000000 ---p 00000000 00:00 0 
70001c000000-70001c0cd000 rw-p 00000000 00:00 0 
70001c0cd000-700020000000 ---p 00000000 00:00 0 
700020000000-700020e90000 rw-p 00000000 00:00 0 
700020e90000-700024000000 ---p 00000000 00:00 0 
700024000000-700024bce000 rw-p 00000000 00:00 0 
700024bce000-700028000000 ---p 00000000 00:00 0 
700028000000-70002b450000 rw-p 00000000 00:00 0 
70002b450000-70002c000000 ---p 00000000 00:00 0 
70002c000000-70002c395000 rw-p 00000000 00:00 0 
70002c395000-700030000000 ---p 00000000 00:00 0 
700030000000-700031509000 rw-p 00000000 00:00 0 
700031509000-700034000000 ---p 00000000 00:00 0 
700034000000-700034063000 rw-p 00000000 00:00 0 
700034063000-700038000000 ---p 00000000 00:00 0 
700038000000-70003804c000 rw-p 00000000 00:00 0 
70003804c000-70003c000000 ---p 00000000 00:00 0 
70003c000000-70003c055000 rw-p 00000000 00:00 0 
70003c055000-700040000000 ---p 00000000 00:00 0 
700040000000-70004004f000 rw-p 00000000 00:00 0 
70004004f000-700044000000 ---p 00000000 00:00 0 
700044000000-700044062000 rw-p 00000000 00:00 0 
700044062000-700048000000 ---p 00000000 00:00 0 
700048000000-700048066000 rw-p 00000000 00:00 0 
700048066000-70004c000000 ---p 00000000 00:00 0 
70004c000000-70004c055000 rw-p 00000000 00:00 0 
70004c055000-700050000000 ---p 00000000 00:00 0 
700050000000-70005005d000 rw-p 00000000 00:00 0 
70005005d000-700054000000 ---p 00000000 00:00 0 
700054000000-7000541bb000 rw-p 00000000 00:00 0 
7000541bb000-700058000000 ---p 00000000 00:00 0 
700058000000-700058066000 rw-p 00000000 00:00 0 
700058066000-70005c000000 ---p 00000000 00:00 0 
70005c000000-70005ce99000 rw-p 00000000 00:00 0 
70005ce99000-700060000000 ---p 00000000 00:00 0 
700060000000-700060b0d000 rw-p 00000000 00:00 0 
700060b0d000-700064000000 ---p 00000000 00:00 0 
700064000000-700064603000 rw-p 00000000 00:00 0 
700064603000-700068000000 ---p 00000000 00:00 0 
700068000000-7000689a4000 rw-p 00000000 00:00 0 
7000689a4000-70006c000000 ---p 00000000 00:00 0 
70006c000000-70006c02a000 rw-p 00000000 00:00 0 
70006c02a000-700070000000 ---p 00000000 00:00 0 
700070000000-700070023000 rw-p 00000000 00:00 0 
700070023000-700074000000 ---p 00000000 00:00 0 
700074000000-700074306000 rw-p 00000000 00:00 0 
700074306000-700078000000 ---p 00000000 00:00 0 
700078000000-70007803d000 rw-p 00000000 00:00 0 
70007803d000-70007c000000 ---p 00000000 00:00 0 
70007c000000-70007d6d2000 rw-p 00000000 00:00 0 
70007d6d2000-700080000000 ---p 00000000 00:00 0 
700080000000-70008127f000 rw-p 00000000 00:00 0 
70008127f000-700084000000 ---p 00000000 00:00 0 
700084000000-700084090000 rw-p 00000000 00:00 0 
700084090000-700088000000 ---p 00000000 00:00 0 
700088000000-700089351000 rw-p 00000000 00:00 0 
700089351000-70008c000000 ---p 00000000 00:00 0 
70008c000000-70008c12a000 rw-p 00000000 00:00 0 
70008c12a000-700090000000 ---p 00000000 00:00 0 
700090000000-70009124c000 rw-p 00000000 00:00 0 
70009124c000-700094000000 ---p 00000000 00:00 0 
700094000000-70009566a000 rw-p 00000000 00:00 0 
70009566a000-700098000000 ---p 00000000 00:00 0 
700098000000-700099567000 rw-p 00000000 00:00 0 
700099567000-70009c000000 ---p 00000000 00:00 0 
70009c000000-70009ea36000 rw-p 00000000 00:00 0 
70009ea36000-7000a0000000 ---p 00000000 00:00 0 
7000a0000000-7000a0b54000 rw-p 00000000 00:00 0 
7000a0b54000-7000a4000000 ---p 00000000 00:00 0 
7000a4000000-7000a423e000 rw-p 00000000 00:00 0 
7000a423e000-7000a8000000 ---p 00000000 00:00 0 
7000a8000000-7000a809f000 rw-p 00000000 00:00 0 
7000a809f000-7000ac000000 ---p 00000000 00:00 0 
7000ac000000-7000ac11e000 rw-p 00000000 00:00 0 
7000ac11e000-7000b0000000 ---p 00000000 00:00 0 
7000b0000000-7000b00ca000 rw-p 00000000 00:00 0 
7000b00ca000-7000b4000000 ---p 00000000 00:00 0 
7000b4000000-7000b413c000 rw-p 00000000 00:00 0 
7000b413c000-7000b8000000 ---p 00000000 00:00 0 
7000b8000000-7000b8114000 rw-p 00000000 00:00 0 
7000b8114000-7000bc000000 ---p 00000000 00:00 0 
7000bc000000-7000bc400000 rw-p 00000000 00:00 0 
7000bc400000-7000bc900000 rw-p 00000000 00:00 0 
7000bc900000-7000bca00000 rw-p 00000000 00:00 0 
7000bca00000-7000bcd80000 rw-p 00000000 00:00 0 
7000bcd80000-7000bce00000 rw-p 00000000 00:00 0 
7000bce00000-7000bd700000 rw-p 00000000 00:00 0 
7000bd700000-7000bd800000 rw-p 00000000 00:00 0 
7000bd800000-7000be100000 rw-p 00000000 00:00 0 
7000be100000-7000be200000 rw-p 00000000 00:00 0 
7000be200000-7000bef00000 rw-p 00000000 00:00 0 
7000bef00000-7000bf000000 rw-p 00000000 00:00 0 
7000bf000000-7000bf700000 rw-p 00000000 00:00 0 
7000bf700000-7000bf800000 rw-p 00000000 00:00 0 
7000bf800000-7000bf980000 rw-p 00000000 00:00 0 
7000bf980000-7000bfb00000 rw-p 00000000 00:00 0 
7000bfb00000-7000c0000000 rw-p 00000000 00:00 0 
7000c0000000-7000c0112000 rw-p 00000000 00:00 0 
7000c0112000-7000c4000000 ---p 00000000 00:00 0 
7000c4010000-7000c40bd000 r-xp 00000000 00:33 2973758                    /home/kigawa/.sdkman/candidates/java/21.0.10-tem/lib/libawt.so
7000c40bd000-7000c40be000 ---p 000ad000 00:33 2973758                    /home/kigawa/.sdkman/candidates/java/21.0.10-tem/lib/libawt.so
7000c40be000-7000c40bf000 r--p 000ad000 00:33 2973758                    /home/kigawa/.sdkman/candidates/java/21.0.10-tem/lib/libawt.so
7000c40bf000-7000c40ca000 rw-p 000ae000 00:33 2973758                    /home/kigawa/.sdkman/candidates/java/21.0.10-tem/lib/libawt.so
7000c40ca000-7000c40ef000 rw-p 00000000 00:00 0 
7000c40ef000-7000c40f0000 ---p 00000000 00:00 0 
7000c40f0000-7000c41f0000 rw-p 00000000 00:00 0 
7000c41f0000-7000c41f1000 ---p 00000000 00:00 0 
7000c41f1000-7000c42f1000 rw-p 00000000 00:00 0 
7000c42f1000-7000c42f2000 ---p 00000000 00:00 0 
7000c42f2000-7000c43f2000 rw-p 00000000 00:00 0 
7000c43f2000-7000c43f6000 ---p 00000000 00:00 0 
7000c43f6000-7000c44f2000 rw-p 00000000 00:00 0 
7000c44f2000-7000c44f6000 ---p 00000000 00:00 0 
7000c44f6000-7000c45f2000 rw-p 00000000 00:00 0 
7000c45f2000-7000c45f6000 ---p 00000000 00:00 0 
7000c45f6000-7000c46f2000 rw-p 00000000 00:00 0 
7000c46f2000-7000c46f6000 ---p 00000000 00:00 0 
7000c46f6000-7000c47f2000 rw-p 00000000 00:00 0 
7000c47f2000-7000c47f6000 ---p 00000000 00:00 0 
7000c47f6000-7000c48f2000 rw-p 00000000 00:00 0 
7000c48f2000-7000c48f6000 ---p 00000000 00:00 0 
7000c48f6000-7000c49f2000 rw-p 00000000 00:00 0 
7000c49f2000-7000c49f6000 ---p 00000000 00:00 0 
7000c49f6000-7000c4af2000 rw-p 00000000 00:00 0 
7000c4af2000-7000c4af6000 ---p 00000000 00:00 0 
7000c4af6000-7000c4bf2000 rw-p 00000000 00:00 0 
7000c4bf2000-7000c4bf6000 ---p 00000000 00:00 0 
7000c4bf6000-7000c4cf2000 rw-p 00000000 00:00 0 
7000c4cf2000-7000c4cf6000 ---p 00000000 00:00 0 
7000c4cf6000-7000c4df2000 rw-p 00000000 00:00 0 
7000c4df2000-7000c4df6000 ---p 00000000 00:00 0 
7000c4df6000-7000c4ef2000 rw-p 00000000 00:00 0 
7000c4ef2000-7000c4ef6000 ---p 00000000 00:00 0 
7000c4ef6000-7000c4ff2000 rw-p 00000000 00:00 0 
7000c4ff2000-7000c4ff6000 ---p 00000000 00:00 0 
7000c4ff6000-7000c50f2000 rw-p 00000000 00:00 0 
7000c50f2000-7000c50f3000 ---p 00000000 00:00 0 
7000c50f3000-7000c51f3000 rw-p 00000000 00:00 0 
7000c51f3000-7000c51f4000 ---p 00000000 00:00 0 
7000c51f4000-7000c52f4000 rw-p 00000000 00:00 0 
7000c52f4000-7000c52f5000 ---p 00000000 00:00 0 
7000c52f5000-7000c53f5000 rw-p 00000000 00:00 0 
7000c53f5000-7000c53f6000 ---p 00000000 00:00 0 
7000c53f6000-7000c54f6000 rw-p 00000000 00:00 0 
7000c54f6000-7000c54f7000 ---p 00000000 00:00 0 
7000c54f7000-7000c55f7000 rw-p 00000000 00:00 0 
7000c55f7000-7000c55f8000 ---p 00000000 00:00 0 
7000c55f8000-7000c56f8000 rw-p 00000000 00:00 0 
7000c56f8000-7000c56f9000 ---p 00000000 00:00 0 
7000c56f9000-7000c57f9000 rw-p 00000000 00:00 0 
7000c57f9000-7000c57fa000 ---p 00000000 00:00 0 
7000c57fa000-7000c58fa000 rw-p 00000000 00:00 0 
7000c58fa000-7000c58fb000 ---p 00000000 00:00 0 
7000c58fb000-7000c59fb000 rw-p 00000000 00:00 0 
7000c59fb000-7000c59fc000 ---p 00000000 00:00 0 
7000c59fc000-7000c5afc000 rw-p 00000000 00:00 0 
7000c5afc000-7000c5afd000 ---p 00000000 00:00 0 
7000c5afd000-7000c5bfd000 rw-p 00000000 00:00 0 
7000c5bfd000-7000c5bfe000 ---p 00000000 00:00 0 
7000c5bfe000-7000c5cfe000 rw-p 00000000 00:00 0 
7000c5cfe000-7000c5cff000 ---p 00000000 00:00 0 
7000c5cff000-7000c5dff000 rw-p 00000000 00:00 0 
7000c5dff000-7000c5e00000 ---p 00000000 00:00 0 
7000c5e00000-7000c5f00000 rw-p 00000000 00:00 0 
7000c5f00000-7000c5f04000 ---p 00000000 00:00 0 
7000c5f04000-7000c6000000 rw-p 00000000 00:00 0 
7000c6000000-7000c6005000 r-xp 00000000 00:33 335774                     /home/kigawa/.gradle/native/660c5614fbf4a5f2a75b1949f50a0caf5cd603558e7d8a26e50b933a0cfb79d1/linux-amd64/libnative-platform.so
7000c6005000-7000c6205000 ---p 00005000 00:33 335774                     /home/kigawa/.gradle/native/660c5614fbf4a5f2a75b1949f50a0caf5cd603558e7d8a26e50b933a0cfb79d1/linux-amd64/libnative-platform.so
7000c6205000-7000c6206000 r--p 00005000 00:33 335774                     /home/kigawa/.gradle/native/660c5614fbf4a5f2a75b1949f50a0caf5cd603558e7d8a26e50b933a0cfb79d1/linux-amd64/libnative-platform.so
7000c6206000-7000c6207000 rw-p 00006000 00:33 335774                     /home/kigawa/.gradle/native/660c5614fbf4a5f2a75b1949f50a0caf5cd603558e7d8a26e50b933a0cfb79d1/linux-amd64/libnative-platform.so
7000c62a0000-7000c62dc000 r--p 00000000 00:33 335814                     /home/kigawa/.gradle/native/0.2.8/x86_64-linux-gnu/libgradle-fileevents.so
7000c62dc000-7000c6324000 r-xp 0003b000 00:33 335814                     /home/kigawa/.gradle/native/0.2.8/x86_64-linux-gnu/libgradle-fileevents.so
7000c6324000-7000c632d000 r--p 00082000 00:33 335814                     /home/kigawa/.gradle/native/0.2.8/x86_64-linux-gnu/libgradle-fileevents.so
7000c632d000-7000c632e000 rw-p 0008a000 00:33 335814                     /home/kigawa/.gradle/native/0.2.8/x86_64-linux-gnu/libgradle-fileevents.so
7000c632e000-7000c6330000 rw-p 00000000 00:00 0 
7000c6330000-7000c6334000 ---p 00000000 00:00 0 
7000c6334000-7000c6430000 rw-p 00000000 00:00 0 
7000c6430000-7000c6434000 ---p 00000000 00:00 0 
7000c6434000-7000c6530000 rw-p 00000000 00:00 0 
7000c6530000-7000c6534000 ---p 00000000 00:00 0 
7000c6534000-7000c6630000 rw-p 00000000 00:00 0 
7000c6630000-7000c6634000 ---p 00000000 00:00 0 
7000c6634000-7000c6730000 rw-p 00000000 00:00 0 
7000c6730000-7000c6734000 ---p 00000000 00:00 0 
7000c6734000-7000c6830000 rw-p 00000000 00:00 0 
7000c6830000-7000c6834000 ---p 00000000 00:00 0 
7000c6834000-7000c6930000 rw-p 00000000 00:00 0 
7000c6930000-7000c6934000 ---p 00000000 00:00 0 
7000c6934000-7000c6a30000 rw-p 00000000 00:00 0 
7000c6a30000-7000c6a34000 ---p 00000000 00:00 0 
7000c6a34000-7000c6b30000 rw-p 00000000 00:00 0 
7000c6b30000-7000c6bfe000 r-xp 00000000 00:33 2973706                    /home/kigawa/.sdkman/candidates/java/21.0.10-tem/lib/libjsvml.so
7000c6bfe000-7000c6bff000 r--p 000cd000 00:33 2973706                    /home/kigawa/.sdkman/candidates/java/21.0.10-tem/lib/libjsvml.so
7000c6bff000-7000c6c00000 rw-p 000ce000 00:33 2973706                    /home/kigawa/.sdkman/candidates/java/21.0.10-tem/lib/libjsvml.so
7000c6c00000-7000c6c04000 ---p 00000000 00:00 0 
7000c6c04000-7000c6d00000 rw-p 00000000 00:00 0 
7000c6d00000-7000c6d04000 ---p 00000000 00:00 0 
7000c6d04000-7000c6e00000 rw-p 00000000 00:00 0 
7000c6e00000-7000c6e04000 ---p 00000000 00:00 0 
7000c6e04000-7000c6f00000 rw-p 00000000 00:00 0 
7000c6f00000-7000c6f04000 ---p 00000000 00:00 0 
7000c6f04000-7000c7000000 rw-p 00000000 00:00 0 
7000c7000000-7000c7c9b000 rw-p 00001000 00:33 2973800                    /home/kigawa/.sdkman/candidates/java/21.0.10-tem/lib/server/classes.jsa
7000c7c9b000-7000c8000000 ---p 00000000 00:00 0 
7000c8000000-7000c8040000 rw-p 00000000 00:00 0 
7000c8040000-7000c8080000 rw-p 00000000 00:00 0 
7000c8080000-7000c8140000 rw-p 00000000 00:00 0 
7000c8140000-7000c8180000 rw-p 00000000 00:00 0 
7000c8180000-7000c8560000 rw-p 00000000 00:00 0 
7000c8560000-7000c8580000 rw-p 00000000 00:00 0 
7000c8580000-7000c8840000 rw-p 00000000 00:00 0 
7000c8840000-7000c8880000 rw-p 00000000 00:00 0 
7000c8880000-7000c8a80000 rw-p 00000000 00:00 0 
7000c8a80000-7000c8dc0000 rw-p 00000000 00:00 0 
7000c8dc0000-7000c8e00000 rw-p 00000000 00:00 0 
7000c8e00000-7000c99c0000 rw-p 00000000 00:00 0 
7000c99c0000-7000c9a00000 rw-p 00000000 00:00 0 
7000c9a00000-7000cae40000 rw-p 00000000 00:00 0 
7000cae40000-7000cae80000 rw-p 00000000 00:00 0 
7000cae80000-7000cb2e0000 rw-p 00000000 00:00 0 
7000cb2e0000-700108000000 ---p 00000000 00:00 0 
700108000000-7001080ab000 rw-p 00000000 00:00 0 
7001080ab000-70010c000000 ---p 00000000 00:00 0 
70010c000000-70010c109000 rw-p 00000000 00:00 0 
70010c109000-700110000000 ---p 00000000 00:00 0 
700110000000-700110126000 rw-p 00000000 00:00 0 
700110126000-700114000000 ---p 00000000 00:00 0 
700114000000-700114256000 rw-p 00000000 00:00 0 
700114256000-700118000000 ---p 00000000 00:00 0 
700118000000-7001184f6000 rw-p 00000000 00:00 0 
7001184f6000-70011c000000 ---p 00000000 00:00 0 
70011c040000-70011c044000 ---p 00000000 00:00 0 
70011c044000-70011c062000 rw-p 00000000 00:00 0 
70011c084000-70011c088000 ---p 00000000 00:00 0 
70011c088000-70011c184000 rw-p 00000000 00:00 0 
70011c184000-70011c800000 r--p 00000000 00:1c 328948                     /usr/lib/locale/locale-archive
70011c800000-70011f58c000 rw-p 00000000 00:00 0 
70011f58c000-70011f5ac000 ---p 00000000 00:00 0 
70011f5ac000-70011f5b0000 rw-p 00000000 00:00 0 
70011f5b0000-700120728000 ---p 00000000 00:00 0 
700120728000-700120800000 rw-p 00000000 00:00 0 
700120800000-700124610000 rwxp 00000000 00:00 0 
700124610000-700127c5f000 ---p 00000000 00:00 0 
700127c5f000-7001280ef000 rwxp 00000000 00:00 0 
7001280ef000-7001283a0000 ---p 00000000 00:00 0 
7001283a0000-700129df0000 rwxp 00000000 00:00 0 
700129df0000-70012f800000 ---p 00000000 00:00 0 
70012f813000-70012f814000 r--p 00000000 00:1c 16206                      /usr/lib/x86_64-linux-gnu/libnss_mdns4_minimal.so.2
70012f814000-70012f816000 r-xp 00001000 00:1c 16206                      /usr/lib/x86_64-linux-gnu/libnss_mdns4_minimal.so.2
70012f816000-70012f817000 r--p 00003000 00:1c 16206                      /usr/lib/x86_64-linux-gnu/libnss_mdns4_minimal.so.2
70012f817000-70012f818000 r--p 00003000 00:1c 16206                      /usr/lib/x86_64-linux-gnu/libnss_mdns4_minimal.so.2
70012f818000-70012f819000 rw-p 00004000 00:1c 16206                      /usr/lib/x86_64-linux-gnu/libnss_mdns4_minimal.so.2
70012f819000-70012f81a000 r-xp 00000000 00:33 2973810                    /home/kigawa/.sdkman/candidates/java/21.0.10-tem/lib/librmi.so
70012f81a000-70012f81b000 r--p 00000000 00:33 2973810                    /home/kigawa/.sdkman/candidates/java/21.0.10-tem/lib/librmi.so
70012f81b000-70012f81c000 rw-p 00001000 00:33 2973810                    /home/kigawa/.sdkman/candidates/java/21.0.10-tem/lib/librmi.so
70012f81c000-70012f823000 r-xp 00000000 00:33 2973698                    /home/kigawa/.sdkman/candidates/java/21.0.10-tem/lib/libawt_headless.so
70012f823000-70012f824000 r--p 00006000 00:33 2973698                    /home/kigawa/.sdkman/candidates/java/21.0.10-tem/lib/libawt_headless.so
70012f824000-70012f825000 rw-p 00007000 00:33 2973698                    /home/kigawa/.sdkman/candidates/java/21.0.10-tem/lib/libawt_headless.so
70012f825000-70012f846000 r--p 00000000 00:1c 270032                     /usr/share/locale-langpack/ja/LC_MESSAGES/libc.mo
70012f846000-70012f84d000 r--s 00000000 00:1c 285584                     /usr/lib/x86_64-linux-gnu/gconv/gconv-modules.cache
70012f84d000-70012f85a000 r-xp 00000000 00:33 2973716                    /home/kigawa/.sdkman/candidates/java/21.0.10-tem/lib/libverify.so
70012f85a000-70012f85c000 r--p 0000c000 00:33 2973716                    /home/kigawa/.sdkman/candidates/java/21.0.10-tem/lib/libverify.so
70012f85c000-70012f85d000 rw-p 0000e000 00:33 2973716                    /home/kigawa/.sdkman/candidates/java/21.0.10-tem/lib/libverify.so
70012f85d000-70012f869000 r-xp 00000000 00:33 2973700                    /home/kigawa/.sdkman/candidates/java/21.0.10-tem/lib/libnet.so
70012f869000-70012f86a000 r--p 0000b000 00:33 2973700                    /home/kigawa/.sdkman/candidates/java/21.0.10-tem/lib/libnet.so
70012f86a000-70012f86b000 rw-p 0000c000 00:33 2973700                    /home/kigawa/.sdkman/candidates/java/21.0.10-tem/lib/libnet.so
70012f86b000-700138000000 r--s 00000000 00:33 2973664                    /home/kigawa/.sdkman/candidates/java/21.0.10-tem/lib/modules
700138000000-700139b05000 rw-p 00000000 00:00 0 
700139b05000-70013c000000 ---p 00000000 00:00 0 
70013c001000-70013c007000 r-xp 00000000 00:33 2973738                    /home/kigawa/.sdkman/candidates/java/21.0.10-tem/lib/libmanagement_ext.so
70013c007000-70013c008000 r--p 00005000 00:33 2973738                    /home/kigawa/.sdkman/candidates/java/21.0.10-tem/lib/libmanagement_ext.so
70013c008000-70013c009000 rw-p 00006000 00:33 2973738                    /home/kigawa/.sdkman/candidates/java/21.0.10-tem/lib/libmanagement_ext.so
70013c009000-70013c00d000 ---p 00000000 00:00 0 
70013c00d000-70013c109000 rw-p 00000000 00:00 0 
70013c109000-70013c10d000 ---p 00000000 00:00 0 
70013c10d000-70013c209000 rw-p 00000000 00:00 0 
70013c209000-70013c20a000 ---p 00000000 00:00 0 
70013c20a000-70013c30a000 rw-p 00000000 00:00 0 
70013c30a000-70013c30b000 ---p 00000000 00:00 0 
70013c30b000-70013c40b000 rw-p 00000000 00:00 0 
70013c40b000-70013c4e7000 rw-p 00000000 00:00 0 
70013c4e7000-70013c4e8000 ---p 00000000 00:00 0 
70013c4e8000-70013c5e8000 rw-p 00000000 00:00 0 
70013c5e8000-70013c5e9000 ---p 00000000 00:00 0 
70013c5e9000-70013c6e9000 rw-p 00000000 00:00 0 
70013c6e9000-70013d5f8000 rw-p 00000000 00:00 0 
70013d5f8000-70013d5f9000 ---p 00000000 00:00 0 
70013d5f9000-70013d6f9000 rw-p 00000000 00:00 0 
70013d6f9000-70013d6fa000 ---p 00000000 00:00 0 
70013d6fa000-70013d7fa000 rw-p 00000000 00:00 0 
70013d7fa000-70013d7fb000 ---p 00000000 00:00 0 
70013d7fb000-70013d8fb000 rw-p 00000000 00:00 0 
70013d8fb000-70013dbb2000 rw-p 00000000 00:00 0 
70013dbb2000-70013dbb5000 ---p 00000000 00:00 0 
70013dbb5000-70013dbb6000 rw-p 00000000 00:00 0 
70013dbb6000-70013dde5000 ---p 00000000 00:00 0 
70013dde5000-70013dfb2000 rw-p 00000000 00:00 0 
70013dfb2000-70013dfb5000 ---p 00000000 00:00 0 
70013dfb5000-70013dfb6000 rw-p 00000000 00:00 0 
70013dfb6000-70013e1e5000 ---p 00000000 00:00 0 
70013e1e5000-70013e200000 rw-p 00000000 00:00 0 
70013e200000-70013e202000 r-xp 00000000 00:33 2973708                    /home/kigawa/.sdkman/candidates/java/21.0.10-tem/lib/libextnet.so
70013e202000-70013e203000 r--p 00001000 00:33 2973708                    /home/kigawa/.sdkman/candidates/java/21.0.10-tem/lib/libextnet.so
70013e203000-70013e204000 rw-p 00002000 00:33 2973708                    /home/kigawa/.sdkman/candidates/java/21.0.10-tem/lib/libextnet.so
70013e204000-70013e208000 r-xp 00000000 00:33 2973736                    /home/kigawa/.sdkman/candidates/java/21.0.10-tem/lib/libmanagement.so
70013e208000-70013e209000 r--p 00003000 00:33 2973736                    /home/kigawa/.sdkman/candidates/java/21.0.10-tem/lib/libmanagement.so
70013e209000-70013e20a000 rw-p 00004000 00:33 2973736                    /home/kigawa/.sdkman/candidates/java/21.0.10-tem/lib/libmanagement.so
70013e20a000-70013e21e000 r-xp 00000000 00:33 2973710                    /home/kigawa/.sdkman/candidates/java/21.0.10-tem/lib/libnio.so
70013e21e000-70013e21f000 r--p 00013000 00:33 2973710                    /home/kigawa/.sdkman/candidates/java/21.0.10-tem/lib/libnio.so
70013e21f000-70013e220000 rw-p 00014000 00:33 2973710                    /home/kigawa/.sdkman/candidates/java/21.0.10-tem/lib/libnio.so
70013e220000-70013e23b000 r-xp 00000000 00:33 2973760                    /home/kigawa/.sdkman/candidates/java/21.0.10-tem/lib/libzip.so
70013e23b000-70013e23c000 r--p 0001a000 00:33 2973760                    /home/kigawa/.sdkman/candidates/java/21.0.10-tem/lib/libzip.so
70013e23c000-70013e23d000 rw-p 0001b000 00:33 2973760                    /home/kigawa/.sdkman/candidates/java/21.0.10-tem/lib/libzip.so
70013e27e000-70013f1c2000 rw-p 00000000 00:00 0 
70013f1c2000-70013f276000 ---p 00000000 00:00 0 
70013f276000-70013f2f3000 rw-p 00000000 00:00 0 
70013f2f3000-70013f35f000 ---p 00000000 00:00 0 
70013f35f000-70013f369000 rw-p 00000000 00:00 0 
70013f369000-70013f36e000 ---p 00000000 00:00 0 
70013f36e000-70013f38f000 r-xp 00000000 00:33 2973794                    /home/kigawa/.sdkman/candidates/java/21.0.10-tem/lib/libjava.so
70013f38f000-70013f390000 r--p 00020000 00:33 2973794                    /home/kigawa/.sdkman/candidates/java/21.0.10-tem/lib/libjava.so
70013f390000-70013f391000 rw-p 00021000 00:33 2973794                    /home/kigawa/.sdkman/candidates/java/21.0.10-tem/lib/libjava.so
70013f391000-70013f392000 rw-p 00000000 00:00 0 
70013f392000-70013f3ad000 r-xp 00000000 00:33 2973774                    /home/kigawa/.sdkman/candidates/java/21.0.10-tem/lib/libjimage.so
70013f3ad000-70013f3ae000 ---p 0001b000 00:33 2973774                    /home/kigawa/.sdkman/candidates/java/21.0.10-tem/lib/libjimage.so
70013f3ae000-70013f3b0000 r--p 0001b000 00:33 2973774                    /home/kigawa/.sdkman/candidates/java/21.0.10-tem/lib/libjimage.so
70013f3b0000-70013f3b1000 rw-p 0001d000 00:33 2973774                    /home/kigawa/.sdkman/candidates/java/21.0.10-tem/lib/libjimage.so
70013f3b1000-70013f3b5000 ---p 00000000 00:00 0 
70013f3b5000-70013f4b1000 rw-p 00000000 00:00 0 
70013f4b1000-70013f4c1000 r--p 00000000 00:1c 283182                     /usr/lib/x86_64-linux-gnu/libm.so.6
70013f4c1000-70013f540000 r-xp 00010000 00:1c 283182                     /usr/lib/x86_64-linux-gnu/libm.so.6
70013f540000-70013f598000 r--p 0008f000 00:1c 283182                     /usr/lib/x86_64-linux-gnu/libm.so.6
70013f598000-70013f599000 r--p 000e7000 00:1c 283182                     /usr/lib/x86_64-linux-gnu/libm.so.6
70013f599000-70013f59a000 rw-p 000e8000 00:1c 283182                     /usr/lib/x86_64-linux-gnu/libm.so.6
70013f59a000-70013f59b000 r--p 00000000 00:1c 285590                     /usr/lib/x86_64-linux-gnu/librt.so.1
70013f59b000-70013f59c000 r-xp 00001000 00:1c 285590                     /usr/lib/x86_64-linux-gnu/librt.so.1
70013f59c000-70013f59d000 r--p 00002000 00:1c 285590                     /usr/lib/x86_64-linux-gnu/librt.so.1
70013f59d000-70013f59e000 r--p 00002000 00:1c 285590                     /usr/lib/x86_64-linux-gnu/librt.so.1
70013f59e000-70013f59f000 rw-p 00003000 00:1c 285590                     /usr/lib/x86_64-linux-gnu/librt.so.1
70013f59f000-7001409bc000 r-xp 00000000 00:33 2973806                    /home/kigawa/.sdkman/candidates/java/21.0.10-tem/lib/server/libjvm.so
7001409bc000-700140a91000 r--p 0141c000 00:33 2973806                    /home/kigawa/.sdkman/candidates/java/21.0.10-tem/lib/server/libjvm.so
700140a91000-700140ac1000 rw-p 014f1000 00:33 2973806                    /home/kigawa/.sdkman/candidates/java/21.0.10-tem/lib/server/libjvm.so
700140ac1000-700140b29000 rw-p 00000000 00:00 0 
700140b29000-700140b51000 r--p 00000000 00:1c 283180                     /usr/lib/x86_64-linux-gnu/libc.so.6
700140b51000-700140cd9000 r-xp 00028000 00:1c 283180                     /usr/lib/x86_64-linux-gnu/libc.so.6
700140cd9000-700140d28000 r--p 001b0000 00:1c 283180                     /usr/lib/x86_64-linux-gnu/libc.so.6
700140d28000-700140d2c000 r--p 001fe000 00:1c 283180                     /usr/lib/x86_64-linux-gnu/libc.so.6
700140d2c000-700140d2e000 rw-p 00202000 00:1c 283180                     /usr/lib/x86_64-linux-gnu/libc.so.6
700140d2e000-700140d3b000 rw-p 00000000 00:00 0 
700140d3b000-700140d3c000 r--p 00000000 00:1c 273894                     /usr/lib/x86_64-linux-gnu/libdl.so.2
700140d3c000-700140d3d000 r-xp 00001000 00:1c 273894                     /usr/lib/x86_64-linux-gnu/libdl.so.2
700140d3d000-700140d3e000 r--p 00002000 00:1c 273894                     /usr/lib/x86_64-linux-gnu/libdl.so.2
700140d3e000-700140d3f000 r--p 00002000 00:1c 273894                     /usr/lib/x86_64-linux-gnu/libdl.so.2
700140d3f000-700140d40000 rw-p 00003000 00:1c 273894                     /usr/lib/x86_64-linux-gnu/libdl.so.2
700140d40000-700140d41000 r--p 00000000 00:1c 279400                     /usr/lib/x86_64-linux-gnu/libpthread.so.0
700140d41000-700140d42000 r-xp 00001000 00:1c 279400                     /usr/lib/x86_64-linux-gnu/libpthread.so.0
700140d42000-700140d43000 r--p 00002000 00:1c 279400                     /usr/lib/x86_64-linux-gnu/libpthread.so.0
700140d43000-700140d44000 r--p 00002000 00:1c 279400                     /usr/lib/x86_64-linux-gnu/libpthread.so.0
700140d44000-700140d45000 rw-p 00003000 00:1c 279400                     /usr/lib/x86_64-linux-gnu/libpthread.so.0
700140d47000-700140d4f000 rw-s 00000000 00:1c 899410                     /tmp/hsperfdata_kigawa/1074231
700140d4f000-700140d59000 r-xp 00000000 00:33 2973730                    /home/kigawa/.sdkman/candidates/java/21.0.10-tem/lib/libinstrument.so
700140d59000-700140d5a000 ---p 0000a000 00:33 2973730                    /home/kigawa/.sdkman/candidates/java/21.0.10-tem/lib/libinstrument.so
700140d5a000-700140d5b000 r--p 0000a000 00:33 2973730                    /home/kigawa/.sdkman/candidates/java/21.0.10-tem/lib/libinstrument.so
700140d5b000-700140d5c000 rw-p 0000b000 00:33 2973730                    /home/kigawa/.sdkman/candidates/java/21.0.10-tem/lib/libinstrument.so
700140d5c000-700140d5d000 ---p 00000000 00:00 0 
700140d5d000-700140d5e000 r--p 00000000 00:00 0 
700140d5e000-700140d5f000 ---p 00000000 00:00 0 
700140d5f000-700140d78000 r-xp 00000000 00:33 2973788                    /home/kigawa/.sdkman/candidates/java/21.0.10-tem/lib/libjli.so
700140d78000-700140d79000 r--p 00018000 00:33 2973788                    /home/kigawa/.sdkman/candidates/java/21.0.10-tem/lib/libjli.so
700140d79000-700140d7a000 rw-p 00019000 00:33 2973788                    /home/kigawa/.sdkman/candidates/java/21.0.10-tem/lib/libjli.so
700140d7a000-700140d7c000 rw-p 00000000 00:00 0 
700140d7c000-700140d80000 r--p 00000000 00:00 0                          [vvar]
700140d80000-700140d82000 r--p 00000000 00:00 0                          [vvar_vclock]
700140d82000-700140d84000 r-xp 00000000 00:00 0                          [vdso]
700140d84000-700140d85000 r--p 00000000 00:1c 283174                     /usr/lib/x86_64-linux-gnu/ld-linux-x86-64.so.2
700140d85000-700140db0000 r-xp 00001000 00:1c 283174                     /usr/lib/x86_64-linux-gnu/ld-linux-x86-64.so.2
700140db0000-700140dba000 r--p 0002c000 00:1c 283174                     /usr/lib/x86_64-linux-gnu/ld-linux-x86-64.so.2
700140dba000-700140dbc000 r--p 00036000 00:1c 283174                     /usr/lib/x86_64-linux-gnu/ld-linux-x86-64.so.2
700140dbc000-700140dbe000 rw-p 00038000 00:1c 283174                     /usr/lib/x86_64-linux-gnu/ld-linux-x86-64.so.2
7ffdb6004000-7ffdb6026000 rw-p 00000000 00:00 0                          [stack]
ffffffffff600000-ffffffffff601000 --xp 00000000 00:00 0                  [vsyscall]
Total number of mappings: 1185

JVMTI agents:
/home/kigawa/.gradle/wrapper/dists/gradle-9.2.1-bin/2t0n5ozlw9xmuyvbp7dnzaxug/gradle-9.2.1/lib/agents/gradle-instrumentation-agent-9.2.1.jar path:none, loaded, initialized, instrumentlib options:none


VM Arguments:
jvm_args: --add-opens=java.base/java.lang=ALL-UNNAMED --add-opens=java.base/java.lang.invoke=ALL-UNNAMED --add-opens=java.base/java.util=ALL-UNNAMED --add-opens=java.prefs/java.util.prefs=ALL-UNNAMED --add-exports=jdk.compiler/com.sun.tools.javac.api=ALL-UNNAMED --add-exports=jdk.compiler/com.sun.tools.javac.util=ALL-UNNAMED --add-opens=java.base/java.util=ALL-UNNAMED --add-opens=java.prefs/java.util.prefs=ALL-UNNAMED --add-opens=java.base/java.nio.charset=ALL-UNNAMED --add-opens=java.base/java.net=ALL-UNNAMED --add-opens=java.base/java.util.concurrent=ALL-UNNAMED --add-opens=java.base/java.util.concurrent.atomic=ALL-UNNAMED --add-opens=java.xml/javax.xml.namespace=ALL-UNNAMED --add-opens=java.base/java.time=ALL-UNNAMED -Xmx2048m -Dfile.encoding=UTF-8 -Duser.country=JP -Duser.language=ja -Duser.variant -javaagent:/home/kigawa/.gradle/wrapper/dists/gradle-9.2.1-bin/2t0n5ozlw9xmuyvbp7dnzaxug/gradle-9.2.1/lib/agents/gradle-instrumentation-agent-9.2.1.jar 
java_command: org.gradle.launcher.daemon.bootstrap.GradleDaemon 9.2.1
java_class_path (initial): /home/kigawa/.gradle/wrapper/dists/gradle-9.2.1-bin/2t0n5ozlw9xmuyvbp7dnzaxug/gradle-9.2.1/lib/gradle-daemon-main-9.2.1.jar
Launcher Type: SUN_STANDARD

[Global flags]
     intx CICompilerCount                          = 12                                        {product} {ergonomic}
     uint ConcGCThreads                            = 4                                         {product} {ergonomic}
     uint G1ConcRefinementThreads                  = 15                                        {product} {ergonomic}
   size_t G1HeapRegionSize                         = 1048576                                   {product} {ergonomic}
    uintx GCDrainStackTargetSize                   = 64                                        {product} {ergonomic}
   size_t InitialHeapSize                          = 918552576                                 {product} {ergonomic}
   size_t MarkStackSize                            = 4194304                                   {product} {ergonomic}
   size_t MaxHeapSize                              = 2147483648                                {product} {command line}
   size_t MaxNewSize                               = 1287651328                                {product} {ergonomic}
   size_t MinHeapDeltaBytes                        = 1048576                                   {product} {ergonomic}
   size_t MinHeapSize                              = 8388608                                   {product} {ergonomic}
    uintx NonNMethodCodeHeapSize                   = 7602480                                {pd product} {ergonomic}
    uintx NonProfiledCodeHeapSize                  = 122027880                              {pd product} {ergonomic}
    uintx ProfiledCodeHeapSize                     = 122027880                              {pd product} {ergonomic}
    uintx ReservedCodeCacheSize                    = 251658240                              {pd product} {ergonomic}
     bool SegmentedCodeCache                       = true                                      {product} {ergonomic}
   size_t SoftMaxHeapSize                          = 2147483648                             {manageable} {ergonomic}
     bool UseCompressedOops                        = true                           {product lp64_product} {ergonomic}
     bool UseG1GC                                  = true                                      {product} {ergonomic}

Logging:
Log output configuration:
 #0: stdout all=warning uptime,level,tags foldmultilines=false
 #1: stderr all=off uptime,level,tags foldmultilines=false

Release file:
IMPLEMENTOR="Eclipse Adoptium"
IMPLEMENTOR_VERSION="Temurin-21.0.10+7"
JAVA_RUNTIME_VERSION="21.0.10+7-LTS"
JAVA_VERSION="21.0.10"
JAVA_VERSION_DATE="2026-01-20"
LIBC="gnu"
MODULES="java.base java.compiler java.datatransfer java.xml java.prefs java.desktop java.instrument java.logging java.management java.security.sasl java.naming java.rmi java.management.rmi java.net.http java.scripting java.security.jgss java.transaction.xa java.sql java.sql.rowset java.xml.crypto java.se java.smartcardio jdk.accessibility jdk.internal.jvmstat jdk.attach jdk.charsets jdk.internal.opt jdk.zipfs jdk.compiler jdk.crypto.ec jdk.crypto.cryptoki jdk.dynalink jdk.internal.ed jdk.editpad jdk.hotspot.agent jdk.httpserver jdk.incubator.vector jdk.internal.le jdk.internal.vm.ci jdk.internal.vm.compiler jdk.internal.vm.compiler.management jdk.jartool jdk.javadoc jdk.jcmd jdk.management jdk.management.agent jdk.jconsole jdk.jdeps jdk.jdwp.agent jdk.jdi jdk.jfr jdk.jlink jdk.jpackage jdk.jshell jdk.jsobject jdk.jstatd jdk.localedata jdk.management.jfr jdk.naming.dns jdk.naming.rmi jdk.net jdk.nio.mapmode jdk.random jdk.sctp jdk.security.auth jdk.security.jgss jdk.unsupported jdk.unsupported.desktop jdk.xml.dom"
OS_ARCH="x86_64"
OS_NAME="Linux"
SOURCE=".:git:a633eafe0fcc"
BUILD_SOURCE="git:458965074606f027bd5afce2cfd5c1055dea0438"
BUILD_SOURCE_REPO="https://github.com/adoptium/temurin-build.git"
SOURCE_REPO="https://github.com/adoptium/jdk21u.git"
FULL_VERSION="21.0.10+7-LTS"
SEMANTIC_VERSION="21.0.10+7"
BUILD_INFO="OS: Linux Version: 6.8.0-1044-azure"
JVM_VARIANT="Hotspot"
JVM_VERSION="21.0.10+7-LTS"
IMAGE_TYPE="JDK"

Environment Variables:
JAVA_HOME=/home/kigawa/.sdkman/candidates/java/current
PATH=/home/kigawa/.local/bin:/home/kigawa/bin:/tank/var/user/dev/kigawa/kutil-bash/bin:/home/kigawa/.opencode/bin:/home/kigawa/.local/bin:/tank/var/user/dev/kigawa/kutil-bash/bin:/home/kigawa/.opencode/bin:/home/kigawa/.local/bin:/home/kigawa/.sdkman/candidates/kotlin/current/bin:/home/kigawa/.sdkman/candidates/java/current/bin:/home/kigawa/.local/bin:/home/kigawa/bin:/home/kigawa/.nvm/versions/node/v24.15.0/bin:/home/kigawa/.local/bin:/home/kigawa/bin:/usr/local/sbin:/usr/local/bin:/usr/sbin:/usr/bin:/sbin:/bin:/usr/games:/usr/local/games:/snap/bin:/snap/bin:/home/kigawa/.dotnet/tools:/home/kigawa/.local/share/JetBrains/Toolbox/scripts:/home/kigawa/.lmstudio/bin:/home/kigawa/.local/share/JetBrains/Toolbox/scripts:/home/kigawa/.lmstudio/bin:/usr/local/go/bin:/home/kigawa/go/bin:/home/kigawa/.lmstudio/bin:/usr/local/go/bin:/home/kigawa/go/bin:/home/kigawa/.lmstudio/bin:/home/kigawa/.local/share/JetBrains/Toolbox/scripts:/home/kigawa/.lmstudio/bin
USERNAME=kigawa
SHELL=/bin/bash
DISPLAY=:1
LANG=ja_JP.UTF-8
LC_NUMERIC=ja_JP.UTF-8
LC_TIME=ja_JP.UTF-8
TERM=tmux-256color

Active Locale:
LC_ALL=ja_JP.UTF-8
LC_COLLATE=ja_JP.UTF-8
LC_CTYPE=ja_JP.UTF-8
LC_MESSAGES=ja_JP.UTF-8
LC_MONETARY=ja_JP.UTF-8
LC_NUMERIC=ja_JP.UTF-8
LC_TIME=ja_JP.UTF-8

Signal Handlers:
   SIGSEGV: crash_handler in libjvm.so, mask=11100100010111111101111111111110, flags=SA_RESTART|SA_SIGINFO, unblocked
    SIGBUS: crash_handler in libjvm.so, mask=11100100010111111101111111111110, flags=SA_RESTART|SA_SIGINFO, unblocked
    SIGFPE: crash_handler in libjvm.so, mask=11100100010111111101111111111110, flags=SA_RESTART|SA_SIGINFO, unblocked
   SIGPIPE: javaSignalHandler in libjvm.so, mask=11100100010111111101111111111110, flags=SA_RESTART|SA_SIGINFO, blocked
   SIGXFSZ: javaSignalHandler in libjvm.so, mask=11100100010111111101111111111110, flags=SA_RESTART|SA_SIGINFO, blocked
    SIGILL: crash_handler in libjvm.so, mask=11100100010111111101111111111110, flags=SA_RESTART|SA_SIGINFO, unblocked
   SIGUSR2: SR_handler in libjvm.so, mask=00000000000000000000000000000000, flags=SA_RESTART|SA_SIGINFO, blocked
    SIGHUP: UserHandler in libjvm.so, mask=11100100010111111101111111111110, flags=SA_RESTART|SA_SIGINFO, blocked
    SIGINT: UserHandler in libjvm.so, mask=11100100010111111101111111111110, flags=SA_RESTART|SA_SIGINFO, blocked
   SIGTERM: UserHandler in libjvm.so, mask=11100100010111111101111111111110, flags=SA_RESTART|SA_SIGINFO, blocked
   SIGQUIT: UserHandler in libjvm.so, mask=11100100010111111101111111111110, flags=SA_RESTART|SA_SIGINFO, blocked
   SIGTRAP: crash_handler in libjvm.so, mask=11100100010111111101111111111110, flags=SA_RESTART|SA_SIGINFO, unblocked


Periodic native trim disabled

---------------  S Y S T E M  ---------------

OS:
DISTRIB_ID=Ubuntu
DISTRIB_RELEASE=24.04
DISTRIB_CODENAME=noble
DISTRIB_DESCRIPTION="Ubuntu 24.04.4 LTS"
uname: Linux 6.17.0-19-generic #19~24.04.2-Ubuntu SMP PREEMPT_DYNAMIC Fri Mar  6 23:08:46 UTC 2 x86_64
OS uptime: 8 days 9:10 hours
libc: glibc 2.39 NPTL 2.39 
rlimit (soft/hard): STACK 12500k/infinity , CORE 0k/infinity , NPROC 222634/222634 , NOFILE 1048576/1048576 , AS infinity/infinity , CPU infinity/infinity , DATA infinity/infinity , FSIZE infinity/infinity , MEMLOCK 7161168k/7161168k
load average: 3.87 6.09 9.33

/proc/meminfo:
MemTotal:       57289360 kB
MemFree:          572816 kB
MemAvailable:    9528548 kB
Buffers:            2036 kB
Cached:          5282752 kB
SwapCached:       365436 kB
Active:          7679760 kB
Inactive:       19521672 kB
Active(anon):    6459092 kB
Inactive(anon): 15586456 kB
Active(file):    1220668 kB
Inactive(file):  3935216 kB
Unevictable:       13108 kB
Mlocked:           13108 kB
SwapTotal:      25165816 kB
SwapFree:       20789612 kB
Zswap:                 0 kB
Zswapped:              0 kB
Dirty:               636 kB
Writeback:           684 kB
AnonPages:      21861556 kB
Mapped:          3790480 kB
Shmem:            115588 kB
KReclaimable:    4538636 kB
Slab:           12246896 kB
SReclaimable:    4538636 kB
SUnreclaim:      7708260 kB
KernelStack:       67168 kB
PageTables:       196836 kB
SecPageTables:      6464 kB
NFS_Unstable:          0 kB
Bounce:                0 kB
WritebackTmp:          0 kB
CommitLimit:    53810496 kB
Committed_AS:   48748728 kB
VmallocTotal:   34359738367 kB
VmallocUsed:     1527208 kB
VmallocChunk:          0 kB
Percpu:            37920 kB
HardwareCorrupted:     0 kB
AnonHugePages:      2048 kB
ShmemHugePages:        0 kB
ShmemPmdMapped:        0 kB
FileHugePages:         0 kB
FilePmdMapped:         0 kB
CmaTotal:              0 kB
CmaFree:               0 kB
Unaccepted:            0 kB
Balloon:               0 kB
HugePages_Total:       0
HugePages_Free:        0
HugePages_Rsvd:        0
HugePages_Surp:        0
Hugepagesize:       2048 kB
Hugetlb:               0 kB
DirectMap4k:    21547520 kB
DirectMap2M:    35827712 kB
DirectMap1G:     2097152 kB

/sys/kernel/mm/transparent_hugepage/enabled: always [madvise] never
/sys/kernel/mm/transparent_hugepage/hpage_pmd_size: 2097152
/sys/kernel/mm/transparent_hugepage/defrag (defrag/compaction efforts parameter): always defer defer+madvise [madvise] never

Process Memory:
Virtual Size: 15260544K (peak: 15260544K)
Resident Set Size: 2432060K (peak: 2432060K) (anon: 2407028K, file: 25032K, shmem: 0K)
Swapped out: 0K
C-Heap outstanding allocations: 297422K, retained: 695077K
glibc malloc tunables: (default)

/proc/sys/kernel/threads-max (system-wide limit on the number of threads): 445269
/proc/sys/vm/max_map_count (maximum number of memory map areas a process may have): 1048576
/proc/sys/vm/swappiness (control to define how aggressively the kernel swaps out anonymous memory): 60
/proc/sys/kernel/pid_max (system-wide limit on number of process identifiers): 4194304

container information not found.
Steal ticks since vm start: 0
Steal ticks percentage since vm start:  0.000

CPU: total 20 (initial active 20) (20 cores per cpu, 1 threads per core) family 6 model 151 stepping 2 microcode 0x3e, cx8, cmov, fxsr, mmx, 3dnowpref, sse, sse2, sse3, ssse3, sse4.1, sse4.2, popcnt, lzcnt, tsc, tscinvbit, avx, avx2, aes, erms, clmul, bmi1, bmi2, adx, sha, fma, vzeroupper, clflush, clflushopt, clwb, serialize, rdtscp, rdpid, fsrm, f16c, pku, ospke, cet_ibt, cet_ss
CPU Model and flags from /proc/cpuinfo:
model name	: 12th Gen Intel(R) Core(TM) i7-12700
flags		: fpu vme de pse tsc msr pae mce cx8 apic sep mtrr pge mca cmov pat pse36 clflush dts acpi mmx fxsr sse sse2 ss ht tm pbe syscall nx pdpe1gb rdtscp lm constant_tsc art arch_perfmon pebs bts rep_good nopl xtopology nonstop_tsc cpuid aperfmperf tsc_known_freq pni pclmulqdq dtes64 monitor ds_cpl vmx smx est tm2 ssse3 sdbg fma cx16 xtpr pdcm pcid sse4_1 sse4_2 x2apic movbe popcnt tsc_deadline_timer aes xsave avx f16c rdrand lahf_lm abm 3dnowprefetch cpuid_fault epb ssbd ibrs ibpb stibp ibrs_enhanced tpr_shadow flexpriority ept vpid ept_ad fsgsbase tsc_adjust bmi1 avx2 smep bmi2 erms invpcid rdseed adx smap clflushopt clwb intel_pt sha_ni xsaveopt xsavec xgetbv1 xsaves split_lock_detect user_shstk avx_vnni dtherm ida arat pln pts hwp hwp_notify hwp_act_window hwp_epp hwp_pkg_req hfi vnmi umip pku ospke waitpkg gfni vaes vpclmulqdq rdpid movdiri movdir64b fsrm md_clear serialize pconfig arch_lbr ibt flush_l1d arch_capabilities

Online cpus: 0-19
Offline cpus: 
BIOS frequency limitation: <Not Available>
Frequency switch latency (ns): 0
Available cpu frequencies: <Not Available>
Current governor: powersave
Core performance/turbo boost: <Not Available>

Memory: 4k page, physical 57289360k(9528548k free), swap 25165816k(20789612k free)
Page Sizes: 4k

vm_info: OpenJDK 64-Bit Server VM (21.0.10+7-LTS) for linux-amd64 JRE (21.0.10+7-LTS), built on 2026-01-20T00:00:00Z by "admin" with gcc 11.3.0

END.
